Date,Rented Bike Count,Hour,Temperature(°C),Humidity(%),Wind speed (m/s),Visibility (10m),Dew point temperature(°C),Solar Radiation (MJ/m2),Rainfall(mm),Snowfall (cm),Seasons,Holiday,Functioning Day
19/09/2018,0,0,21.0,66,0.4,2000,14.3,0.0,0.0,0.0,Autumn,No Holiday,No
19/09/2018,0,1,20.5,64,0.4,2000,13.4,0.0,0.0,0.0,Autumn,No Holiday,No
19/09/2018,0,2,20.0,70,0.2,2000,14.3,0.0,0.0,0.0,Autumn,No Holiday,No
19/09/2018,0,3,19.7,70,0.5,2000,14.0,0.0,0.0,0.0,Autumn,No Holiday,No
19/09/2018,0,4,19.5,70,0.5,2000,13.8,0.0,0.0,0.0,Autumn,No Holiday,No
19/09/2018,0,5,19.3,73,0.9,1782,14.3,0.0,0.0,0.0,Autumn,No Holiday,No
19/09/2018,0,6,19.0,76,0.3,1488,14.6,0.0,0.0,0.0,Autumn,No Holiday,No
19/09/2018,0,7,19.0,74,0.8,1650,14.2,0.03,0.0,0.0,Autumn,No Holiday,No
19/09/2018,0,8,19.8,71,1.1,1534,14.3,0.26,0.0,0.0,Autumn,No Holiday,No
19/09/2018,0,9,21.5,61,0.8,1774,13.6,0.92,0.0,0.0,Autumn,No Holiday,No
19/09/2018,0,10,22.9,59,1.1,1819,14.4,1.49,0.0,0.0,Autumn,No Holiday,No
19/09/2018,0,11,23.6,55,0.6,1723,14.0,1.01,0.0,0.0,Autumn,No Holiday,No
19/09/2018,0,12,24.9,51,1.2,1619,14.0,1.56,0.0,0.0,Autumn,No Holiday,No
19/09/2018,0,13,26.5,39,1.7,1560,11.4,2.15,0.0,0.0,Autumn,No Holiday,No
19/09/2018,0,14,26.1,40,1.2,1840,11.4,1.21,0.0,0.0,Autumn,No Holiday,No
19/09/2018,0,15,25.9,39,1.4,1836,10.8,0.9,0.0,0.0,Autumn,No Holiday,No
19/09/2018,0,16,25.6,41,1.2,1594,11.3,0.65,0.0,0.0,Autumn,No Holiday,No
19/09/2018,0,17,25.0,44,1.3,1883,11.8,0.36,0.0,0.0,Autumn,No Holiday,No
19/09/2018,0,18,24.0,55,2.2,1691,14.3,0.12,0.0,0.0,Autumn,No Holiday,No
19/09/2018,0,19,23.5,58,0.4,1836,14.7,0.0,0.0,0.0,Autumn,No Holiday,No
19/09/2018,0,20,22.6,67,0.3,1737,16.1,0.0,0.0,0.0,Autumn,No Holiday,No
19/09/2018,0,21,21.7,63,1.8,1078,14.3,0.0,0.1,0.0,Autumn,No Holiday,No
19/09/2018,0,22,20.9,71,1.6,1057,15.4,0.0,0.1,0.0,Autumn,No Holiday,No
19/09/2018,0,23,20.4,57,0.9,2000,11.5,0.0,0.0,0.0,Autumn,No Holiday,No
20/09/2018,886,0,20.1,58,0.3,2000,11.5,0.0,0.0,0.0,Autumn,No Holiday,Yes
20/09/2018,761,1,20.0,59,1.1,1999,11.7,0.0,0.0,0.0,Autumn,No Holiday,Yes
20/09/2018,524,2,19.9,64,1.5,1755,12.8,0.0,0.0,0.0,Autumn,No Holiday,Yes
20/09/2018,294,3,19.6,72,1.7,1140,14.4,0.0,0.0,0.0,Autumn,No Holiday,Yes
20/09/2018,241,4,19.6,74,1.4,847,14.8,0.0,0.0,0.0,Autumn,No Holiday,Yes
20/09/2018,137,5,19.5,74,1.8,1421,14.7,0.0,0.0,0.0,Autumn,No Holiday,Yes
20/09/2018,47,6,18.8,85,1.4,412,16.2,0.0,0.5,0.0,Autumn,No Holiday,Yes
20/09/2018,130,7,18.0,95,1.6,375,17.1,0.0,1.5,0.0,Autumn,No Holiday,Yes
20/09/2018,299,8,18.0,91,1.3,896,16.5,0.11,0.5,0.0,Autumn,No Holiday,Yes
20/09/2018,89,9,18.2,93,1.4,572,17.0,0.18,1.0,0.0,Autumn,No Holiday,Yes
20/09/2018,87,10,18.4,91,1.2,394,16.8,0.25,0.5,0.0,Autumn,No Holiday,Yes
20/09/2018,111,11,18.8,95,1.5,597,17.9,0.46,0.0,0.0,Autumn,No Holiday,Yes
20/09/2018,180,12,19.0,91,1.7,965,17.4,0.67,0.5,0.0,Autumn,No Holiday,Yes
20/09/2018,301,13,18.9,89,2.6,586,17.0,0.58,0.0,0.0,Autumn,No Holiday,Yes
20/09/2018,573,14,19.3,83,2.3,2000,16.3,0.83,0.5,0.0,Autumn,No Holiday,Yes
20/09/2018,696,15,19.4,79,1.4,2000,15.6,0.33,0.0,0.0,Autumn,No Holiday,Yes
20/09/2018,912,16,19.5,75,2.1,2000,14.9,0.38,0.0,0.0,Autumn,No Holiday,Yes
20/09/2018,1290,17,19.3,76,2.1,2000,14.9,0.21,0.0,0.0,Autumn,No Holiday,Yes
20/09/2018,1786,18,19.1,77,2.5,2000,14.9,0.08,0.0,0.0,Autumn,No Holiday,Yes
20/09/2018,1272,19,18.9,78,2.2,2000,14.9,0.0,0.0,0.0,Autumn,No Holiday,Yes
20/09/2018,898,20,19.1,77,2.2,1834,14.9,0.0,0.0,0.0,Autumn,No Holiday,Yes
20/09/2018,784,21,18.7,84,2.7,1744,15.9,0.0,0.0,0.0,Autumn,No Holiday,Yes
20/09/2018,1049,22,18.4,85,2.1,1772,15.8,0.0,0.0,0.0,Autumn,No Holiday,Yes
20/09/2018,935,23,18.7,80,1.7,2000,15.1,0.0,0.0,0.0,Autumn,No Holiday,Yes
21/09/2018,809,0,18.9,78,2.1,2000,14.9,0.0,0.0,0.0,Autumn,No Holiday,Yes
21/09/2018,674,1,19.0,78,1.6,2000,15.0,0.0,0.0,0.0,Autumn,No Holiday,Yes
21/09/2018,122,2,19.1,78,1.3,2000,15.1,0.0,0.0,0.0,Autumn,No Holiday,Yes
21/09/2018,28,3,18.5,88,1.2,659,16.4,0.0,1.5,0.0,Autumn,No Holiday,Yes
21/09/2018,24,4,17.9,95,1.7,1298,17.0,0.0,2.5,0.0,Autumn,No Holiday,Yes
21/09/2018,24,5,17.8,93,1.8,2000,16.6,0.0,0.5,0.0,Autumn,No Holiday,Yes
21/09/2018,23,6,17.6,95,1.7,974,16.7,0.0,1.5,0.0,Autumn,No Holiday,Yes
21/09/2018,45,7,17.6,96,1.7,310,16.9,0.0,5.0,0.0,Autumn,No Holiday,Yes
21/09/2018,127,8,17.8,97,2.0,1284,17.3,0.09,4.0,0.0,Autumn,No Holiday,Yes
21/09/2018,47,9,18.2,96,1.3,1251,17.5,0.21,1.0,0.0,Autumn,No Holiday,Yes
21/09/2018,78,10,18.4,96,2.0,1124,17.7,0.32,1.0,0.0,Autumn,No Holiday,Yes
21/09/2018,98,11,18.9,91,1.8,1938,17.3,0.64,0.5,0.0,Autumn,No Holiday,Yes
21/09/2018,143,12,19.1,91,2.0,1971,17.5,0.63,0.0,0.0,Autumn,No Holiday,Yes
21/09/2018,600,13,19.8,88,0.9,1796,17.7,0.65,0.0,0.0,Autumn,No Holiday,Yes
21/09/2018,972,14,21.4,76,1.4,2000,16.9,1.5,0.5,0.0,Autumn,No Holiday,Yes
21/09/2018,1288,15,21.8,76,1.4,2000,17.3,1.2,0.0,0.0,Autumn,No Holiday,Yes
21/09/2018,1550,16,21.5,78,1.2,2000,17.4,0.51,0.0,0.0,Autumn,No Holiday,Yes
21/09/2018,1904,17,21.2,77,1.2,2000,16.9,0.31,0.0,0.0,Autumn,No Holiday,Yes
21/09/2018,2235,18,20.9,77,0.6,2000,16.7,0.23,0.0,0.0,Autumn,No Holiday,Yes
21/09/2018,1720,19,20.3,81,1.0,2000,16.9,0.02,0.0,0.0,Autumn,No Holiday,Yes
21/09/2018,1551,20,20.0,82,0.4,2000,16.8,0.0,0.0,0.0,Autumn,No Holiday,Yes
21/09/2018,1540,21,19.9,82,0.6,2000,16.7,0.0,0.0,0.0,Autumn,No Holiday,Yes
21/09/2018,1493,22,19.7,82,0.5,2000,16.5,0.0,0.0,0.0,Autumn,No Holiday,Yes
21/09/2018,1171,23,19.5,82,0.6,2000,16.3,0.0,0.0,0.0,Autumn,No Holiday,Yes
22/09/2018,953,0,19.5,81,1.1,2000,16.1,0.0,0.0,0.0,Autumn,No Holiday,Yes
22/09/2018,875,1,19.5,83,1.5,1459,16.5,0.0,0.0,0.0,Autumn,No Holiday,Yes
22/09/2018,655,2,19.4,85,0.0,1533,16.8,0.0,0.0,0.0,Autumn,No Holiday,Yes
22/09/2018,458,3,18.8,90,1.0,1191,17.1,0.0,0.0,0.0,Autumn,No Holiday,Yes
22/09/2018,96,4,18.9,88,0.8,1226,16.8,0.0,0.0,0.0,Autumn,No Holiday,Yes
22/09/2018,93,5,18.8,96,0.2,973,18.1,0.0,6.5,0.0,Autumn,No Holiday,Yes
22/09/2018,215,6,18.4,95,0.1,752,17.5,0.0,0.0,0.0,Autumn,No Holiday,Yes
22/09/2018,363,7,18.1,96,0.9,557,17.4,0.04,0.0,0.0,Autumn,No Holiday,Yes
22/09/2018,654,8,18.2,86,0.0,858,15.8,0.48,0.0,0.0,Autumn,No Holiday,Yes
22/09/2018,810,9,19.7,78,1.3,740,15.7,1.17,0.0,0.0,Autumn,No Holiday,Yes
22/09/2018,925,10,21.8,67,1.9,878,15.3,1.88,0.0,0.0,Autumn,No Holiday,Yes
22/09/2018,1062,11,22.7,55,2.7,1297,13.1,1.86,0.0,0.0,Autumn,No Holiday,Yes
22/09/2018,1273,12,24.2,43,2.2,1798,10.8,2.31,0.0,0.0,Autumn,No Holiday,Yes
22/09/2018,1409,13,24.9,32,3.9,2000,7.0,2.57,0.0,0.0,Autumn,No Holiday,Yes
22/09/2018,1532,14,25.2,28,4.4,2000,5.3,2.76,0.0,0.0,Autumn,No Holiday,Yes
22/09/2018,1814,15,25.4,32,3.8,1980,7.4,2.42,0.0,0.0,Autumn,No Holiday,Yes
22/09/2018,1840,16,25.3,38,3.0,2000,9.9,1.88,0.0,0.0,Autumn,No Holiday,Yes
22/09/2018,2045,17,24.6,35,3.6,1990,8.1,1.2,0.0,0.0,Autumn,No Holiday,Yes
22/09/2018,1939,18,23.2,36,2.8,2000,7.2,0.47,0.0,0.0,Autumn,No Holiday,Yes
22/09/2018,1743,19,21.3,43,2.8,2000,8.2,0.02,0.0,0.0,Autumn,No Holiday,Yes
22/09/2018,1604,20,20.4,52,1.2,2000,10.2,0.0,0.0,0.0,Autumn,No Holiday,Yes
22/09/2018,1502,21,19.4,55,0.8,2000,10.1,0.0,0.0,0.0,Autumn,No Holiday,Yes
22/09/2018,1430,22,18.6,62,0.6,2000,11.1,0.0,0.0,0.0,Autumn,No Holiday,Yes
22/09/2018,1108,23,17.9,66,1.0,2000,11.4,0.0,0.0,0.0,Autumn,No Holiday,Yes
23/09/2018,880,0,17.2,69,0.6,2000,11.4,0.0,0.0,0.0,Autumn,Holiday,Yes
23/09/2018,644,1,16.4,66,0.1,2000,10.0,0.0,0.0,0.0,Autumn,Holiday,Yes
23/09/2018,489,2,16.0,72,1.3,2000,10.9,0.0,0.0,0.0,Autumn,Holiday,Yes
23/09/2018,334,3,15.8,70,0.8,2000,10.3,0.0,0.0,0.0,Autumn,Holiday,Yes
23/09/2018,202,4,16.2,69,0.7,2000,10.4,0.0,0.0,0.0,Autumn,Holiday,Yes
23/09/2018,106,5,16.3,67,0.8,2000,10.1,0.0,0.0,0.0,Autumn,Holiday,Yes
23/09/2018,144,6,16.5,73,1.2,2000,11.6,0.0,0.0,0.0,Autumn,Holiday,Yes
23/09/2018,261,7,16.5,74,0.4,2000,11.8,0.0,0.0,0.0,Autumn,Holiday,Yes
23/09/2018,439,8,17.0,69,1.2,2000,11.2,0.3,0.0,0.0,Autumn,Holiday,Yes
23/09/2018,534,9,18.4,59,1.0,1951,10.2,0.86,0.0,0.0,Autumn,Holiday,Yes
23/09/2018,620,10,19.3,59,0.2,2000,11.0,0.94,0.0,0.0,Autumn,Holiday,Yes
23/09/2018,764,11,20.1,57,3.0,1929,11.3,1.29,0.0,0.0,Autumn,Holiday,Yes
23/09/2018,915,12,20.8,52,1.2,1984,10.5,1.25,0.0,0.0,Autumn,Holiday,Yes
23/09/2018,1031,13,22.7,44,1.4,1913,9.8,1.77,0.0,0.0,Autumn,Holiday,Yes
23/09/2018,1136,14,24.2,40,1.2,1953,9.7,2.62,0.0,0.0,Autumn,Holiday,Yes
23/09/2018,1366,15,25.0,28,2.2,2000,5.2,2.39,0.0,0.0,Autumn,Holiday,Yes
23/09/2018,1502,16,24.6,29,4.0,1988,5.3,1.73,0.0,0.0,Autumn,Holiday,Yes
23/09/2018,1591,17,24.1,41,2.4,2000,10.0,1.17,0.0,0.0,Autumn,Holiday,Yes
23/09/2018,1492,18,22.3,53,2.7,2000,12.2,0.44,0.0,0.0,Autumn,Holiday,Yes
23/09/2018,1333,19,21.0,54,2.9,2000,11.3,0.01,0.0,0.0,Autumn,Holiday,Yes
23/09/2018,1287,20,20.2,48,3.3,2000,8.8,0.0,0.0,0.0,Autumn,Holiday,Yes
23/09/2018,1148,21,19.1,38,2.1,2000,4.4,0.0,0.0,0.0,Autumn,Holiday,Yes
23/09/2018,1074,22,18.5,40,2.5,2000,4.6,0.0,0.0,0.0,Autumn,Holiday,Yes
23/09/2018,768,23,17.7,45,1.1,2000,5.6,0.0,0.0,0.0,Autumn,Holiday,Yes
24/09/2018,620,0,17.2,50,1.7,2000,6.6,0.0,0.0,0.0,Autumn,Holiday,Yes
24/09/2018,426,1,16.8,53,2.0,2000,7.1,0.0,0.0,0.0,Autumn,Holiday,Yes
24/09/2018,302,2,16.1,57,0.7,2000,7.5,0.0,0.0,0.0,Autumn,Holiday,Yes
24/09/2018,216,3,15.5,63,0.3,2000,8.4,0.0,0.0,0.0,Autumn,Holiday,Yes
24/09/2018,141,4,14.9,68,0.9,2000,9.0,0.0,0.0,0.0,Autumn,Holiday,Yes
24/09/2018,105,5,14.4,66,0.3,2000,8.1,0.0,0.0,0.0,Autumn,Holiday,Yes
24/09/2018,141,6,14.3,66,0.5,2000,8.0,0.0,0.0,0.0,Autumn,Holiday,Yes
24/09/2018,205,7,14.7,61,2.1,2000,7.2,0.02,0.0,0.0,Autumn,Holiday,Yes
24/09/2018,296,8,15.4,52,2.2,1985,5.5,0.49,0.0,0.0,Autumn,Holiday,Yes
24/09/2018,310,9,17.0,43,2.1,1993,4.3,1.36,0.0,0.0,Autumn,Holiday,Yes
24/09/2018,426,10,18.5,38,3.3,2000,3.8,2.02,0.0,0.0,Autumn,Holiday,Yes
24/09/2018,588,11,19.4,31,4.1,1966,1.8,2.55,0.0,0.0,Autumn,Holiday,Yes
24/09/2018,754,12,20.3,34,2.6,2000,3.9,2.85,0.0,0.0,Autumn,Holiday,Yes
24/09/2018,885,13,20.9,30,3.5,2000,2.6,2.93,0.0,0.0,Autumn,Holiday,Yes
24/09/2018,1099,14,21.3,30,4.3,2000,3.0,2.78,0.0,0.0,Autumn,Holiday,Yes
24/09/2018,1273,15,21.8,32,3.3,2000,4.3,2.42,0.0,0.0,Autumn,Holiday,Yes
24/09/2018,1433,16,22.0,31,2.7,2000,4.0,1.87,0.0,0.0,Autumn,Holiday,Yes
24/09/2018,1442,17,21.6,32,3.1,2000,4.1,1.2,0.0,0.0,Autumn,Holiday,Yes
24/09/2018,1237,18,20.3,35,2.4,2000,4.3,0.46,0.0,0.0,Autumn,Holiday,Yes
24/09/2018,1280,19,18.6,54,2.7,2000,9.0,0.01,0.0,0.0,Autumn,Holiday,Yes
24/09/2018,1227,20,17.6,57,1.4,2000,8.9,0.0,0.0,0.0,Autumn,Holiday,Yes
24/09/2018,1145,21,16.8,58,1.2,2000,8.4,0.0,0.0,0.0,Autumn,Holiday,Yes
24/09/2018,958,22,16.6,47,3.9,2000,5.2,0.0,0.0,0.0,Autumn,Holiday,Yes
24/09/2018,750,23,15.7,51,0.4,2000,5.5,0.0,0.0,0.0,Autumn,Holiday,Yes
25/09/2018,558,0,14.7,55,1.6,2000,5.7,0.0,0.0,0.0,Autumn,Holiday,Yes
25/09/2018,408,1,13.8,60,0.8,2000,6.1,0.0,0.0,0.0,Autumn,Holiday,Yes
25/09/2018,292,2,13.4,62,0.2,2000,6.2,0.0,0.0,0.0,Autumn,Holiday,Yes
25/09/2018,222,3,12.7,67,0.5,2000,6.7,0.0,0.0,0.0,Autumn,Holiday,Yes
25/09/2018,157,4,12.0,69,0.5,2000,6.4,0.0,0.0,0.0,Autumn,Holiday,Yes
25/09/2018,105,5,11.5,70,0.5,2000,6.2,0.0,0.0,0.0,Autumn,Holiday,Yes
25/09/2018,132,6,11.2,70,0.9,2000,5.9,0.0,0.0,0.0,Autumn,Holiday,Yes
25/09/2018,262,7,10.8,72,0.9,2000,5.9,0.03,0.0,0.0,Autumn,Holiday,Yes
25/09/2018,440,8,12.0,61,1.3,1988,4.6,0.6,0.0,0.0,Autumn,Holiday,Yes
25/09/2018,542,9,15.3,49,1.0,2000,4.6,1.34,0.0,0.0,Autumn,Holiday,Yes
25/09/2018,667,10,18.0,44,1.3,1984,5.5,1.99,0.0,0.0,Autumn,Holiday,Yes
25/09/2018,853,11,20.1,40,1.6,1985,6.0,2.47,0.0,0.0,Autumn,Holiday,Yes
25/09/2018,1045,12,21.7,36,2.0,2000,5.9,2.78,0.0,0.0,Autumn,Holiday,Yes
25/09/2018,1309,13,22.9,30,2.0,2000,4.3,2.9,0.0,0.0,Autumn,Holiday,Yes
25/09/2018,1522,14,23.7,28,1.4,2000,4.0,2.77,0.0,0.0,Autumn,Holiday,Yes
25/09/2018,1747,15,24.1,26,1.6,2000,3.3,2.38,0.0,0.0,Autumn,Holiday,Yes
25/09/2018,1955,16,24.2,28,1.7,2000,4.5,1.86,0.0,0.0,Autumn,Holiday,Yes
25/09/2018,2033,17,22.9,33,1.4,2000,5.7,0.83,0.0,0.0,Autumn,Holiday,Yes
25/09/2018,1885,18,21.6,37,1.0,2000,6.2,0.24,0.0,0.0,Autumn,Holiday,Yes
25/09/2018,1608,19,20.3,39,0.6,2000,5.8,0.0,0.0,0.0,Autumn,Holiday,Yes
25/09/2018,1583,20,19.3,45,0.4,2000,7.0,0.0,0.0,0.0,Autumn,Holiday,Yes
25/09/2018,1565,21,18.5,48,1.0,2000,7.2,0.0,0.0,0.0,Autumn,Holiday,Yes
25/09/2018,1418,22,17.7,52,1.0,2000,7.7,0.0,0.0,0.0,Autumn,Holiday,Yes
25/09/2018,1042,23,17.4,49,1.2,2000,6.5,0.0,0.0,0.0,Autumn,Holiday,Yes
26/09/2018,880,0,17.0,51,1.5,2000,6.7,0.0,0.0,0.0,Autumn,No Holiday,Yes
26/09/2018,594,1,16.6,53,1.7,2000,6.9,0.0,0.0,0.0,Autumn,No Holiday,Yes
26/09/2018,453,2,16.6,54,1.5,2000,7.2,0.0,0.0,0.0,Autumn,No Holiday,Yes
26/09/2018,355,3,16.5,57,1.6,2000,7.9,0.0,0.0,0.0,Autumn,No Holiday,Yes
26/09/2018,222,4,16.4,59,1.7,2000,8.3,0.0,0.0,0.0,Autumn,No Holiday,Yes
26/09/2018,150,5,16.3,61,1.5,2000,8.7,0.0,0.0,0.0,Autumn,No Holiday,Yes
26/09/2018,230,6,16.3,62,2.1,2000,8.9,0.0,0.0,0.0,Autumn,No Holiday,Yes
26/09/2018,335,7,16.3,62,2.0,2000,8.9,0.01,0.0,0.0,Autumn,No Holiday,Yes
26/09/2018,598,8,16.7,60,2.0,2000,8.8,0.2,0.0,0.0,Autumn,No Holiday,Yes
26/09/2018,680,9,17.7,54,1.8,2000,8.2,0.63,0.0,0.0,Autumn,No Holiday,Yes
26/09/2018,923,10,19.4,47,2.3,2000,7.7,1.45,0.0,0.0,Autumn,No Holiday,Yes
26/09/2018,1152,11,20.5,42,2.1,1981,7.1,1.59,0.0,0.0,Autumn,No Holiday,Yes
26/09/2018,1358,12,22.5,37,1.8,2000,7.0,2.5,0.0,0.0,Autumn,No Holiday,Yes
26/09/2018,1686,13,23.4,34,2.1,2000,6.6,2.84,0.0,0.0,Autumn,No Holiday,Yes
26/09/2018,1972,14,24.1,33,1.3,2000,6.8,2.52,0.0,0.0,Autumn,No Holiday,Yes
26/09/2018,2170,15,24.7,35,1.2,2000,8.1,2.28,0.0,0.0,Autumn,No Holiday,Yes
26/09/2018,2270,16,24.4,35,1.8,2000,7.9,1.71,0.0,0.0,Autumn,No Holiday,Yes
26/09/2018,2349,17,23.6,38,1.4,2000,8.4,1.04,0.0,0.0,Autumn,No Holiday,Yes
26/09/2018,2339,18,22.1,45,1.5,2000,9.6,0.27,0.0,0.0,Autumn,No Holiday,Yes
26/09/2018,1937,19,20.7,46,1.0,2000,8.6,0.02,0.0,0.0,Autumn,No Holiday,Yes
26/09/2018,1653,20,20.0,46,2.0,2000,8.0,0.0,0.0,0.0,Autumn,No Holiday,Yes
26/09/2018,1529,21,18.9,43,2.0,2000,6.0,0.0,0.0,0.0,Autumn,No Holiday,Yes
26/09/2018,1249,22,18.1,43,1.7,2000,5.3,0.0,0.0,0.0,Autumn,No Holiday,Yes
26/09/2018,934,23,17.4,46,2.1,2000,5.6,0.0,0.0,0.0,Autumn,No Holiday,Yes
27/09/2018,770,0,16.7,50,1.7,2000,6.2,0.0,0.0,0.0,Autumn,No Holiday,Yes
27/09/2018,488,1,16.1,53,1.4,2000,6.5,0.0,0.0,0.0,Autumn,No Holiday,Yes
27/09/2018,326,2,15.7,53,1.4,2000,6.1,0.0,0.0,0.0,Autumn,No Holiday,Yes
27/09/2018,178,3,14.9,57,1.1,2000,6.4,0.0,0.0,0.0,Autumn,No Holiday,Yes
27/09/2018,151,4,14.4,58,1.1,2000,6.2,0.0,0.0,0.0,Autumn,No Holiday,Yes
27/09/2018,207,5,13.9,60,0.6,2000,6.2,0.0,0.0,0.0,Autumn,No Holiday,Yes
27/09/2018,589,6,13.4,61,0.8,2000,6.0,0.0,0.0,0.0,Autumn,No Holiday,Yes
27/09/2018,1364,7,13.2,60,0.5,2000,5.5,0.02,0.0,0.0,Autumn,No Holiday,Yes
27/09/2018,2129,8,14.8,51,1.1,2000,4.7,0.59,0.0,0.0,Autumn,No Holiday,Yes
27/09/2018,1120,9,17.7,48,1.5,2000,6.5,1.3,0.0,0.0,Autumn,No Holiday,Yes
27/09/2018,907,10,19.9,47,1.8,1989,8.2,1.93,0.0,0.0,Autumn,No Holiday,Yes
27/09/2018,1019,11,21.3,43,1.7,1998,8.2,2.42,0.0,0.0,Autumn,No Holiday,Yes
27/09/2018,1189,12,23.2,42,1.4,2000,9.5,2.73,0.0,0.0,Autumn,No Holiday,Yes
27/09/2018,1191,13,23.0,39,1.7,2000,8.2,2.28,0.0,0.0,Autumn,No Holiday,Yes
27/09/2018,1305,14,24.6,34,1.5,2000,7.6,2.74,0.0,0.0,Autumn,No Holiday,Yes
27/09/2018,1404,15,23.4,35,1.4,2000,7.0,1.39,0.0,0.0,Autumn,No Holiday,Yes
27/09/2018,1636,16,23.6,31,1.1,2000,5.4,1.37,0.0,0.0,Autumn,No Holiday,Yes
27/09/2018,2189,17,24.3,31,1.5,2000,6.0,1.17,0.0,0.0,Autumn,No Holiday,Yes
27/09/2018,3154,18,22.5,38,0.8,2000,7.4,0.31,0.0,0.0,Autumn,No Holiday,Yes
27/09/2018,2422,19,20.6,44,0.7,2000,7.9,0.01,0.0,0.0,Autumn,No Holiday,Yes
27/09/2018,2098,20,19.5,47,1.2,2000,7.8,0.0,0.0,0.0,Autumn,No Holiday,Yes
27/09/2018,1930,21,18.7,48,1.3,2000,7.4,0.0,0.0,0.0,Autumn,No Holiday,Yes
27/09/2018,1801,22,17.9,50,1.0,2000,7.3,0.0,0.0,0.0,Autumn,No Holiday,Yes
27/09/2018,1222,23,17.7,51,1.4,2000,7.4,0.0,0.0,0.0,Autumn,No Holiday,Yes
28/09/2018,0,0,17.1,52,1.4,2000,7.1,0.0,0.0,0.0,Autumn,No Holiday,No
28/09/2018,0,1,16.5,53,1.5,2000,6.8,0.0,0.0,0.0,Autumn,No Holiday,No
28/09/2018,0,2,16.0,56,1.5,2000,7.2,0.0,0.0,0.0,Autumn,No Holiday,No
28/09/2018,0,3,15.3,59,1.6,2000,7.3,0.0,0.0,0.0,Autumn,No Holiday,No
28/09/2018,0,4,14.7,62,1.5,2000,7.4,0.0,0.0,0.0,Autumn,No Holiday,No
28/09/2018,0,5,14.5,60,1.4,2000,6.8,0.0,0.0,0.0,Autumn,No Holiday,No
28/09/2018,0,6,14.4,61,1.2,2000,6.9,0.0,0.0,0.0,Autumn,No Holiday,No
28/09/2018,0,7,14.5,62,1.5,2000,7.2,0.03,0.0,0.0,Autumn,No Holiday,No
28/09/2018,0,8,15.2,58,1.7,2000,6.9,0.29,0.0,0.0,Autumn,No Holiday,No
28/09/2018,0,9,16.5,50,1.2,2000,6.0,0.66,0.0,0.0,Autumn,No Holiday,No
28/09/2018,0,10,17.4,51,1.3,1989,7.1,0.81,0.0,0.0,Autumn,No Holiday,No
28/09/2018,0,11,17.9,54,1.4,2000,8.4,0.73,0.0,0.0,Autumn,No Holiday,No
28/09/2018,0,12,19.0,52,1.2,2000,8.9,0.98,0.0,0.0,Autumn,No Holiday,No
28/09/2018,0,13,19.1,53,1.4,2000,9.2,0.76,0.0,0.0,Autumn,No Holiday,No
28/09/2018,0,14,19.4,53,1.4,2000,9.5,0.68,0.0,0.0,Autumn,No Holiday,No
28/09/2018,0,15,20.3,52,1.3,2000,10.1,1.15,0.0,0.0,Autumn,No Holiday,No
28/09/2018,0,16,21.9,46,1.2,1995,9.7,1.67,0.0,0.0,Autumn,No Holiday,No
28/09/2018,0,17,21.7,52,1.1,2000,11.4,0.79,0.0,0.0,Autumn,No Holiday,No
28/09/2018,0,18,20.4,56,1.7,2000,11.3,0.2,0.0,0.0,Autumn,No Holiday,No
28/09/2018,0,19,19.3,61,0.8,2000,11.5,0.01,0.0,0.0,Autumn,No Holiday,No
28/09/2018,0,20,18.0,67,0.7,2000,11.7,0.0,0.0,0.0,Autumn,No Holiday,No
28/09/2018,0,21,17.8,66,1.1,2000,11.3,0.0,0.0,0.0,Autumn,No Holiday,No
28/09/2018,0,22,17.1,70,1.0,2000,11.5,0.0,0.0,0.0,Autumn,No Holiday,No
28/09/2018,0,23,16.6,69,1.0,2000,10.8,0.0,0.0,0.0,Autumn,No Holiday,No
29/09/2018,1037,0,16.6,69,1.0,2000,10.8,0.0,0.0,0.0,Autumn,No Holiday,Yes
29/09/2018,982,1,16.2,71,0.9,2000,10.9,0.0,0.0,0.0,Autumn,No Holiday,Yes
29/09/2018,690,2,15.8,71,1.1,2000,10.5,0.0,0.0,0.0,Autumn,No Holiday,Yes
29/09/2018,493,3,15.5,73,1.0,2000,10.6,0.0,0.0,0.0,Autumn,No Holiday,Yes
29/09/2018,301,4,15.4,74,0.9,2000,10.7,0.0,0.0,0.0,Autumn,No Holiday,Yes
29/09/2018,208,5,15.0,77,0.5,2000,10.9,0.0,0.0,0.0,Autumn,No Holiday,Yes
29/09/2018,290,6,14.6,81,1.0,2000,11.3,0.0,0.0,0.0,Autumn,No Holiday,Yes
29/09/2018,513,7,14.7,76,0.8,2000,10.5,0.02,0.0,0.0,Autumn,No Holiday,Yes
29/09/2018,848,8,15.7,65,1.2,2000,9.1,0.54,0.0,0.0,Autumn,No Holiday,Yes
29/09/2018,1076,9,18.3,58,1.4,1958,9.8,1.24,0.0,0.0,Autumn,No Holiday,Yes
29/09/2018,1071,10,20.8,52,1.5,2000,10.5,1.88,0.0,0.0,Autumn,No Holiday,Yes
29/09/2018,1284,11,22.3,50,1.3,2000,11.3,2.36,0.0,0.0,Autumn,No Holiday,Yes
29/09/2018,1495,12,23.8,44,1.7,2000,10.8,2.66,0.0,0.0,Autumn,No Holiday,Yes
29/09/2018,1752,13,24.9,40,1.4,2000,10.3,2.75,0.0,0.0,Autumn,No Holiday,Yes
29/09/2018,1892,14,26.2,33,1.8,2000,8.6,2.62,0.0,0.0,Autumn,No Holiday,Yes
29/09/2018,2065,15,26.5,33,1.4,2000,8.9,2.25,0.0,0.0,Autumn,No Holiday,Yes
29/09/2018,2254,16,26.6,34,1.3,2000,9.4,1.69,0.0,0.0,Autumn,No Holiday,Yes
29/09/2018,2432,17,26.3,31,1.0,2000,7.8,1.03,0.0,0.0,Autumn,No Holiday,Yes
29/09/2018,2397,18,24.8,41,0.5,2000,10.6,0.33,0.0,0.0,Autumn,No Holiday,Yes
29/09/2018,2021,19,22.5,43,0.4,2000,9.2,0.0,0.0,0.0,Autumn,No Holiday,Yes
29/09/2018,1835,20,21.3,46,0.1,2000,9.2,0.0,0.0,0.0,Autumn,No Holiday,Yes
29/09/2018,1781,21,20.1,54,1.2,2000,10.4,0.0,0.0,0.0,Autumn,No Holiday,Yes
29/09/2018,1501,22,19.3,55,0.5,2000,10.0,0.0,0.0,0.0,Autumn,No Holiday,Yes
29/09/2018,1229,23,18.6,59,0.7,2000,10.4,0.0,0.0,0.0,Autumn,No Holiday,Yes
30/09/2018,0,0,18.1,60,0.2,2000,10.2,0.0,0.0,0.0,Autumn,No Holiday,No
30/09/2018,0,1,17.5,66,0.5,2000,11.0,0.0,0.0,0.0,Autumn,No Holiday,No
30/09/2018,0,2,17.3,68,0.7,2000,11.3,0.0,0.0,0.0,Autumn,No Holiday,No
30/09/2018,0,3,17.0,70,0.9,2000,11.4,0.0,0.0,0.0,Autumn,No Holiday,No
30/09/2018,0,4,16.6,73,0.3,2000,11.7,0.0,0.0,0.0,Autumn,No Holiday,No
30/09/2018,0,5,16.1,78,0.4,2000,12.2,0.0,0.0,0.0,Autumn,No Holiday,No
30/09/2018,0,6,15.5,80,0.4,2000,12.0,0.0,0.0,0.0,Autumn,No Holiday,No
30/09/2018,0,7,15.1,81,0.8,1939,11.8,0.03,0.0,0.0,Autumn,No Holiday,No
30/09/2018,0,8,16.2,69,1.1,2000,10.4,0.54,0.0,0.0,Autumn,No Holiday,No
30/09/2018,0,9,18.5,62,0.5,1847,11.0,1.0,0.0,0.0,Autumn,No Holiday,No
30/09/2018,0,10,20.7,62,1.3,1679,13.1,1.41,0.0,0.0,Autumn,No Holiday,No
30/09/2018,0,11,20.2,63,2.8,1195,12.9,1.25,0.0,0.0,Autumn,No Holiday,No
30/09/2018,0,12,20.8,47,3.1,1665,9.0,2.0,0.0,0.0,Autumn,No Holiday,No
30/09/2018,0,13,21.1,42,4.6,1954,7.6,2.74,0.0,0.0,Autumn,No Holiday,No
30/09/2018,0,14,21.1,32,4.4,1999,3.7,2.48,0.0,0.0,Autumn,No Holiday,No
30/09/2018,0,15,21.3,32,3.8,2000,3.9,2.31,0.0,0.0,Autumn,No Holiday,No
30/09/2018,0,16,21.2,28,3.2,2000,1.9,1.77,0.0,0.0,Autumn,No Holiday,No
30/09/2018,0,17,20.4,31,3.2,2000,2.6,1.06,0.0,0.0,Autumn,No Holiday,No
30/09/2018,0,18,18.3,34,3.3,2000,2.1,0.36,0.0,0.0,Autumn,No Holiday,No
30/09/2018,0,19,17.1,35,2.9,2000,1.4,0.0,0.0,0.0,Autumn,No Holiday,No
30/09/2018,0,20,16.0,39,2.9,2000,2.0,0.0,0.0,0.0,Autumn,No Holiday,No
30/09/2018,0,21,15.2,40,3.0,2000,1.6,0.0,0.0,0.0,Autumn,No Holiday,No
30/09/2018,0,22,14.6,46,2.2,2000,3.0,0.0,0.0,0.0,Autumn,No Holiday,No
30/09/2018,0,23,14.1,53,2.1,2000,4.6,0.0,0.0,0.0,Autumn,No Holiday,No
01/10/2018,680,0,14.1,55,2.6,2000,5.1,0.0,0.0,0.0,Autumn,No Holiday,Yes
01/10/2018,402,1,13.9,57,2.0,2000,5.5,0.0,0.0,0.0,Autumn,No Holiday,Yes
01/10/2018,262,2,13.9,56,2.4,2000,5.2,0.0,0.0,0.0,Autumn,No Holiday,Yes
01/10/2018,179,3,13.6,56,1.6,2000,4.9,0.0,0.0,0.0,Autumn,No Holiday,Yes
01/10/2018,143,4,13.7,56,1.9,2000,5.0,0.0,0.0,0.0,Autumn,No Holiday,Yes
01/10/2018,246,5,13.7,57,1.8,1999,5.3,0.0,0.0,0.0,Autumn,No Holiday,Yes
01/10/2018,632,6,13.3,56,2.3,2000,4.6,0.0,0.0,0.0,Autumn,No Holiday,Yes
01/10/2018,1429,7,13.1,58,2.1,1997,5.0,0.03,0.0,0.0,Autumn,No Holiday,Yes
01/10/2018,2101,8,13.7,54,2.4,1960,4.5,0.39,0.0,0.0,Autumn,No Holiday,Yes
01/10/2018,1106,9,14.9,50,3.4,1989,4.5,1.08,0.0,0.0,Autumn,No Holiday,Yes
01/10/2018,856,10,16.3,47,3.6,1815,4.9,1.93,0.0,0.0,Autumn,No Holiday,Yes
01/10/2018,959,11,17.0,45,4.5,1966,4.9,2.04,0.0,0.0,Autumn,No Holiday,Yes
01/10/2018,1138,12,18.4,40,3.5,1958,4.5,2.28,0.0,0.0,Autumn,No Holiday,Yes
01/10/2018,1087,13,17.6,49,4.7,2000,6.7,1.89,0.0,0.0,Autumn,No Holiday,Yes
01/10/2018,1137,14,19.3,36,3.5,1986,3.8,2.28,0.0,0.0,Autumn,No Holiday,Yes
01/10/2018,1258,15,19.0,40,3.8,1983,5.0,1.96,0.0,0.0,Autumn,No Holiday,Yes
01/10/2018,1357,16,17.7,47,3.4,2000,6.2,0.81,0.0,0.0,Autumn,No Holiday,Yes
01/10/2018,1799,17,17.2,53,2.9,2000,7.5,0.25,0.0,0.0,Autumn,No Holiday,Yes
01/10/2018,2857,18,16.6,61,2.9,2000,9.0,0.16,0.0,0.0,Autumn,No Holiday,Yes
01/10/2018,2122,19,16.2,62,2.2,2000,8.9,0.0,0.0,0.0,Autumn,No Holiday,Yes
01/10/2018,1824,20,15.4,63,2.1,2000,8.3,0.0,0.0,0.0,Autumn,No Holiday,Yes
01/10/2018,1777,21,14.6,66,4.0,2000,8.3,0.0,0.0,0.0,Autumn,No Holiday,Yes
01/10/2018,1501,22,13.9,69,0.5,2000,8.2,0.0,0.0,0.0,Autumn,No Holiday,Yes
01/10/2018,1057,23,13.4,69,3.7,2000,7.8,0.0,0.0,0.0,Autumn,No Holiday,Yes
02/10/2018,0,0,13.0,72,1.8,1987,8.0,0.0,0.0,0.0,Autumn,No Holiday,No
02/10/2018,0,1,12.5,74,1.9,1992,7.9,0.0,0.0,0.0,Autumn,No Holiday,No
02/10/2018,0,2,12.3,75,1.6,1840,7.9,0.0,0.0,0.0,Autumn,No Holiday,No
02/10/2018,0,3,11.8,78,0.3,1843,8.0,0.0,0.0,0.0,Autumn,No Holiday,No
02/10/2018,0,4,11.2,80,0.3,1236,7.8,0.0,0.0,0.0,Autumn,No Holiday,No
02/10/2018,0,5,10.8,82,0.3,1778,7.8,0.0,0.0,0.0,Autumn,No Holiday,No
02/10/2018,0,6,10.6,81,0.0,1798,7.4,0.0,0.0,0.0,Autumn,No Holiday,No
02/10/2018,0,7,10.4,81,0.3,1956,7.2,0.02,0.0,0.0,Autumn,No Holiday,No
02/10/2018,0,8,11.2,69,0.9,1714,5.7,0.49,0.0,0.0,Autumn,No Holiday,No
02/10/2018,0,9,13.9,66,1.6,1427,7.6,1.11,0.0,0.0,Autumn,No Holiday,No
02/10/2018,0,10,16.7,58,2.4,1554,8.3,1.81,0.0,0.0,Autumn,No Holiday,No
02/10/2018,0,11,18.3,44,3.0,1878,5.8,2.35,0.0,0.0,Autumn,No Holiday,No
02/10/2018,0,12,19.4,41,3.1,1956,5.7,2.67,0.0,0.0,Autumn,No Holiday,No
02/10/2018,0,13,20.4,36,2.6,1776,4.8,2.71,0.0,0.0,Autumn,No Holiday,No
02/10/2018,0,14,21.5,39,2.5,1691,6.9,2.56,0.0,0.0,Autumn,No Holiday,No
02/10/2018,0,15,21.8,38,2.6,1913,6.8,2.22,0.0,0.0,Autumn,No Holiday,No
02/10/2018,0,16,21.7,36,3.2,1929,5.9,1.64,0.0,0.0,Autumn,No Holiday,No
02/10/2018,0,17,21.2,40,2.4,2000,7.0,0.98,0.0,0.0,Autumn,No Holiday,No
02/10/2018,0,18,19.2,48,2.2,2000,7.9,0.28,0.0,0.0,Autumn,No Holiday,No
02/10/2018,0,19,17.6,57,1.7,2000,8.9,0.0,0.0,0.0,Autumn,No Holiday,No
02/10/2018,0,20,16.8,62,2.0,2000,9.4,0.0,0.0,0.0,Autumn,No Holiday,No
02/10/2018,0,21,16.2,65,1.5,2000,9.6,0.0,0.0,0.0,Autumn,No Holiday,No
02/10/2018,0,22,15.5,69,0.8,1987,9.8,0.0,0.0,0.0,Autumn,No Holiday,No
02/10/2018,0,23,14.8,68,0.1,1994,8.9,0.0,0.0,0.0,Autumn,No Holiday,No
03/10/2018,1040,0,14.5,74,0.4,2000,9.9,0.0,0.0,0.0,Autumn,Holiday,Yes
03/10/2018,882,1,13.8,75,0.5,2000,9.4,0.0,0.0,0.0,Autumn,Holiday,Yes
03/10/2018,685,2,13.2,77,1.2,1972,9.2,0.0,0.0,0.0,Autumn,Holiday,Yes
03/10/2018,497,3,12.6,78,0.6,1907,8.8,0.0,0.0,0.0,Autumn,Holiday,Yes
03/10/2018,284,4,12.1,80,1.2,1834,8.7,0.0,0.0,0.0,Autumn,Holiday,Yes
03/10/2018,173,5,11.8,82,1.1,1878,8.8,0.0,0.0,0.0,Autumn,Holiday,Yes
03/10/2018,278,6,11.4,84,0.3,1742,8.7,0.0,0.0,0.0,Autumn,Holiday,Yes
03/10/2018,440,7,11.2,85,0.3,1593,8.7,0.02,0.0,0.0,Autumn,Holiday,Yes
03/10/2018,762,8,11.8,73,1.0,1649,7.1,0.49,0.0,0.0,Autumn,Holiday,Yes
03/10/2018,966,9,14.4,61,0.7,1340,6.9,1.21,0.0,0.0,Autumn,Holiday,Yes
03/10/2018,1113,10,17.3,53,0.7,1406,7.6,1.83,0.0,0.0,Autumn,Holiday,Yes
03/10/2018,1248,11,20.3,46,1.6,1409,8.2,2.29,0.0,0.0,Autumn,Holiday,Yes
03/10/2018,1634,12,21.4,40,1.4,1973,7.2,2.53,0.0,0.0,Autumn,Holiday,Yes
03/10/2018,1849,13,22.5,40,2.6,1854,8.2,2.64,0.0,0.0,Autumn,Holiday,Yes
03/10/2018,1995,14,23.4,35,1.6,1972,7.0,2.51,0.0,0.0,Autumn,Holiday,Yes
03/10/2018,2200,15,24.1,34,2.0,1996,7.2,2.14,0.0,0.0,Autumn,Holiday,Yes
03/10/2018,2112,16,24.0,34,2.7,2000,7.1,1.62,0.0,0.0,Autumn,Holiday,Yes
03/10/2018,2400,17,23.3,36,1.7,1960,7.3,0.95,0.0,0.0,Autumn,Holiday,Yes
03/10/2018,2235,18,21.5,43,1.8,2000,8.3,0.26,0.0,0.0,Autumn,Holiday,Yes
03/10/2018,1792,19,20.0,49,1.5,2000,8.9,0.0,0.0,0.0,Autumn,Holiday,Yes
03/10/2018,1744,20,18.6,55,1.5,2000,9.3,0.0,0.0,0.0,Autumn,Holiday,Yes
03/10/2018,1594,21,17.6,59,1.6,2000,9.4,0.0,0.0,0.0,Autumn,Holiday,Yes
03/10/2018,1393,22,16.9,63,0.2,2000,9.8,0.0,0.0,0.0,Autumn,Holiday,Yes
03/10/2018,1033,23,16.1,63,0.6,2000,9.0,0.0,0.0,0.0,Autumn,Holiday,Yes
04/10/2018,0,0,15.5,65,0.8,2000,8.9,0.0,0.0,0.0,Autumn,No Holiday,No
04/10/2018,0,1,14.7,69,0.6,2000,9.0,0.0,0.0,0.0,Autumn,No Holiday,No
04/10/2018,0,2,14.0,73,0.5,1992,9.2,0.0,0.0,0.0,Autumn,No Holiday,No
04/10/2018,0,3,13.6,75,0.8,1960,9.2,0.0,0.0,0.0,Autumn,No Holiday,No
04/10/2018,0,4,13.3,75,0.4,1792,8.9,0.0,0.0,0.0,Autumn,No Holiday,No
04/10/2018,0,5,13.2,73,0.9,1857,8.4,0.0,0.0,0.0,Autumn,No Holiday,No
04/10/2018,0,6,13.2,73,1.1,1900,8.4,0.0,0.0,0.0,Autumn,No Holiday,No
04/10/2018,0,7,13.2,75,0.8,1780,8.8,0.01,0.0,0.0,Autumn,No Holiday,No
04/10/2018,0,8,13.9,68,0.9,1912,8.0,0.34,0.0,0.0,Autumn,No Holiday,No
04/10/2018,0,9,16.7,58,1.8,1821,8.3,1.22,0.0,0.0,Autumn,No Holiday,No
04/10/2018,0,10,19.0,49,1.7,1980,8.0,1.73,0.0,0.0,Autumn,No Holiday,No
04/10/2018,0,11,21.3,41,1.9,1963,7.5,2.36,0.0,0.0,Autumn,No Holiday,No
04/10/2018,0,12,23.2,38,1.7,1990,8.0,2.44,0.0,0.0,Autumn,No Holiday,No
04/10/2018,0,13,23.4,39,1.4,2000,8.6,1.72,0.0,0.0,Autumn,No Holiday,No
04/10/2018,0,14,24.3,39,1.7,2000,9.4,2.18,0.0,0.0,Autumn,No Holiday,No
04/10/2018,0,15,25.3,39,1.6,2000,10.3,1.88,0.0,0.0,Autumn,No Holiday,No
04/10/2018,0,16,25.1,41,1.0,2000,10.9,1.22,0.0,0.0,Autumn,No Holiday,No
04/10/2018,0,17,24.2,44,1.5,2000,11.1,0.58,0.0,0.0,Autumn,No Holiday,No
04/10/2018,0,18,23.1,48,1.3,2000,11.4,0.2,0.0,0.0,Autumn,No Holiday,No
04/10/2018,0,19,22.3,50,1.4,2000,11.3,0.0,0.0,0.0,Autumn,No Holiday,No
04/10/2018,0,20,21.3,53,1.8,2000,11.3,0.0,0.0,0.0,Autumn,No Holiday,No
04/10/2018,0,21,20.5,57,2.0,2000,11.6,0.0,0.0,0.0,Autumn,No Holiday,No
04/10/2018,0,22,19.8,60,1.6,2000,11.8,0.0,0.0,0.0,Autumn,No Holiday,No
04/10/2018,0,23,19.4,62,1.7,2000,11.9,0.0,0.0,0.0,Autumn,No Holiday,No
05/10/2018,973,0,19.0,64,1.9,2000,12.0,0.0,0.0,0.0,Autumn,No Holiday,Yes
05/10/2018,735,1,18.6,66,1.7,2000,12.1,0.0,0.0,0.0,Autumn,No Holiday,Yes
05/10/2018,515,2,18.2,64,2.0,2000,11.2,0.0,0.0,0.0,Autumn,No Holiday,Yes
05/10/2018,329,3,18.0,61,1.8,2000,10.3,0.0,0.0,0.0,Autumn,No Holiday,Yes
05/10/2018,221,4,17.7,57,1.3,2000,9.0,0.0,0.0,0.0,Autumn,No Holiday,Yes
05/10/2018,223,5,17.6,57,1.1,2000,8.9,0.0,0.0,0.0,Autumn,No Holiday,Yes
05/10/2018,531,6,17.7,55,1.5,2000,8.5,0.0,0.0,0.0,Autumn,No Holiday,Yes
05/10/2018,282,7,17.7,56,1.3,2000,8.8,0.0,0.0,0.0,Autumn,No Holiday,Yes
05/10/2018,208,8,16.9,72,1.3,2000,11.8,0.04,0.3,0.0,Autumn,No Holiday,Yes
05/10/2018,47,9,16.3,85,1.8,942,13.7,0.13,1.2,0.0,Autumn,No Holiday,Yes
05/10/2018,33,10,15.8,89,1.8,742,13.9,0.18,1.5,0.0,Autumn,No Holiday,Yes
05/10/2018,29,11,16.1,89,2.4,1112,14.2,0.4,1.5,0.0,Autumn,No Holiday,Yes
05/10/2018,23,12,16.6,90,1.7,518,14.9,0.51,2.0,0.0,Autumn,No Holiday,Yes
05/10/2018,22,13,16.9,95,1.6,325,16.0,0.48,4.0,0.0,Autumn,No Holiday,Yes
05/10/2018,17,14,17.2,95,1.6,553,16.3,0.48,2.5,0.0,Autumn,No Holiday,Yes
05/10/2018,8,15,17.2,96,0.6,213,16.5,0.26,4.0,0.0,Autumn,No Holiday,Yes
05/10/2018,28,16,17.1,97,1.7,382,16.6,0.15,6.0,0.0,Autumn,No Holiday,Yes
05/10/2018,66,17,16.9,97,2.1,728,16.4,0.08,5.5,0.0,Autumn,No Holiday,Yes
05/10/2018,74,18,16.7,96,1.6,1461,16.0,0.03,1.0,0.0,Autumn,No Holiday,Yes
05/10/2018,55,19,16.6,96,2.4,1072,15.9,0.0,1.5,0.0,Autumn,No Holiday,Yes
05/10/2018,44,20,16.5,96,2.7,1047,15.8,0.0,1.0,0.0,Autumn,No Holiday,Yes
05/10/2018,32,21,16.5,96,2.2,963,15.8,0.0,1.5,0.0,Autumn,No Holiday,Yes
05/10/2018,23,22,16.2,92,2.6,1771,14.8,0.0,1.5,0.0,Autumn,No Holiday,Yes
05/10/2018,4,23,16.3,91,1.8,1811,14.8,0.0,0.5,0.0,Autumn,No Holiday,Yes
06/10/2018,0,0,16.4,94,1.8,1744,15.4,0.0,1.0,0.0,Autumn,No Holiday,No
06/10/2018,0,1,16.7,89,2.4,1814,14.8,0.0,1.0,0.0,Autumn,No Holiday,No
06/10/2018,0,2,16.9,88,2.5,2000,14.8,0.0,1.5,0.0,Autumn,No Holiday,No
06/10/2018,0,3,16.8,90,3.3,1601,15.1,0.0,2.0,0.0,Autumn,No Holiday,No
06/10/2018,0,4,16.9,89,2.7,1577,15.0,0.0,2.5,0.0,Autumn,No Holiday,No
06/10/2018,0,5,16.7,93,2.8,360,15.5,0.0,4.5,0.0,Autumn,No Holiday,No
06/10/2018,0,6,16.5,96,2.3,417,15.8,0.0,8.5,0.0,Autumn,No Holiday,No
06/10/2018,5,7,16.5,97,2.3,364,16.0,0.0,9.5,0.0,Autumn,No Holiday,Yes
06/10/2018,6,8,16.6,97,2.0,457,16.1,0.01,9.0,0.0,Autumn,No Holiday,Yes
06/10/2018,5,9,16.7,97,2.9,550,16.2,0.05,6.0,0.0,Autumn,No Holiday,Yes
06/10/2018,2,10,17.0,97,1.5,676,16.5,0.15,6.0,0.0,Autumn,No Holiday,Yes
06/10/2018,20,11,17.5,95,2.0,1214,16.6,0.35,3.5,0.0,Autumn,No Holiday,Yes
06/10/2018,130,12,18.0,92,2.9,1999,16.6,0.45,1.0,0.0,Autumn,No Holiday,Yes
06/10/2018,529,13,17.7,89,5.0,2000,15.8,0.62,0.5,0.0,Autumn,No Holiday,Yes
06/10/2018,941,14,19.3,79,3.6,2000,15.5,1.36,0.0,0.0,Autumn,No Holiday,Yes
06/10/2018,1236,15,21.0,67,4.1,2000,14.6,2.05,0.0,0.0,Autumn,No Holiday,Yes
06/10/2018,1601,16,21.5,62,3.4,2000,13.9,1.26,0.0,0.0,Autumn,No Holiday,Yes
06/10/2018,1870,17,21.1,64,1.2,2000,14.0,0.4,0.0,0.0,Autumn,No Holiday,Yes
06/10/2018,2012,18,20.5,66,1.2,2000,13.9,0.16,0.0,0.0,Autumn,No Holiday,Yes
06/10/2018,1761,19,19.7,72,0.6,2000,14.5,0.0,0.0,0.0,Autumn,No Holiday,Yes
06/10/2018,1567,20,19.4,67,0.8,2000,13.1,0.0,0.0,0.0,Autumn,No Holiday,Yes
06/10/2018,1731,21,18.5,78,0.1,2000,14.5,0.0,0.0,0.0,Autumn,No Holiday,Yes
06/10/2018,1459,22,17.7,78,0.3,2000,13.8,0.0,0.0,0.0,Autumn,No Holiday,Yes
06/10/2018,1162,23,16.9,84,0.9,2000,14.1,0.0,0.0,0.0,Autumn,No Holiday,Yes
07/10/2018,1049,0,16.3,86,0.3,2000,13.9,0.0,0.0,0.0,Autumn,No Holiday,Yes
07/10/2018,768,1,16.0,88,1.2,2000,14.0,0.0,0.0,0.0,Autumn,No Holiday,Yes
07/10/2018,538,2,15.7,88,0.4,2000,13.7,0.0,0.0,0.0,Autumn,No Holiday,Yes
07/10/2018,372,3,15.5,88,1.7,1998,13.5,0.0,0.0,0.0,Autumn,No Holiday,Yes
07/10/2018,255,4,15.1,90,1.2,850,13.4,0.0,0.0,0.0,Autumn,No Holiday,Yes
07/10/2018,146,5,15.1,89,1.1,1615,13.2,0.0,0.0,0.0,Autumn,No Holiday,Yes
07/10/2018,189,6,14.8,89,0.2,1490,12.9,0.0,0.0,0.0,Autumn,No Holiday,Yes
07/10/2018,345,7,14.3,89,0.6,1165,12.5,0.03,0.0,0.0,Autumn,No Holiday,Yes
07/10/2018,589,8,14.6,71,1.0,1896,9.3,0.43,0.0,0.0,Autumn,No Holiday,Yes
07/10/2018,753,9,16.2,60,1.9,1899,8.4,1.16,0.0,0.0,Autumn,No Holiday,Yes
07/10/2018,932,10,18.1,56,2.6,1720,9.1,1.79,0.0,0.0,Autumn,No Holiday,Yes
07/10/2018,1188,11,19.1,56,2.4,1802,10.1,2.15,0.0,0.0,Autumn,No Holiday,Yes
07/10/2018,1516,12,19.8,46,2.5,1837,7.8,2.3,0.0,0.0,Autumn,No Holiday,Yes
07/10/2018,1714,13,20.1,41,3.0,1963,6.4,2.34,0.0,0.0,Autumn,No Holiday,Yes
07/10/2018,1987,14,20.2,42,2.8,1832,6.8,1.87,0.0,0.0,Autumn,No Holiday,Yes
07/10/2018,2167,15,20.4,36,2.8,2000,4.8,1.56,0.0,0.0,Autumn,No Holiday,Yes
07/10/2018,2270,16,20.7,34,2.0,2000,4.2,1.23,0.0,0.0,Autumn,No Holiday,Yes
07/10/2018,2255,17,19.4,32,3.2,2000,2.2,0.63,0.0,0.0,Autumn,No Holiday,Yes
07/10/2018,2069,18,17.9,29,2.8,2000,-0.4,0.16,0.0,0.0,Autumn,No Holiday,Yes
07/10/2018,1608,19,16.6,36,1.4,2000,1.4,0.0,0.0,0.0,Autumn,No Holiday,Yes
07/10/2018,1519,20,15.5,37,1.9,2000,0.8,0.0,0.0,0.0,Autumn,No Holiday,Yes
07/10/2018,1385,21,14.4,36,1.0,2000,-0.5,0.0,0.0,0.0,Autumn,No Holiday,Yes
07/10/2018,1160,22,13.6,38,1.5,2000,-0.4,0.0,0.0,0.0,Autumn,No Holiday,Yes
07/10/2018,840,23,12.9,38,1.5,2000,-1.1,0.0,0.0,0.0,Autumn,No Holiday,Yes
08/10/2018,711,0,12.3,44,0.8,2000,0.3,0.0,0.0,0.0,Autumn,No Holiday,Yes
08/10/2018,390,1,11.7,52,1.1,2000,2.1,0.0,0.0,0.0,Autumn,No Holiday,Yes
08/10/2018,265,2,11.1,56,1.4,2000,2.6,0.0,0.0,0.0,Autumn,No Holiday,Yes
08/10/2018,192,3,10.8,59,0.5,2000,3.0,0.0,0.0,0.0,Autumn,No Holiday,Yes
08/10/2018,123,4,10.4,61,0.6,2000,3.1,0.0,0.0,0.0,Autumn,No Holiday,Yes
08/10/2018,215,5,9.8,63,0.5,2000,3.0,0.0,0.0,0.0,Autumn,No Holiday,Yes
08/10/2018,503,6,9.5,68,0.9,2000,3.8,0.0,0.0,0.0,Autumn,No Holiday,Yes
08/10/2018,1206,7,9.2,72,1.0,2000,4.4,0.01,0.0,0.0,Autumn,No Holiday,Yes
08/10/2018,2005,8,9.9,66,1.2,2000,3.8,0.35,0.0,0.0,Autumn,No Holiday,Yes
08/10/2018,1166,9,12.2,51,0.7,1918,2.3,1.02,0.0,0.0,Autumn,No Holiday,Yes
08/10/2018,943,10,15.0,44,0.5,1839,2.8,1.48,0.0,0.0,Autumn,No Holiday,Yes
08/10/2018,1117,11,17.9,39,1.3,1873,3.7,2.06,0.0,0.0,Autumn,No Holiday,Yes
08/10/2018,1238,12,19.2,31,0.5,1994,1.6,2.4,0.0,0.0,Autumn,No Holiday,Yes
08/10/2018,1303,13,20.2,28,1.3,2000,1.0,2.25,0.0,0.0,Autumn,No Holiday,Yes
08/10/2018,1358,14,20.2,24,1.5,2000,-1.0,1.8,0.0,0.0,Autumn,No Holiday,Yes
08/10/2018,1502,15,20.6,26,1.2,2000,0.4,1.76,0.0,0.0,Autumn,No Holiday,Yes
08/10/2018,1603,16,20.3,25,1.8,2000,-0.3,1.15,0.0,0.0,Autumn,No Holiday,Yes
08/10/2018,2127,17,20.0,28,0.7,2000,0.9,0.79,0.0,0.0,Autumn,No Holiday,Yes
08/10/2018,2787,18,18.1,39,1.0,2000,3.9,0.21,0.0,0.0,Autumn,No Holiday,Yes
08/10/2018,2150,19,16.4,42,1.8,2000,3.4,0.0,0.0,0.0,Autumn,No Holiday,Yes
08/10/2018,1838,20,15.5,45,2.2,2000,3.6,0.0,0.0,0.0,Autumn,No Holiday,Yes
08/10/2018,1788,21,15.1,48,2.6,2000,4.1,0.0,0.0,0.0,Autumn,No Holiday,Yes
08/10/2018,1636,22,14.4,49,1.1,2000,3.8,0.0,0.0,0.0,Autumn,No Holiday,Yes
08/10/2018,1196,23,13.5,55,0.5,2000,4.6,0.0,0.0,0.0,Autumn,No Holiday,Yes
09/10/2018,0,0,12.6,54,0.2,2000,3.5,0.0,0.0,0.0,Autumn,Holiday,No
09/10/2018,0,1,12.0,58,0.7,2000,3.9,0.0,0.0,0.0,Autumn,Holiday,No
09/10/2018,0,2,11.4,65,1.1,2000,5.0,0.0,0.0,0.0,Autumn,Holiday,No
09/10/2018,0,3,11.0,66,0.9,2000,4.8,0.0,0.0,0.0,Autumn,Holiday,No
09/10/2018,0,4,11.0,63,0.8,2000,4.2,0.0,0.0,0.0,Autumn,Holiday,No
09/10/2018,0,5,10.8,64,0.8,2000,4.2,0.0,0.0,0.0,Autumn,Holiday,No
09/10/2018,0,6,10.8,69,0.8,2000,5.3,0.0,0.0,0.0,Autumn,Holiday,No
09/10/2018,0,7,10.9,70,0.7,2000,5.6,0.0,0.0,0.0,Autumn,Holiday,No
09/10/2018,0,8,11.4,66,0.8,1991,5.2,0.18,0.0,0.0,Autumn,Holiday,No
09/10/2018,0,9,12.8,57,1.2,1838,4.4,0.55,0.0,0.0,Autumn,Holiday,No
09/10/2018,0,10,14.8,51,1.0,1998,4.7,1.07,0.0,0.0,Autumn,Holiday,No
09/10/2018,0,11,16.4,45,0.7,2000,4.4,1.22,0.0,0.0,Autumn,Holiday,No
09/10/2018,0,12,18.3,40,0.6,1995,4.4,1.82,0.0,0.0,Autumn,Holiday,No
09/10/2018,0,13,19.2,39,1.0,2000,4.8,1.66,0.0,0.0,Autumn,Holiday,No
09/10/2018,0,14,18.8,39,1.6,2000,4.5,0.67,0.0,0.0,Autumn,Holiday,No
09/10/2018,0,15,18.3,40,1.2,2000,4.4,0.33,0.0,0.0,Autumn,Holiday,No
09/10/2018,0,16,19.0,39,1.4,2000,4.7,0.89,0.0,0.0,Autumn,Holiday,No
09/10/2018,0,17,18.4,39,2.1,2000,4.1,0.45,0.0,0.0,Autumn,Holiday,No
09/10/2018,0,18,17.7,43,1.5,2000,4.9,0.05,0.0,0.0,Autumn,Holiday,No
09/10/2018,0,19,17.3,47,2.2,2000,5.8,0.0,0.0,0.0,Autumn,Holiday,No
09/10/2018,0,20,17.0,49,1.4,2000,6.1,0.0,0.0,0.0,Autumn,Holiday,No
09/10/2018,0,21,16.8,52,1.6,2000,6.8,0.0,0.0,0.0,Autumn,Holiday,No
09/10/2018,0,22,16.7,55,1.9,2000,7.6,0.0,0.0,0.0,Autumn,Holiday,No
09/10/2018,0,23,16.6,53,1.1,2000,6.9,0.0,0.0,0.0,Autumn,Holiday,No
10/10/2018,643,0,16.6,53,0.9,2000,6.9,0.0,0.0,0.0,Autumn,No Holiday,Yes
10/10/2018,144,1,16.6,57,1.5,2000,8.0,0.0,0.0,0.0,Autumn,No Holiday,Yes
10/10/2018,55,2,14.4,91,0.4,402,12.9,0.0,4.5,0.0,Autumn,No Holiday,Yes
10/10/2018,90,3,14.3,95,1.0,967,13.5,0.0,2.5,0.0,Autumn,No Holiday,Yes
10/10/2018,82,4,14.3,92,2.0,714,13.0,0.0,0.0,0.0,Autumn,No Holiday,Yes
10/10/2018,152,5,13.6,89,2.7,990,11.8,0.0,0.0,0.0,Autumn,No Holiday,Yes
10/10/2018,441,6,12.6,86,1.9,1430,10.3,0.0,0.0,0.0,Autumn,No Holiday,Yes
10/10/2018,1220,7,12.3,84,3.2,1220,9.6,0.0,0.0,0.0,Autumn,No Holiday,Yes
10/10/2018,2082,8,11.8,80,3.7,1518,8.4,0.16,0.0,0.0,Autumn,No Holiday,Yes
10/10/2018,1097,9,12.0,72,3.3,1650,7.0,0.68,0.0,0.0,Autumn,No Holiday,Yes
10/10/2018,792,10,12.0,61,4.1,1981,4.6,0.86,0.0,0.0,Autumn,No Holiday,Yes
10/10/2018,914,11,12.7,50,3.3,1999,2.5,1.61,0.0,0.0,Autumn,No Holiday,Yes
10/10/2018,1006,12,13.7,43,3.4,1980,1.3,1.65,0.0,0.0,Autumn,No Holiday,Yes
10/10/2018,1015,13,14.3,43,3.6,1995,1.8,1.86,0.0,0.0,Autumn,No Holiday,Yes
10/10/2018,1041,14,14.0,43,2.8,2000,1.5,1.13,0.0,0.0,Autumn,No Holiday,Yes
10/10/2018,1171,15,13.7,44,3.9,2000,1.6,0.83,0.0,0.0,Autumn,No Holiday,Yes
10/10/2018,1363,16,13.8,43,3.7,2000,1.4,0.74,0.0,0.0,Autumn,No Holiday,Yes
10/10/2018,1775,17,13.1,45,3.1,2000,1.4,0.62,0.0,0.0,Autumn,No Holiday,Yes
10/10/2018,2514,18,12.2,45,3.1,2000,0.5,0.16,0.0,0.0,Autumn,No Holiday,Yes
10/10/2018,1723,19,11.3,50,1.1,2000,1.2,0.0,0.0,0.0,Autumn,No Holiday,Yes
10/10/2018,1489,20,10.6,48,2.0,2000,0.0,0.0,0.0,0.0,Autumn,No Holiday,Yes
10/10/2018,1445,21,9.9,50,1.2,2000,0.0,0.0,0.0,0.0,Autumn,No Holiday,Yes
10/10/2018,1255,22,9.2,55,0.9,2000,0.6,0.0,0.0,0.0,Autumn,No Holiday,Yes
10/10/2018,901,23,8.5,52,0.6,2000,-0.8,0.0,0.0,0.0,Autumn,No Holiday,Yes
11/10/2018,707,0,7.9,53,0.9,2000,-1.1,0.0,0.0,0.0,Autumn,No Holiday,Yes
11/10/2018,541,1,7.3,59,0.1,2000,-0.1,0.0,0.0,0.0,Autumn,No Holiday,Yes
11/10/2018,341,2,7.1,64,0.9,2000,0.7,0.0,0.0,0.0,Autumn,No Holiday,Yes
11/10/2018,218,3,6.7,71,1.0,2000,1.8,0.0,0.0,0.0,Autumn,No Holiday,Yes
11/10/2018,145,4,6.6,69,0.9,2000,1.3,0.0,0.0,0.0,Autumn,No Holiday,Yes
11/10/2018,197,5,6.6,73,1.1,2000,2.0,0.0,0.0,0.0,Autumn,No Holiday,Yes
11/10/2018,518,6,6.6,65,1.6,2000,0.4,0.0,0.0,0.0,Autumn,No Holiday,Yes
11/10/2018,1233,7,6.3,65,1.0,2000,0.1,0.01,0.0,0.0,Autumn,No Holiday,Yes
11/10/2018,2000,8,7.0,56,3.1,1971,-1.1,0.44,0.0,0.0,Autumn,No Holiday,Yes
11/10/2018,1070,9,8.4,49,2.6,2000,-1.7,1.17,0.0,0.0,Autumn,No Holiday,Yes
11/10/2018,792,10,10.2,44,2.3,1986,-1.5,1.8,0.0,0.0,Autumn,No Holiday,Yes
11/10/2018,926,11,11.7,36,4.3,2000,-2.9,2.28,0.0,0.0,Autumn,No Holiday,Yes
11/10/2018,967,12,13.2,31,3.8,2000,-3.5,2.58,0.0,0.0,Autumn,No Holiday,Yes
11/10/2018,1000,13,13.5,32,5.0,1990,-2.9,2.56,0.0,0.0,Autumn,No Holiday,Yes
11/10/2018,991,14,13.4,32,4.9,2000,-2.9,1.78,0.0,0.0,Autumn,No Holiday,Yes
11/10/2018,1054,15,13.0,39,3.7,2000,-0.6,1.09,0.0,0.0,Autumn,No Holiday,Yes
11/10/2018,1284,16,13.8,36,2.9,2000,-1.0,0.98,0.0,0.0,Autumn,No Holiday,Yes
11/10/2018,1685,17,13.2,36,3.6,2000,-1.5,0.55,0.0,0.0,Autumn,No Holiday,Yes
11/10/2018,2378,18,12.1,40,2.4,1854,-1.1,0.18,0.0,0.0,Autumn,No Holiday,Yes
11/10/2018,1614,19,11.1,43,2.0,2000,-1.0,0.0,0.0,0.0,Autumn,No Holiday,Yes
11/10/2018,1389,20,10.2,46,0.2,2000,-0.9,0.0,0.0,0.0,Autumn,No Holiday,Yes
11/10/2018,1398,21,9.3,52,1.5,2000,0.0,0.0,0.0,0.0,Autumn,No Holiday,Yes
11/10/2018,1221,22,8.8,55,1.6,2000,0.2,0.0,0.0,0.0,Autumn,No Holiday,Yes
11/10/2018,857,23,8.4,60,1.5,2000,1.0,0.0,0.0,0.0,Autumn,No Holiday,Yes
12/10/2018,706,0,8.2,61,1.3,2000,1.1,0.0,0.0,0.0,Autumn,No Holiday,Yes
12/10/2018,531,1,7.6,63,1.2,2000,0.9,0.0,0.0,0.0,Autumn,No Holiday,Yes
12/10/2018,409,2,7.1,61,0.6,2000,0.0,0.0,0.0,0.0,Autumn,No Holiday,Yes
12/10/2018,225,3,6.5,69,0.3,1981,1.2,0.0,0.0,0.0,Autumn,No Holiday,Yes
12/10/2018,168,4,6.2,71,1.1,2000,1.3,0.0,0.0,0.0,Autumn,No Holiday,Yes
12/10/2018,183,5,6.0,72,1.3,2000,1.3,0.0,0.0,0.0,Autumn,No Holiday,Yes
12/10/2018,412,6,5.8,67,1.1,2000,0.1,0.0,0.0,0.0,Autumn,No Holiday,Yes
12/10/2018,1142,7,5.3,73,0.7,2000,0.8,0.01,0.0,0.0,Autumn,No Holiday,Yes
12/10/2018,1996,8,6.0,64,1.1,1920,-0.3,0.42,0.0,0.0,Autumn,No Holiday,Yes
12/10/2018,1106,9,8.6,50,0.8,1785,-1.2,1.13,0.0,0.0,Autumn,No Holiday,Yes
12/10/2018,877,10,11.6,40,1.7,1991,-1.5,1.77,0.0,0.0,Autumn,No Holiday,Yes
12/10/2018,959,11,13.0,38,2.7,2000,-1.0,2.3,0.0,0.0,Autumn,No Holiday,Yes
12/10/2018,1073,12,14.7,38,1.0,1884,0.5,2.55,0.0,0.0,Autumn,No Holiday,Yes
12/10/2018,1110,13,15.8,36,1.5,1888,0.7,2.59,0.0,0.0,Autumn,No Holiday,Yes
12/10/2018,1187,14,16.5,32,1.4,1841,-0.2,2.43,0.0,0.0,Autumn,No Holiday,Yes
12/10/2018,1322,15,17.1,33,2.1,1929,0.6,2.04,0.0,0.0,Autumn,No Holiday,Yes
12/10/2018,1488,16,16.9,34,1.2,1942,0.9,1.47,0.0,0.0,Autumn,No Holiday,Yes
12/10/2018,1902,17,16.3,39,1.7,1969,2.3,0.8,0.0,0.0,Autumn,No Holiday,Yes
12/10/2018,2618,18,14.3,46,1.3,2000,2.8,0.16,0.0,0.0,Autumn,No Holiday,Yes
12/10/2018,1804,19,12.9,50,1.4,2000,2.7,0.0,0.0,0.0,Autumn,No Holiday,Yes
12/10/2018,1440,20,11.8,53,1.5,2000,2.5,0.0,0.0,0.0,Autumn,No Holiday,Yes
12/10/2018,1292,21,11.0,60,1.1,1995,3.5,0.0,0.0,0.0,Autumn,No Holiday,Yes
12/10/2018,1347,22,10.5,62,1.2,2000,3.5,0.0,0.0,0.0,Autumn,No Holiday,Yes
12/10/2018,940,23,9.8,66,0.5,1979,3.7,0.0,0.0,0.0,Autumn,No Holiday,Yes
13/10/2018,835,0,9.1,69,0.9,1885,3.7,0.0,0.0,0.0,Autumn,No Holiday,Yes
13/10/2018,739,1,8.5,70,0.2,1856,3.3,0.0,0.0,0.0,Autumn,No Holiday,Yes
13/10/2018,512,2,8.0,74,0.5,1786,3.6,0.0,0.0,0.0,Autumn,No Holiday,Yes
13/10/2018,374,3,7.6,78,0.7,1614,4.0,0.0,0.0,0.0,Autumn,No Holiday,Yes
13/10/2018,226,4,7.1,79,1.2,1567,3.6,0.0,0.0,0.0,Autumn,No Holiday,Yes
13/10/2018,148,5,6.7,81,1.1,1467,3.6,0.0,0.0,0.0,Autumn,No Holiday,Yes
13/10/2018,209,6,6.6,80,1.0,1424,3.3,0.0,0.0,0.0,Autumn,No Holiday,Yes
13/10/2018,412,7,6.2,83,0.8,1100,3.5,0.01,0.0,0.0,Autumn,No Holiday,Yes
13/10/2018,728,8,7.4,70,0.5,1373,2.2,0.36,0.0,0.0,Autumn,No Holiday,Yes
13/10/2018,853,9,10.0,56,1.0,1761,1.6,1.03,0.0,0.0,Autumn,No Holiday,Yes
13/10/2018,1037,10,12.6,50,1.4,1712,2.4,1.68,0.0,0.0,Autumn,No Holiday,Yes
13/10/2018,1179,11,15.2,44,1.2,1301,3.0,2.16,0.0,0.0,Autumn,No Holiday,Yes
13/10/2018,1402,12,16.6,36,0.7,1442,1.4,2.45,0.0,0.0,Autumn,No Holiday,Yes
13/10/2018,1652,13,18.3,33,1.9,1324,1.7,2.53,0.0,0.0,Autumn,No Holiday,Yes
13/10/2018,1712,14,19.3,27,1.3,1384,-0.1,2.38,0.0,0.0,Autumn,No Holiday,Yes
13/10/2018,1846,15,19.8,29,2.0,1246,1.2,1.97,0.0,0.0,Autumn,No Holiday,Yes
13/10/2018,1916,16,19.4,29,1.2,1154,0.8,1.37,0.0,0.0,Autumn,No Holiday,Yes
13/10/2018,1995,17,18.7,33,1.1,1164,2.0,0.7,0.0,0.0,Autumn,No Holiday,Yes
13/10/2018,1695,18,16.5,38,1.6,1246,2.1,0.14,0.0,0.0,Autumn,No Holiday,Yes
13/10/2018,1381,19,14.8,47,1.3,1111,3.5,0.0,0.0,0.0,Autumn,No Holiday,Yes
13/10/2018,1261,20,13.8,52,1.6,1088,4.0,0.0,0.0,0.0,Autumn,No Holiday,Yes
13/10/2018,1312,21,12.6,56,1.1,1053,4.0,0.0,0.0,0.0,Autumn,No Holiday,Yes
13/10/2018,1147,22,11.7,60,0.5,1002,4.1,0.0,0.0,0.0,Autumn,No Holiday,Yes
13/10/2018,971,23,11.0,62,0.3,946,3.9,0.0,0.0,0.0,Autumn,No Holiday,Yes
14/10/2018,811,0,10.4,59,0.0,971,2.7,0.0,0.0,0.0,Autumn,No Holiday,Yes
14/10/2018,584,1,9.5,65,0.9,990,3.2,0.0,0.0,0.0,Autumn,No Holiday,Yes
14/10/2018,429,2,9.1,68,0.3,921,3.4,0.0,0.0,0.0,Autumn,No Holiday,Yes
14/10/2018,308,3,8.4,73,0.4,820,3.8,0.0,0.0,0.0,Autumn,No Holiday,Yes
14/10/2018,185,4,7.9,76,1.3,771,3.9,0.0,0.0,0.0,Autumn,No Holiday,Yes
14/10/2018,110,5,7.6,79,0.3,765,4.1,0.0,0.0,0.0,Autumn,No Holiday,Yes
14/10/2018,150,6,7.2,80,0.7,729,3.9,0.0,0.0,0.0,Autumn,No Holiday,Yes
14/10/2018,304,7,6.9,81,0.8,665,3.8,0.01,0.0,0.0,Autumn,No Holiday,Yes
14/10/2018,556,8,7.5,72,1.1,697,2.7,0.34,0.0,0.0,Autumn,No Holiday,Yes
14/10/2018,775,9,10.1,60,0.8,726,2.6,1.02,0.0,0.0,Autumn,No Holiday,Yes
14/10/2018,847,10,13.3,47,0.5,818,2.2,1.67,0.0,0.0,Autumn,No Holiday,Yes
14/10/2018,1056,11,16.2,41,1.0,878,2.9,2.11,0.0,0.0,Autumn,No Holiday,Yes
14/10/2018,1394,12,17.2,33,1.1,1258,0.7,2.28,0.0,0.0,Autumn,No Holiday,Yes
14/10/2018,1593,13,18.1,32,1.5,1684,1.1,2.21,0.0,0.0,Autumn,No Holiday,Yes
14/10/2018,1767,14,18.9,31,2.6,1936,1.3,2.37,0.0,0.0,Autumn,No Holiday,Yes
14/10/2018,1948,15,20.1,32,2.4,1893,2.8,2.0,0.0,0.0,Autumn,No Holiday,Yes
14/10/2018,2097,16,19.1,31,2.1,1960,1.5,1.27,0.0,0.0,Autumn,No Holiday,Yes
14/10/2018,1990,17,18.2,43,2.3,1925,5.4,0.68,0.0,0.0,Autumn,No Holiday,Yes
14/10/2018,1662,18,16.2,58,2.4,1991,7.9,0.12,0.0,0.0,Autumn,No Holiday,Yes
14/10/2018,1377,19,15.1,60,2.9,1979,7.3,0.0,0.0,0.0,Autumn,No Holiday,Yes
14/10/2018,1306,20,14.4,61,2.3,1945,6.9,0.0,0.0,0.0,Autumn,No Holiday,Yes
14/10/2018,1261,21,13.8,66,2.4,1897,7.5,0.0,0.0,0.0,Autumn,No Holiday,Yes
14/10/2018,1029,22,13.5,71,1.7,1711,8.3,0.0,0.0,0.0,Autumn,No Holiday,Yes
14/10/2018,810,23,13.2,73,1.2,1639,8.4,0.0,0.0,0.0,Autumn,No Holiday,Yes
15/10/2018,638,0,12.6,78,1.3,1427,8.8,0.0,0.0,0.0,Autumn,No Holiday,Yes
15/10/2018,393,1,12.2,80,1.4,1283,8.8,0.0,0.0,0.0,Autumn,No Holiday,Yes
15/10/2018,272,2,11.8,82,0.7,1262,8.8,0.0,0.0,0.0,Autumn,No Holiday,Yes
15/10/2018,171,3,11.3,85,0.0,907,8.8,0.0,0.0,0.0,Autumn,No Holiday,Yes
15/10/2018,152,4,11.0,82,0.1,951,8.0,0.0,0.0,0.0,Autumn,No Holiday,Yes
15/10/2018,209,5,11.1,79,0.3,1140,7.5,0.0,0.0,0.0,Autumn,No Holiday,Yes
15/10/2018,504,6,11.2,81,0.2,1071,8.0,0.0,0.0,0.0,Autumn,No Holiday,Yes
15/10/2018,1271,7,11.5,81,0.8,960,8.3,0.0,0.0,0.0,Autumn,No Holiday,Yes
15/10/2018,2070,8,12.0,77,0.4,891,8.0,0.12,0.0,0.0,Autumn,No Holiday,Yes
15/10/2018,1119,9,12.8,74,0.5,831,8.2,0.31,0.0,0.0,Autumn,No Holiday,Yes
15/10/2018,837,10,14.1,66,0.6,827,7.8,0.58,0.0,0.0,Autumn,No Holiday,Yes
15/10/2018,910,11,16.7,65,1.5,675,10.0,1.42,0.0,0.0,Autumn,No Holiday,Yes
15/10/2018,1052,12,19.0,60,1.8,513,11.0,2.11,0.0,0.0,Autumn,No Holiday,Yes
15/10/2018,1058,13,19.7,52,2.1,512,9.5,1.83,0.0,0.0,Autumn,No Holiday,Yes
15/10/2018,1121,14,20.0,48,2.1,586,8.6,1.72,0.0,0.0,Autumn,No Holiday,Yes
15/10/2018,1183,15,20.4,43,1.7,690,7.3,1.43,0.0,0.0,Autumn,No Holiday,Yes
15/10/2018,1413,16,20.3,44,2.2,793,7.6,1.09,0.0,0.0,Autumn,No Holiday,Yes
15/10/2018,1773,17,19.3,49,2.8,966,8.3,0.55,0.0,0.0,Autumn,No Holiday,Yes
15/10/2018,2635,18,18.0,66,2.3,554,11.5,0.1,0.0,0.0,Autumn,No Holiday,Yes
15/10/2018,1911,19,16.9,74,1.8,366,12.2,0.0,0.0,0.0,Autumn,No Holiday,Yes
15/10/2018,1659,20,15.9,81,2.8,250,12.6,0.0,0.0,0.0,Autumn,No Holiday,Yes
15/10/2018,1556,21,15.5,86,1.3,178,13.1,0.0,0.0,0.0,Autumn,No Holiday,Yes
15/10/2018,1377,22,14.8,83,1.5,227,11.9,0.0,0.0,0.0,Autumn,No Holiday,Yes
15/10/2018,914,23,14.1,74,1.5,486,9.5,0.0,0.0,0.0,Autumn,No Holiday,Yes
16/10/2018,726,0,13.3,64,1.7,860,6.6,0.0,0.0,0.0,Autumn,No Holiday,Yes
16/10/2018,568,1,12.4,65,1.1,1099,5.9,0.0,0.0,0.0,Autumn,No Holiday,Yes
16/10/2018,427,2,11.7,70,1.0,1012,6.4,0.0,0.0,0.0,Autumn,No Holiday,Yes
16/10/2018,253,3,11.5,61,1.4,1399,4.2,0.0,0.0,0.0,Autumn,No Holiday,Yes
16/10/2018,145,4,11.0,69,0.6,1510,5.5,0.0,0.0,0.0,Autumn,No Holiday,Yes
16/10/2018,202,5,10.2,70,1.5,1519,4.9,0.0,0.0,0.0,Autumn,No Holiday,Yes
16/10/2018,491,6,10.1,71,0.2,1474,5.0,0.0,0.0,0.0,Autumn,No Holiday,Yes
16/10/2018,1216,7,10.2,68,0.4,1493,4.5,0.0,0.0,0.0,Autumn,No Holiday,Yes
16/10/2018,2134,8,10.4,63,0.6,1367,3.6,0.19,0.0,0.0,Autumn,No Holiday,Yes
16/10/2018,1177,9,11.8,55,0.7,1182,3.0,0.55,0.0,0.0,Autumn,No Holiday,Yes
16/10/2018,854,10,14.4,45,0.6,1206,2.6,1.28,0.0,0.0,Autumn,No Holiday,Yes
16/10/2018,914,11,16.5,39,0.7,1351,2.4,1.68,0.0,0.0,Autumn,No Holiday,Yes
16/10/2018,1063,12,18.8,35,1.2,1057,2.9,2.06,0.0,0.0,Autumn,No Holiday,Yes
16/10/2018,1108,13,19.4,31,2.0,1862,1.8,2.02,0.0,0.0,Autumn,No Holiday,Yes
16/10/2018,1113,14,19.9,29,1.9,1833,1.3,2.09,0.0,0.0,Autumn,No Holiday,Yes
16/10/2018,1203,15,19.9,31,2.0,1613,2.2,1.57,0.0,0.0,Autumn,No Holiday,Yes
16/10/2018,1407,16,19.5,32,2.1,1436,2.3,1.1,0.0,0.0,Autumn,No Holiday,Yes
16/10/2018,1811,17,18.4,38,1.8,1565,3.8,0.5,0.0,0.0,Autumn,No Holiday,Yes
16/10/2018,2716,18,16.9,47,1.4,1637,5.5,0.11,0.0,0.0,Autumn,No Holiday,Yes
16/10/2018,1867,19,15.5,63,1.7,1774,8.4,0.0,0.0,0.0,Autumn,No Holiday,Yes
16/10/2018,1568,20,14.8,68,2.0,1502,8.9,0.0,0.0,0.0,Autumn,No Holiday,Yes
16/10/2018,1618,21,14.3,72,1.0,1374,9.3,0.0,0.0,0.0,Autumn,No Holiday,Yes
16/10/2018,1425,22,13.6,71,0.6,1457,8.4,0.0,0.0,0.0,Autumn,No Holiday,Yes
16/10/2018,950,23,12.9,78,0.6,1201,9.1,0.0,0.0,0.0,Autumn,No Holiday,Yes
17/10/2018,739,0,12.3,75,1.2,1332,7.9,0.0,0.0,0.0,Autumn,No Holiday,Yes
17/10/2018,600,1,11.5,74,1.2,1305,7.0,0.0,0.0,0.0,Autumn,No Holiday,Yes
17/10/2018,381,2,10.8,77,0.3,1268,6.9,0.0,0.0,0.0,Autumn,No Holiday,Yes
17/10/2018,239,3,10.2,80,0.3,1191,6.8,0.0,0.0,0.0,Autumn,No Holiday,Yes
17/10/2018,157,4,9.7,76,0.0,1308,5.6,0.0,0.0,0.0,Autumn,No Holiday,Yes
17/10/2018,210,5,9.2,77,0.0,1278,5.3,0.0,0.0,0.0,Autumn,No Holiday,Yes
17/10/2018,503,6,8.8,77,0.2,1077,4.9,0.0,0.0,0.0,Autumn,No Holiday,Yes
17/10/2018,1213,7,8.6,77,0.7,965,4.7,0.0,0.0,0.0,Autumn,No Holiday,Yes
17/10/2018,2202,8,9.2,68,0.2,952,3.5,0.28,0.0,0.0,Autumn,No Holiday,Yes
17/10/2018,1200,9,11.2,63,1.1,656,4.4,0.88,0.0,0.0,Autumn,No Holiday,Yes
17/10/2018,842,10,14.0,58,1.6,841,5.8,1.53,0.0,0.0,Autumn,No Holiday,Yes
17/10/2018,961,11,15.5,25,2.5,1727,-4.4,2.1,0.0,0.0,Autumn,No Holiday,Yes
17/10/2018,1088,12,16.2,29,2.5,1935,-1.8,2.45,0.0,0.0,Autumn,No Holiday,Yes
17/10/2018,1115,13,17.7,25,2.1,1917,-2.6,2.48,0.0,0.0,Autumn,No Holiday,Yes
17/10/2018,1083,14,18.3,24,1.7,1983,-2.6,2.4,0.0,0.0,Autumn,No Holiday,Yes
17/10/2018,1175,15,18.3,21,2.7,2000,-4.4,2.02,0.0,0.0,Autumn,No Holiday,Yes
17/10/2018,1409,16,18.0,26,2.1,2000,-1.8,1.45,0.0,0.0,Autumn,No Holiday,Yes
17/10/2018,1896,17,16.9,34,2.5,2000,0.9,0.74,0.0,0.0,Autumn,No Holiday,Yes
17/10/2018,2445,18,14.6,39,2.3,2000,0.7,0.11,0.0,0.0,Autumn,No Holiday,Yes
17/10/2018,1819,19,13.2,42,1.3,2000,0.5,0.0,0.0,0.0,Autumn,No Holiday,Yes
17/10/2018,1558,20,12.2,47,1.1,2000,1.2,0.0,0.0,0.0,Autumn,No Holiday,Yes
17/10/2018,1493,21,10.8,53,0.9,2000,1.5,0.0,0.0,0.0,Autumn,No Holiday,Yes
17/10/2018,1278,22,9.9,50,0.1,2000,0.0,0.0,0.0,0.0,Autumn,No Holiday,Yes
17/10/2018,896,23,9.7,56,0.7,2000,1.3,0.0,0.0,0.0,Autumn,No Holiday,Yes
18/10/2018,694,0,9.2,64,0.7,2000,2.7,0.0,0.0,0.0,Autumn,No Holiday,Yes
18/10/2018,579,1,9.0,66,0.7,2000,2.9,0.0,0.0,0.0,Autumn,No Holiday,Yes
18/10/2018,385,2,8.7,71,0.8,2000,3.7,0.0,0.0,0.0,Autumn,No Holiday,Yes
18/10/2018,244,3,8.6,74,0.6,1985,4.2,0.0,0.0,0.0,Autumn,No Holiday,Yes
18/10/2018,165,4,8.1,78,0.6,2000,4.4,0.0,0.0,0.0,Autumn,No Holiday,Yes
18/10/2018,185,5,7.8,81,1.1,2000,4.7,0.0,0.0,0.0,Autumn,No Holiday,Yes
18/10/2018,458,6,7.6,82,0.3,1933,4.7,0.0,0.0,0.0,Autumn,No Holiday,Yes
18/10/2018,1191,7,7.7,81,0.4,1992,4.6,0.0,0.0,0.0,Autumn,No Holiday,Yes
18/10/2018,2154,8,8.5,77,0.5,1995,4.6,0.21,0.0,0.0,Autumn,No Holiday,Yes
18/10/2018,1165,9,10.9,60,0.9,1997,3.4,0.93,0.0,0.0,Autumn,No Holiday,Yes
18/10/2018,864,10,13.7,57,1.2,2000,5.3,1.33,0.0,0.0,Autumn,No Holiday,Yes
18/10/2018,917,11,15.0,52,1.4,2000,5.2,1.5,0.0,0.0,Autumn,No Holiday,Yes
18/10/2018,1132,12,16.8,50,1.6,2000,6.3,1.94,0.0,0.0,Autumn,No Holiday,Yes
18/10/2018,1152,13,18.1,43,2.2,2000,5.3,2.3,0.0,0.0,Autumn,No Holiday,Yes
18/10/2018,1122,14,18.7,39,1.3,2000,4.4,1.66,0.0,0.0,Autumn,No Holiday,Yes
18/10/2018,1203,15,19.0,38,1.9,2000,4.3,1.72,0.0,0.0,Autumn,No Holiday,Yes
18/10/2018,1473,16,18.5,40,1.8,2000,4.6,1.28,0.0,0.0,Autumn,No Holiday,Yes
18/10/2018,1804,17,16.9,44,1.6,2000,4.5,0.44,0.0,0.0,Autumn,No Holiday,Yes
18/10/2018,2499,18,15.7,45,2.5,2000,3.7,0.06,0.0,0.0,Autumn,No Holiday,Yes
18/10/2018,1878,19,14.9,49,2.1,2000,4.2,0.0,0.0,0.0,Autumn,No Holiday,Yes
18/10/2018,1528,20,13.8,56,1.9,2000,5.1,0.0,0.0,0.0,Autumn,No Holiday,Yes
18/10/2018,1466,21,12.6,60,0.5,2000,5.0,0.0,0.0,0.0,Autumn,No Holiday,Yes
18/10/2018,1302,22,11.6,61,0.2,2000,4.3,0.0,0.0,0.0,Autumn,No Holiday,Yes
18/10/2018,944,23,10.9,64,0.2,2000,4.3,0.0,0.0,0.0,Autumn,No Holiday,Yes
19/10/2018,783,0,10.3,67,1.5,2000,4.4,0.0,0.0,0.0,Autumn,No Holiday,Yes
19/10/2018,653,1,9.8,68,1.7,2000,4.1,0.0,0.0,0.0,Autumn,No Holiday,Yes
19/10/2018,433,2,9.2,72,1.5,2000,4.4,0.0,0.0,0.0,Autumn,No Holiday,Yes
19/10/2018,262,3,8.5,74,1.3,2000,4.1,0.0,0.0,0.0,Autumn,No Holiday,Yes
19/10/2018,184,4,8.1,76,0.3,2000,4.1,0.0,0.0,0.0,Autumn,No Holiday,Yes
19/10/2018,162,5,7.7,73,0.0,2000,3.1,0.0,0.0,0.0,Autumn,No Holiday,Yes
19/10/2018,491,6,7.2,77,0.5,2000,3.4,0.0,0.0,0.0,Autumn,No Holiday,Yes
19/10/2018,1188,7,7.3,72,0.4,2000,2.5,0.0,0.0,0.0,Autumn,No Holiday,Yes
19/10/2018,2113,8,7.9,63,0.6,2000,1.2,0.3,0.0,0.0,Autumn,No Holiday,Yes
19/10/2018,1191,9,11.1,53,1.0,2000,1.8,1.05,0.0,0.0,Autumn,No Holiday,Yes
19/10/2018,850,10,13.8,44,1.5,1953,1.7,1.66,0.0,0.0,Autumn,No Holiday,Yes
19/10/2018,981,11,16.4,35,1.1,2000,0.8,2.13,0.0,0.0,Autumn,No Holiday,Yes
19/10/2018,1161,12,17.4,33,1.1,2000,0.9,2.39,0.0,0.0,Autumn,No Holiday,Yes
19/10/2018,1190,13,18.9,33,1.8,2000,2.2,2.43,0.0,0.0,Autumn,No Holiday,Yes
19/10/2018,1221,14,19.8,32,2.3,1978,2.6,2.25,0.0,0.0,Autumn,No Holiday,Yes
19/10/2018,1390,15,19.7,30,3.0,1971,1.6,1.89,0.0,0.0,Autumn,No Holiday,Yes
19/10/2018,1527,16,19.3,29,2.8,2000,0.7,1.34,0.0,0.0,Autumn,No Holiday,Yes
19/10/2018,1939,17,18.5,35,2.2,2000,2.7,0.68,0.0,0.0,Autumn,No Holiday,Yes
19/10/2018,2631,18,16.6,40,2.4,2000,2.9,0.11,0.0,0.0,Autumn,No Holiday,Yes
19/10/2018,1769,19,15.3,53,2.4,2000,5.7,0.0,0.0,0.0,Autumn,No Holiday,Yes
19/10/2018,1512,20,14.2,56,1.8,2000,5.5,0.0,0.0,0.0,Autumn,No Holiday,Yes
19/10/2018,1457,21,13.3,56,1.1,2000,4.6,0.0,0.0,0.0,Autumn,No Holiday,Yes
19/10/2018,1331,22,12.3,65,1.7,2000,5.8,0.0,0.0,0.0,Autumn,No Holiday,Yes
19/10/2018,1018,23,11.7,70,1.7,2000,6.4,0.0,0.0,0.0,Autumn,No Holiday,Yes
20/10/2018,891,0,11.3,71,1.2,1997,6.2,0.0,0.0,0.0,Autumn,No Holiday,Yes
20/10/2018,774,1,10.9,72,0.0,1966,6.0,0.0,0.0,0.0,Autumn,No Holiday,Yes
20/10/2018,522,2,10.1,78,0.1,1887,6.4,0.0,0.0,0.0,Autumn,No Holiday,Yes
20/10/2018,386,3,9.5,77,0.4,1611,5.6,0.0,0.0,0.0,Autumn,No Holiday,Yes
20/10/2018,246,4,8.9,75,0.4,1877,4.7,0.0,0.0,0.0,Autumn,No Holiday,Yes
20/10/2018,154,5,8.1,76,0.6,1309,4.1,0.0,0.0,0.0,Autumn,No Holiday,Yes
20/10/2018,219,6,7.5,79,0.6,1025,4.0,0.0,0.0,0.0,Autumn,No Holiday,Yes
20/10/2018,427,7,7.0,82,0.5,867,4.1,0.0,0.0,0.0,Autumn,No Holiday,Yes
20/10/2018,784,8,7.8,70,1.4,1034,2.6,0.29,0.0,0.0,Autumn,No Holiday,Yes
20/10/2018,921,9,10.4,60,1.3,1326,2.9,0.99,0.0,0.0,Autumn,No Holiday,Yes
20/10/2018,997,10,13.0,49,0.5,1685,2.5,1.61,0.0,0.0,Autumn,No Holiday,Yes
20/10/2018,1175,11,16.2,39,1.6,1580,2.2,2.05,0.0,0.0,Autumn,No Holiday,Yes
20/10/2018,1407,12,17.7,33,2.2,1556,1.2,2.37,0.0,0.0,Autumn,No Holiday,Yes
20/10/2018,1585,13,19.4,26,1.1,1942,-0.6,2.45,0.0,0.0,Autumn,No Holiday,Yes
20/10/2018,1649,14,20.0,22,1.6,1950,-2.3,2.29,0.0,0.0,Autumn,No Holiday,Yes
20/10/2018,1760,15,21.3,24,1.5,1832,-0.1,1.91,0.0,0.0,Autumn,No Holiday,Yes
20/10/2018,1813,16,20.9,20,2.0,1976,-2.9,1.35,0.0,0.0,Autumn,No Holiday,Yes
20/10/2018,1949,17,19.2,23,1.5,2000,-2.4,0.62,0.0,0.0,Autumn,No Holiday,Yes
20/10/2018,1707,18,16.6,41,2.4,1811,3.2,0.04,0.0,0.0,Autumn,No Holiday,Yes
20/10/2018,1407,19,14.6,48,1.9,1998,3.6,0.0,0.0,0.0,Autumn,No Holiday,Yes
20/10/2018,1270,20,13.7,51,1.0,1954,3.7,0.0,0.0,0.0,Autumn,No Holiday,Yes
20/10/2018,1249,21,13.3,55,2.0,1554,4.4,0.0,0.0,0.0,Autumn,No Holiday,Yes
20/10/2018,1141,22,12.7,58,0.0,1480,4.6,0.0,0.0,0.0,Autumn,No Holiday,Yes
20/10/2018,922,23,11.7,58,0.0,1567,3.6,0.0,0.0,0.0,Autumn,No Holiday,Yes
21/10/2018,848,0,11.2,62,0.0,1613,4.1,0.0,0.0,0.0,Autumn,No Holiday,Yes
21/10/2018,622,1,10.6,60,0.5,1642,3.1,0.0,0.0,0.0,Autumn,No Holiday,Yes
21/10/2018,428,2,9.8,63,0.6,1591,3.0,0.0,0.0,0.0,Autumn,No Holiday,Yes
21/10/2018,342,3,9.2,68,0.4,1538,3.5,0.0,0.0,0.0,Autumn,No Holiday,Yes
21/10/2018,206,4,8.8,71,0.9,1516,3.8,0.0,0.0,0.0,Autumn,No Holiday,Yes
21/10/2018,146,5,8.2,73,1.3,1305,3.6,0.0,0.0,0.0,Autumn,No Holiday,Yes
21/10/2018,172,6,7.6,75,0.6,1181,3.4,0.0,0.0,0.0,Autumn,No Holiday,Yes
21/10/2018,315,7,7.2,76,0.5,1113,3.2,0.0,0.0,0.0,Autumn,No Holiday,Yes
21/10/2018,534,8,7.9,67,1.1,1210,2.1,0.28,0.0,0.0,Autumn,No Holiday,Yes
21/10/2018,679,9,10.5,56,1.2,1741,2.0,0.98,0.0,0.0,Autumn,No Holiday,Yes
21/10/2018,936,10,13.4,46,0.8,1718,1.9,1.61,0.0,0.0,Autumn,No Holiday,Yes
21/10/2018,1055,11,16.8,38,1.5,1326,2.3,2.07,0.0,0.0,Autumn,No Holiday,Yes
21/10/2018,1417,12,18.4,28,1.9,1690,-0.4,2.33,0.0,0.0,Autumn,No Holiday,Yes
21/10/2018,1519,13,19.3,24,1.5,1745,-1.8,2.4,0.0,0.0,Autumn,No Holiday,Yes
21/10/2018,1642,14,20.1,23,2.3,1896,-1.7,2.23,0.0,0.0,Autumn,No Holiday,Yes
21/10/2018,1891,15,20.9,23,1.5,1892,-1.0,1.87,0.0,0.0,Autumn,No Holiday,Yes
21/10/2018,1976,16,20.2,24,2.5,1881,-1.0,1.31,0.0,0.0,Autumn,No Holiday,Yes
21/10/2018,1883,17,18.8,24,2.1,2000,-2.2,0.63,0.0,0.0,Autumn,No Holiday,Yes
21/10/2018,1618,18,16.2,41,1.4,1907,2.9,0.06,0.0,0.0,Autumn,No Holiday,Yes
21/10/2018,1464,19,14.9,46,1.4,1455,3.3,0.0,0.0,0.0,Autumn,No Holiday,Yes
21/10/2018,1306,20,13.8,52,1.6,1341,4.0,0.0,0.0,0.0,Autumn,No Holiday,Yes
21/10/2018,1158,21,13.0,49,1.0,1702,2.5,0.0,0.0,0.0,Autumn,No Holiday,Yes
21/10/2018,1025,22,12.2,57,0.0,1544,3.9,0.0,0.0,0.0,Autumn,No Holiday,Yes
21/10/2018,724,23,11.8,56,0.0,1655,3.2,0.0,0.0,0.0,Autumn,No Holiday,Yes
22/10/2018,623,0,11.4,56,0.2,1778,2.9,0.0,0.0,0.0,Autumn,No Holiday,Yes
22/10/2018,372,1,10.7,57,0.9,1828,2.5,0.0,0.0,0.0,Autumn,No Holiday,Yes
22/10/2018,253,2,10.5,57,0.2,1837,2.3,0.0,0.0,0.0,Autumn,No Holiday,Yes
22/10/2018,175,3,10.2,60,1.0,1796,2.7,0.0,0.0,0.0,Autumn,No Holiday,Yes
22/10/2018,110,4,10.0,62,0.6,1759,3.0,0.0,0.0,0.0,Autumn,No Holiday,Yes
22/10/2018,202,5,9.4,65,0.8,1659,3.1,0.0,0.0,0.0,Autumn,No Holiday,Yes
22/10/2018,513,6,9.2,65,0.8,1689,2.9,0.0,0.0,0.0,Autumn,No Holiday,Yes
22/10/2018,1244,7,8.9,67,0.8,1557,3.0,0.0,0.0,0.0,Autumn,No Holiday,Yes
22/10/2018,2111,8,9.7,58,0.6,1559,1.8,0.22,0.0,0.0,Autumn,No Holiday,Yes
22/10/2018,1104,9,11.9,50,1.1,1529,1.7,0.75,0.0,0.0,Autumn,No Holiday,Yes
22/10/2018,817,10,14.6,43,0.7,1339,2.1,1.35,0.0,0.0,Autumn,No Holiday,Yes
22/10/2018,941,11,16.7,37,0.7,1074,1.9,1.74,0.0,0.0,Autumn,No Holiday,Yes
22/10/2018,1034,12,18.2,34,1.0,758,2.0,2.03,0.0,0.0,Autumn,No Holiday,Yes
22/10/2018,1064,13,19.4,35,1.2,678,3.5,1.73,0.0,0.0,Autumn,No Holiday,Yes
22/10/2018,1122,14,20.6,30,2.2,839,2.3,1.69,0.0,0.0,Autumn,No Holiday,Yes
22/10/2018,1167,15,20.2,31,1.6,855,2.5,1.25,0.0,0.0,Autumn,No Holiday,Yes
22/10/2018,1464,16,19.7,34,1.6,688,3.3,0.88,0.0,0.0,Autumn,No Holiday,Yes
22/10/2018,1904,17,18.9,35,1.7,720,3.0,0.41,0.0,0.0,Autumn,No Holiday,Yes
22/10/2018,2613,18,17.3,43,0.9,783,4.5,0.08,0.0,0.0,Autumn,No Holiday,Yes
22/10/2018,1860,19,15.6,44,1.5,828,3.3,0.0,0.0,0.0,Autumn,No Holiday,Yes
22/10/2018,1593,20,14.5,51,1.4,751,4.4,0.0,0.0,0.0,Autumn,No Holiday,Yes
22/10/2018,1513,21,13.4,56,0.7,758,4.7,0.0,0.0,0.0,Autumn,No Holiday,Yes
22/10/2018,1360,22,12.7,60,0.0,680,5.1,0.0,0.0,0.0,Autumn,No Holiday,Yes
22/10/2018,916,23,12.0,59,0.4,685,4.2,0.0,0.0,0.0,Autumn,No Holiday,Yes
23/10/2018,726,0,11.6,61,0.7,673,4.3,0.0,0.0,0.0,Autumn,No Holiday,Yes
23/10/2018,547,1,11.1,62,0.2,666,4.0,0.0,0.0,0.0,Autumn,No Holiday,Yes
23/10/2018,356,2,10.6,68,0.9,603,4.9,0.0,0.0,0.0,Autumn,No Holiday,Yes
23/10/2018,243,3,10.1,70,1.1,606,4.8,0.0,0.0,0.0,Autumn,No Holiday,Yes
23/10/2018,170,4,10.0,73,0.9,622,5.3,0.0,0.0,0.0,Autumn,No Holiday,Yes
23/10/2018,193,5,10.0,73,0.5,593,5.3,0.0,0.0,0.0,Autumn,No Holiday,Yes
23/10/2018,456,6,9.9,75,1.0,560,5.6,0.0,0.0,0.0,Autumn,No Holiday,Yes
23/10/2018,839,7,10.4,71,0.6,557,5.3,0.0,0.0,0.0,Autumn,No Holiday,Yes
23/10/2018,1423,8,11.0,78,0.8,412,7.3,0.03,0.0,0.0,Autumn,No Holiday,Yes
23/10/2018,1026,9,11.7,77,0.8,394,7.7,0.25,0.0,0.0,Autumn,No Holiday,Yes
23/10/2018,735,10,13.8,65,1.1,475,7.3,1.06,0.0,0.0,Autumn,No Holiday,Yes
23/10/2018,81,11,13.0,70,5.0,989,7.6,0.5,0.0,0.0,Autumn,No Holiday,Yes
23/10/2018,363,12,11.5,90,1.2,973,9.9,0.06,5.0,0.0,Autumn,No Holiday,Yes
23/10/2018,652,13,13.5,82,0.8,962,10.4,1.33,0.0,0.0,Autumn,No Holiday,Yes
23/10/2018,837,14,15.1,71,0.9,973,9.8,1.62,0.0,0.0,Autumn,No Holiday,Yes
23/10/2018,1010,15,16.6,68,1.5,955,10.6,1.55,0.0,0.0,Autumn,No Holiday,Yes
23/10/2018,1294,16,16.1,70,1.3,898,10.6,0.83,0.0,0.0,Autumn,No Holiday,Yes
23/10/2018,1604,17,15.7,63,3.2,1118,8.6,0.39,0.0,0.0,Autumn,No Holiday,Yes
23/10/2018,2415,18,14.5,71,2.1,1235,9.2,0.06,0.0,0.0,Autumn,No Holiday,Yes
23/10/2018,1685,19,14.0,70,1.6,1265,8.6,0.0,0.0,0.0,Autumn,No Holiday,Yes
23/10/2018,1433,20,13.6,70,1.4,1392,8.2,0.0,0.0,0.0,Autumn,No Holiday,Yes
23/10/2018,1380,21,12.6,70,1.2,1425,7.2,0.0,0.0,0.0,Autumn,No Holiday,Yes
23/10/2018,1257,22,12.3,73,0.9,1392,7.5,0.0,0.0,0.0,Autumn,No Holiday,Yes
23/10/2018,876,23,11.2,78,0.5,802,7.4,0.0,0.0,0.0,Autumn,No Holiday,Yes
24/10/2018,708,0,10.8,80,1.0,1151,7.4,0.0,0.0,0.0,Autumn,No Holiday,Yes
24/10/2018,573,1,10.2,84,1.2,1036,7.6,0.0,0.0,0.0,Autumn,No Holiday,Yes
24/10/2018,371,2,9.5,87,1.0,919,7.4,0.0,0.0,0.0,Autumn,No Holiday,Yes
24/10/2018,249,3,9.4,85,1.6,983,6.9,0.0,0.0,0.0,Autumn,No Holiday,Yes
24/10/2018,162,4,9.0,87,0.6,972,6.9,0.0,0.0,0.0,Autumn,No Holiday,Yes
24/10/2018,164,5,8.5,87,1.2,1046,6.4,0.0,0.0,0.0,Autumn,No Holiday,Yes
24/10/2018,453,6,8.1,88,0.9,831,6.2,0.0,0.0,0.0,Autumn,No Holiday,Yes
24/10/2018,1165,7,7.8,90,0.6,763,6.2,0.0,0.0,0.0,Autumn,No Holiday,Yes
24/10/2018,2108,8,8.1,85,1.2,772,5.7,0.26,0.0,0.0,Autumn,No Holiday,Yes
24/10/2018,1151,9,10.1,72,1.1,728,5.2,0.9,0.0,0.0,Autumn,No Holiday,Yes
24/10/2018,811,10,13.0,63,0.9,854,6.1,1.5,0.0,0.0,Autumn,No Holiday,Yes
24/10/2018,940,11,15.7,53,1.0,1172,6.1,1.99,0.0,0.0,Autumn,No Holiday,Yes
24/10/2018,1126,12,16.8,48,1.6,1673,5.7,2.1,0.0,0.0,Autumn,No Holiday,Yes
24/10/2018,1106,13,17.2,43,2.3,1835,4.4,1.68,0.0,0.0,Autumn,No Holiday,Yes
24/10/2018,1150,14,17.6,39,2.5,1964,3.4,1.63,0.0,0.0,Autumn,No Holiday,Yes
24/10/2018,1161,15,18.0,40,3.0,1808,4.1,1.71,0.0,0.0,Autumn,No Holiday,Yes
24/10/2018,1492,16,18.2,42,1.3,1976,5.0,1.22,0.0,0.0,Autumn,No Holiday,Yes
24/10/2018,1904,17,17.0,47,2.2,1989,5.5,0.59,0.0,0.0,Autumn,No Holiday,Yes
24/10/2018,2612,18,15.1,53,1.7,2000,5.5,0.06,0.0,0.0,Autumn,No Holiday,Yes
24/10/2018,1827,19,13.9,61,1.9,2000,6.4,0.0,0.0,0.0,Autumn,No Holiday,Yes
24/10/2018,1556,20,13.1,63,0.4,2000,6.2,0.0,0.0,0.0,Autumn,No Holiday,Yes
24/10/2018,1464,21,12.1,67,1.0,1977,6.1,0.0,0.0,0.0,Autumn,No Holiday,Yes
24/10/2018,1281,22,11.6,71,0.2,1858,6.5,0.0,0.0,0.0,Autumn,No Holiday,Yes
24/10/2018,884,23,11.0,74,0.1,1817,6.5,0.0,0.0,0.0,Autumn,No Holiday,Yes
25/10/2018,729,0,10.5,75,0.3,1800,6.2,0.0,0.0,0.0,Autumn,No Holiday,Yes
25/10/2018,572,1,10.0,78,0.4,1669,6.3,0.0,0.0,0.0,Autumn,No Holiday,Yes
25/10/2018,421,2,9.1,79,0.5,1625,5.6,0.0,0.0,0.0,Autumn,No Holiday,Yes
25/10/2018,266,3,9.1,79,0.2,1689,5.6,0.0,0.0,0.0,Autumn,No Holiday,Yes
25/10/2018,161,4,8.5,83,1.2,1577,5.7,0.0,0.0,0.0,Autumn,No Holiday,Yes
25/10/2018,193,5,7.8,85,0.9,1542,5.4,0.0,0.0,0.0,Autumn,No Holiday,Yes
25/10/2018,450,6,7.5,86,1.3,1301,5.3,0.0,0.0,0.0,Autumn,No Holiday,Yes
25/10/2018,1251,7,7.3,85,1.4,1039,4.9,0.0,0.0,0.0,Autumn,No Holiday,Yes
25/10/2018,2070,8,7.9,76,1.2,1290,3.9,0.25,0.0,0.0,Autumn,No Holiday,Yes
25/10/2018,1168,9,10.3,64,1.0,1544,3.7,0.91,0.0,0.0,Autumn,No Holiday,Yes
25/10/2018,779,10,13.4,53,1.1,1768,4.0,1.53,0.0,0.0,Autumn,No Holiday,Yes
25/10/2018,956,11,16.4,43,0.7,1713,3.7,1.96,0.0,0.0,Autumn,No Holiday,Yes
25/10/2018,1188,12,18.2,37,1.4,1861,3.2,2.25,0.0,0.0,Autumn,No Holiday,Yes
25/10/2018,1154,13,19.4,32,1.1,1787,2.2,2.31,0.0,0.0,Autumn,No Holiday,Yes
25/10/2018,1192,14,20.6,31,1.4,1562,2.8,1.7,0.0,0.0,Autumn,No Holiday,Yes
25/10/2018,1275,15,20.6,32,1.4,1651,3.3,1.4,0.0,0.0,Autumn,No Holiday,Yes
25/10/2018,1528,16,20.4,32,0.9,1720,3.1,0.84,0.0,0.0,Autumn,No Holiday,Yes
25/10/2018,1961,17,19.2,36,0.7,1643,3.7,0.38,0.0,0.0,Autumn,No Holiday,Yes
25/10/2018,2632,18,17.3,39,1.3,1641,3.1,0.03,0.0,0.0,Autumn,No Holiday,Yes
25/10/2018,1968,19,16.4,47,1.0,1694,5.0,0.0,0.0,0.0,Autumn,No Holiday,Yes
25/10/2018,1596,20,15.3,50,0.5,1647,4.9,0.0,0.0,0.0,Autumn,No Holiday,Yes
25/10/2018,1513,21,14.5,50,0.7,1741,4.1,0.0,0.0,0.0,Autumn,No Holiday,Yes
25/10/2018,1316,22,13.6,56,1.0,1611,4.9,0.0,0.0,0.0,Autumn,No Holiday,Yes
25/10/2018,919,23,12.5,59,0.8,1602,4.6,0.0,0.0,0.0,Autumn,No Holiday,Yes
26/10/2018,753,0,12.5,57,0.9,1877,4.1,0.0,0.0,0.0,Autumn,No Holiday,Yes
26/10/2018,629,1,12.7,56,1.2,1952,4.1,0.0,0.0,0.0,Autumn,No Holiday,Yes
26/10/2018,434,2,12.8,59,0.9,1804,4.9,0.0,0.0,0.0,Autumn,No Holiday,Yes
26/10/2018,327,3,12.8,57,0.5,1715,4.4,0.0,0.0,0.0,Autumn,No Holiday,Yes
26/10/2018,185,4,12.6,60,0.6,1648,5.0,0.0,0.0,0.0,Autumn,No Holiday,Yes
26/10/2018,178,5,12.4,60,0.8,1563,4.8,0.0,0.0,0.0,Autumn,No Holiday,Yes
26/10/2018,376,6,12.6,64,1.3,1348,5.9,0.0,0.0,0.0,Autumn,No Holiday,Yes
26/10/2018,556,7,12.6,63,0.8,1265,5.7,0.0,0.0,0.0,Autumn,No Holiday,Yes
26/10/2018,556,8,12.1,81,0.8,706,8.9,0.0,0.5,0.0,Autumn,No Holiday,Yes
26/10/2018,144,9,12.0,86,0.8,405,9.7,0.07,0.5,0.0,Autumn,No Holiday,Yes
26/10/2018,191,10,12.9,84,1.0,534,10.2,0.27,0.0,0.0,Autumn,No Holiday,Yes
26/10/2018,54,11,12.4,87,1.0,317,10.2,0.24,1.0,0.0,Autumn,No Holiday,Yes
26/10/2018,29,12,12.4,90,1.1,297,10.7,0.19,1.0,0.0,Autumn,No Holiday,Yes
26/10/2018,18,13,12.6,87,2.3,539,10.4,0.13,1.5,0.0,Autumn,No Holiday,Yes
26/10/2018,147,14,12.7,95,1.9,255,11.9,0.09,5.5,0.0,Autumn,No Holiday,Yes
26/10/2018,576,15,14.0,87,1.2,1482,11.8,0.68,1.0,0.0,Autumn,No Holiday,Yes
26/10/2018,900,16,14.5,81,1.8,1588,11.2,0.78,0.0,0.0,Autumn,No Holiday,Yes
26/10/2018,1386,17,14.3,77,2.9,1966,10.3,0.5,0.0,0.0,Autumn,No Holiday,Yes
26/10/2018,1882,18,13.1,74,1.6,1989,8.5,0.05,0.0,0.0,Autumn,No Holiday,Yes
26/10/2018,1228,19,12.9,66,2.5,1997,6.6,0.0,0.0,0.0,Autumn,No Holiday,Yes
26/10/2018,1003,20,12.2,67,5.4,1956,6.2,0.0,0.0,0.0,Autumn,No Holiday,Yes
26/10/2018,542,21,10.6,70,2.4,2000,5.3,0.0,0.0,0.0,Autumn,No Holiday,Yes
26/10/2018,680,22,10.5,72,2.4,2000,5.6,0.0,0.0,0.0,Autumn,No Holiday,Yes
26/10/2018,603,23,10.2,64,3.9,2000,3.6,0.0,0.0,0.0,Autumn,No Holiday,Yes
27/10/2018,640,0,9.9,65,3.2,2000,3.6,0.0,0.0,0.0,Autumn,No Holiday,Yes
27/10/2018,585,1,9.9,62,3.5,2000,2.9,0.0,0.0,0.0,Autumn,No Holiday,Yes
27/10/2018,478,2,9.5,58,3.0,2000,1.6,0.0,0.0,0.0,Autumn,No Holiday,Yes
27/10/2018,346,3,9.1,60,2.8,2000,1.7,0.0,0.0,0.0,Autumn,No Holiday,Yes
27/10/2018,233,4,8.8,61,2.8,2000,1.6,0.0,0.0,0.0,Autumn,No Holiday,Yes
27/10/2018,146,5,8.0,65,1.6,2000,1.8,0.0,0.0,0.0,Autumn,No Holiday,Yes
27/10/2018,197,6,7.4,66,2.3,2000,1.4,0.0,0.0,0.0,Autumn,No Holiday,Yes
27/10/2018,388,7,7.3,65,3.2,2000,1.1,0.0,0.0,0.0,Autumn,No Holiday,Yes
27/10/2018,713,8,7.7,62,2.4,1985,0.8,0.23,0.0,0.0,Autumn,No Holiday,Yes
27/10/2018,785,9,8.3,55,4.0,1853,-0.2,0.89,0.0,0.0,Autumn,No Holiday,Yes
27/10/2018,898,10,9.5,46,3.7,1871,-1.5,1.49,0.0,0.0,Autumn,No Holiday,Yes
27/10/2018,996,11,10.4,42,4.1,1988,-1.9,2.01,0.0,0.0,Autumn,No Holiday,Yes
27/10/2018,1076,12,10.4,41,4.9,1966,-2.3,1.33,0.0,0.0,Autumn,No Holiday,Yes
27/10/2018,1118,13,10.6,38,4.6,2000,-3.1,1.63,0.0,0.0,Autumn,No Holiday,Yes
27/10/2018,1183,14,10.8,37,4.4,2000,-3.3,1.29,0.0,0.0,Autumn,No Holiday,Yes
27/10/2018,1254,15,11.4,32,3.8,2000,-4.7,1.21,0.0,0.0,Autumn,No Holiday,Yes
27/10/2018,1308,16,10.6,35,3.3,2000,-4.2,1.02,0.0,0.0,Autumn,No Holiday,Yes
27/10/2018,1176,17,9.5,34,5.7,2000,-5.6,0.45,0.0,0.0,Autumn,No Holiday,Yes
27/10/2018,1054,18,8.9,39,3.5,2000,-4.3,0.05,0.0,0.0,Autumn,No Holiday,Yes
27/10/2018,864,19,8.0,42,2.9,2000,-4.1,0.0,0.0,0.0,Autumn,No Holiday,Yes
27/10/2018,775,20,7.6,44,4.2,2000,-3.8,0.0,0.0,0.0,Autumn,No Holiday,Yes
27/10/2018,775,21,7.3,49,3.4,2000,-2.7,0.0,0.0,0.0,Autumn,No Holiday,Yes
27/10/2018,752,22,6.6,51,1.8,2000,-2.8,0.0,0.0,0.0,Autumn,No Holiday,Yes
27/10/2018,658,23,6.3,52,1.8,2000,-2.8,0.0,0.0,0.0,Autumn,No Holiday,Yes
28/10/2018,699,0,6.7,55,1.5,2000,-1.7,0.0,0.0,0.0,Autumn,No Holiday,Yes
28/10/2018,531,1,6.9,55,1.8,2000,-1.5,0.0,0.0,0.0,Autumn,No Holiday,Yes
28/10/2018,450,2,6.6,59,0.4,2000,-0.8,0.0,0.0,0.0,Autumn,No Holiday,Yes
28/10/2018,299,3,6.2,59,0.6,2000,-1.2,0.0,0.0,0.0,Autumn,No Holiday,Yes
28/10/2018,148,4,6.8,65,1.1,2000,0.6,0.0,0.0,0.0,Autumn,No Holiday,Yes
28/10/2018,27,5,7.2,68,2.5,1740,1.6,0.0,0.0,0.0,Autumn,No Holiday,Yes
28/10/2018,55,6,6.9,86,1.7,1988,4.7,0.0,1.5,0.0,Autumn,No Holiday,Yes
28/10/2018,134,7,6.9,88,0.9,1991,5.0,0.0,0.0,0.0,Autumn,No Holiday,Yes
28/10/2018,74,8,6.8,89,1.4,1856,5.1,0.05,0.0,0.0,Autumn,No Holiday,Yes
28/10/2018,195,9,7.3,90,1.1,1889,5.7,0.12,2.5,0.0,Autumn,No Holiday,Yes
28/10/2018,330,10,8.2,89,0.4,1365,6.4,0.39,0.0,0.0,Autumn,No Holiday,Yes
28/10/2018,544,11,9.4,86,1.2,1220,7.1,0.75,0.0,0.0,Autumn,No Holiday,Yes
28/10/2018,630,12,11.9,74,1.6,1801,7.4,1.84,0.0,0.0,Autumn,No Holiday,Yes
28/10/2018,916,13,12.1,75,1.2,1775,7.7,0.99,0.0,0.0,Autumn,No Holiday,Yes
28/10/2018,962,14,12.4,72,1.9,1860,7.4,1.06,0.0,0.0,Autumn,No Holiday,Yes
28/10/2018,948,15,12.2,67,3.3,2000,6.2,0.86,0.0,0.0,Autumn,No Holiday,Yes
28/10/2018,385,16,12.2,65,1.9,2000,5.8,0.52,0.0,0.0,Autumn,No Holiday,Yes
28/10/2018,535,17,9.4,85,1.2,2000,6.9,0.07,1.5,0.0,Autumn,No Holiday,Yes
28/10/2018,651,18,8.9,85,1.8,2000,6.5,0.01,0.0,0.0,Autumn,No Holiday,Yes
28/10/2018,645,19,8.4,85,1.2,2000,6.0,0.0,0.0,0.0,Autumn,No Holiday,Yes
28/10/2018,624,20,8.2,82,2.8,2000,5.3,0.0,0.0,0.0,Autumn,No Holiday,Yes
28/10/2018,670,21,7.6,75,1.1,2000,3.4,0.0,0.0,0.0,Autumn,No Holiday,Yes
28/10/2018,625,22,6.7,76,0.6,2000,2.7,0.0,0.0,0.0,Autumn,No Holiday,Yes
28/10/2018,512,23,6.0,74,1.1,2000,1.7,0.0,0.0,0.0,Autumn,No Holiday,Yes
29/10/2018,434,0,5.3,81,1.7,1993,2.2,0.0,0.0,0.0,Autumn,No Holiday,Yes
29/10/2018,326,1,5.1,83,1.1,1989,2.4,0.0,0.0,0.0,Autumn,No Holiday,Yes
29/10/2018,184,2,4.7,81,1.0,1918,1.7,0.0,0.0,0.0,Autumn,No Holiday,Yes
29/10/2018,123,3,5.0,67,0.8,2000,-0.6,0.0,0.0,0.0,Autumn,No Holiday,Yes
29/10/2018,117,4,5.6,66,0.7,2000,-0.2,0.0,0.0,0.0,Autumn,No Holiday,Yes
29/10/2018,161,5,5.1,76,0.7,2000,1.2,0.0,0.0,0.0,Autumn,No Holiday,Yes
29/10/2018,436,6,4.7,76,0.6,2000,0.8,0.0,0.0,0.0,Autumn,No Holiday,Yes
29/10/2018,1070,7,4.6,76,0.7,2000,0.7,0.0,0.0,0.0,Autumn,No Holiday,Yes
29/10/2018,1888,8,5.1,67,0.3,1981,-0.5,0.24,0.0,0.0,Autumn,No Holiday,Yes
29/10/2018,1021,9,7.5,53,1.6,1981,-1.4,1.01,0.0,0.0,Autumn,No Holiday,Yes
29/10/2018,771,10,9.6,43,1.8,1930,-2.3,1.49,0.0,0.0,Autumn,No Holiday,Yes
29/10/2018,796,11,11.0,46,2.6,1946,-0.1,1.97,0.0,0.0,Autumn,No Holiday,Yes
29/10/2018,737,12,10.8,49,2.7,2000,0.4,1.45,0.0,0.0,Autumn,No Holiday,Yes
29/10/2018,815,13,10.4,49,2.7,2000,0.1,0.54,0.0,0.0,Autumn,No Holiday,Yes
29/10/2018,838,14,11.3,39,3.7,2000,-2.1,1.18,0.0,0.0,Autumn,No Holiday,Yes
29/10/2018,884,15,11.0,46,3.4,2000,-0.1,0.57,0.0,0.0,Autumn,No Holiday,Yes
29/10/2018,1069,16,11.3,41,3.6,2000,-1.4,0.94,0.0,0.0,Autumn,No Holiday,Yes
29/10/2018,1274,17,10.0,43,4.9,2000,-2.0,0.43,0.0,0.0,Autumn,No Holiday,Yes
29/10/2018,1987,18,9.4,51,3.4,2000,-0.2,0.02,0.0,0.0,Autumn,No Holiday,Yes
29/10/2018,1377,19,8.1,53,3.7,2000,-0.9,0.0,0.0,0.0,Autumn,No Holiday,Yes
29/10/2018,1026,20,6.8,59,3.2,2000,-0.6,0.0,0.0,0.0,Autumn,No Holiday,Yes
29/10/2018,979,21,5.7,61,2.3,2000,-1.2,0.0,0.0,0.0,Autumn,No Holiday,Yes
29/10/2018,906,22,5.1,58,2.2,2000,-2.4,0.0,0.0,0.0,Autumn,No Holiday,Yes
29/10/2018,658,23,4.3,58,1.4,2000,-3.2,0.0,0.0,0.0,Autumn,No Holiday,Yes
30/10/2018,488,0,3.4,55,1.5,2000,-4.8,0.0,0.0,0.0,Autumn,No Holiday,Yes
30/10/2018,440,1,3.0,55,1.0,2000,-5.1,0.0,0.0,0.0,Autumn,No Holiday,Yes
30/10/2018,283,2,2.1,56,0.5,2000,-5.7,0.0,0.0,0.0,Autumn,No Holiday,Yes
30/10/2018,182,3,1.7,59,0.5,2000,-5.4,0.0,0.0,0.0,Autumn,No Holiday,Yes
30/10/2018,150,4,1.6,63,0.3,2000,-4.6,0.0,0.0,0.0,Autumn,No Holiday,Yes
30/10/2018,162,5,1.1,68,0.6,2000,-4.1,0.0,0.0,0.0,Autumn,No Holiday,Yes
30/10/2018,394,6,0.8,69,1.4,2000,-4.2,0.0,0.0,0.0,Autumn,No Holiday,Yes
30/10/2018,1005,7,1.3,65,1.2,2000,-4.5,0.0,0.0,0.0,Autumn,No Holiday,Yes
30/10/2018,1883,8,1.4,58,0.9,1883,-5.9,0.15,0.0,0.0,Autumn,No Holiday,Yes
30/10/2018,982,9,3.7,49,1.9,1961,-6.0,0.89,0.0,0.0,Autumn,No Holiday,Yes
30/10/2018,684,10,6.1,38,2.5,1914,-7.1,1.51,0.0,0.0,Autumn,No Holiday,Yes
30/10/2018,782,11,7.5,36,1.4,1993,-6.6,1.98,0.0,0.0,Autumn,No Holiday,Yes
30/10/2018,881,12,8.5,34,1.5,1892,-6.4,2.21,0.0,0.0,Autumn,No Holiday,Yes
30/10/2018,847,13,9.8,33,1.8,1937,-5.7,2.3,0.0,0.0,Autumn,No Holiday,Yes
30/10/2018,903,14,10.7,33,1.7,2000,-4.9,2.12,0.0,0.0,Autumn,No Holiday,Yes
30/10/2018,965,15,10.9,33,2.6,1963,-4.7,1.73,0.0,0.0,Autumn,No Holiday,Yes
30/10/2018,1110,16,11.0,34,2.3,1999,-4.2,1.16,0.0,0.0,Autumn,No Holiday,Yes
30/10/2018,1357,17,9.9,40,2.6,2000,-3.0,0.47,0.0,0.0,Autumn,No Holiday,Yes
30/10/2018,2074,18,8.4,52,2.6,2000,-0.9,0.03,0.0,0.0,Autumn,No Holiday,Yes
30/10/2018,1442,19,8.0,52,2.1,2000,-1.2,0.0,0.0,0.0,Autumn,No Holiday,Yes
30/10/2018,1186,20,7.6,59,1.1,2000,0.0,0.0,0.0,0.0,Autumn,No Holiday,Yes
30/10/2018,1147,21,7.6,55,2.0,2000,-0.8,0.0,0.0,0.0,Autumn,No Holiday,Yes
30/10/2018,948,22,7.6,50,1.8,2000,-2.1,0.0,0.0,0.0,Autumn,No Holiday,Yes
30/10/2018,527,23,7.7,50,1.0,1988,-2.0,0.0,0.0,0.0,Autumn,No Holiday,Yes
31/10/2018,294,0,7.1,59,1.7,2000,-0.3,0.0,0.0,0.0,Autumn,No Holiday,Yes
31/10/2018,324,1,6.6,66,1.0,2000,0.6,0.0,0.0,0.0,Autumn,No Holiday,Yes
31/10/2018,287,2,6.4,65,0.0,2000,0.2,0.0,0.0,0.0,Autumn,No Holiday,Yes
31/10/2018,227,3,5.6,69,0.1,2000,0.3,0.0,0.0,0.0,Autumn,No Holiday,Yes
31/10/2018,146,4,5.0,71,1.4,1994,0.1,0.0,0.0,0.0,Autumn,No Holiday,Yes
31/10/2018,141,5,4.1,74,0.9,2000,-0.1,0.0,0.0,0.0,Autumn,No Holiday,Yes
31/10/2018,402,6,3.6,75,0.8,2000,-0.4,0.0,0.0,0.0,Autumn,No Holiday,Yes
31/10/2018,1060,7,3.2,74,0.9,2000,-0.9,0.0,0.0,0.0,Autumn,No Holiday,Yes
31/10/2018,1907,8,3.7,67,1.8,1987,-1.8,0.15,0.0,0.0,Autumn,No Holiday,Yes
31/10/2018,996,9,5.1,56,1.8,1825,-2.9,0.89,0.0,0.0,Autumn,No Holiday,Yes
31/10/2018,717,10,7.2,49,2.2,1892,-2.8,1.51,0.0,0.0,Autumn,No Holiday,Yes
31/10/2018,818,11,8.7,41,2.6,1907,-3.8,1.96,0.0,0.0,Autumn,No Holiday,Yes
31/10/2018,907,12,10.0,39,2.0,2000,-3.3,2.2,0.0,0.0,Autumn,No Holiday,Yes
31/10/2018,983,13,11.2,34,2.6,1940,-4.1,2.26,0.0,0.0,Autumn,No Holiday,Yes
31/10/2018,963,14,11.9,34,2.4,1835,-3.4,2.12,0.0,0.0,Autumn,No Holiday,Yes
31/10/2018,994,15,12.0,35,3.0,1908,-3.0,1.72,0.0,0.0,Autumn,No Holiday,Yes
31/10/2018,1185,16,11.8,34,2.3,1979,-3.5,1.16,0.0,0.0,Autumn,No Holiday,Yes
31/10/2018,1462,17,11.3,41,1.8,2000,-1.4,0.51,0.0,0.0,Autumn,No Holiday,Yes
31/10/2018,2094,18,9.4,48,2.0,2000,-1.0,0.03,0.0,0.0,Autumn,No Holiday,Yes
31/10/2018,1507,19,8.4,53,1.0,2000,-0.6,0.0,0.0,0.0,Autumn,No Holiday,Yes
31/10/2018,1176,20,7.6,59,0.7,2000,0.0,0.0,0.0,0.0,Autumn,No Holiday,Yes
31/10/2018,1069,21,7.6,59,3.0,1929,0.0,0.0,0.0,0.0,Autumn,No Holiday,Yes
31/10/2018,1088,22,6.8,58,2.2,1936,-0.9,0.0,0.0,0.0,Autumn,No Holiday,Yes
31/10/2018,798,23,6.4,60,1.8,1930,-0.8,0.0,0.0,0.0,Autumn,No Holiday,Yes
01/11/2018,584,0,5.7,62,2.3,1909,-1.0,0.0,0.0,0.0,Autumn,No Holiday,Yes
01/11/2018,524,1,5.1,65,1.6,1932,-0.9,0.0,0.0,0.0,Autumn,No Holiday,Yes
01/11/2018,362,2,4.4,64,1.4,2000,-1.8,0.0,0.0,0.0,Autumn,No Holiday,Yes
01/11/2018,242,3,4.2,65,0.7,1962,-1.8,0.0,0.0,0.0,Autumn,No Holiday,Yes
01/11/2018,147,4,3.6,70,0.8,1934,-1.3,0.0,0.0,0.0,Autumn,No Holiday,Yes
01/11/2018,154,5,3.3,72,0.0,1946,-1.2,0.0,0.0,0.0,Autumn,No Holiday,Yes
01/11/2018,433,6,2.9,75,0.2,1761,-1.1,0.0,0.0,0.0,Autumn,No Holiday,Yes
01/11/2018,1055,7,2.5,75,0.5,1763,-1.4,0.0,0.0,0.0,Autumn,No Holiday,Yes
01/11/2018,1899,8,2.8,74,0.9,1366,-1.3,0.13,0.0,0.0,Autumn,No Holiday,Yes
01/11/2018,1011,9,4.7,60,0.9,1219,-2.4,0.82,0.0,0.0,Autumn,No Holiday,Yes
01/11/2018,696,10,8.1,51,0.7,1100,-1.4,1.38,0.0,0.0,Autumn,No Holiday,Yes
01/11/2018,852,11,11.1,46,1.6,1518,-0.1,1.84,0.0,0.0,Autumn,No Holiday,Yes
01/11/2018,926,12,12.6,36,2.6,1785,-2.1,2.14,0.0,0.0,Autumn,No Holiday,Yes
01/11/2018,968,13,13.6,32,1.8,1814,-2.8,2.22,0.0,0.0,Autumn,No Holiday,Yes
01/11/2018,1040,14,14.9,31,2.5,1872,-2.1,2.06,0.0,0.0,Autumn,No Holiday,Yes
01/11/2018,1094,15,14.8,30,2.7,1990,-2.6,1.71,0.0,0.0,Autumn,No Holiday,Yes
01/11/2018,1206,16,14.7,32,2.0,1934,-1.8,1.13,0.0,0.0,Autumn,No Holiday,Yes
01/11/2018,1569,17,13.7,37,1.4,2000,-0.7,0.49,0.0,0.0,Autumn,No Holiday,Yes
01/11/2018,2254,18,11.8,43,1.3,1995,-0.3,0.03,0.0,0.0,Autumn,No Holiday,Yes
01/11/2018,1561,19,10.5,49,1.2,1965,0.2,0.0,0.0,0.0,Autumn,No Holiday,Yes
01/11/2018,1269,20,9.9,53,1.7,1868,0.7,0.0,0.0,0.0,Autumn,No Holiday,Yes
01/11/2018,1197,21,9.3,54,1.1,1975,0.4,0.0,0.0,0.0,Autumn,No Holiday,Yes
01/11/2018,1115,22,8.3,61,0.2,1809,1.2,0.0,0.0,0.0,Autumn,No Holiday,Yes
01/11/2018,806,23,7.8,63,0.4,1547,1.1,0.0,0.0,0.0,Autumn,No Holiday,Yes
02/11/2018,642,0,7.2,64,1.0,1639,0.8,0.0,0.0,0.0,Autumn,No Holiday,Yes
02/11/2018,560,1,6.6,69,0.0,1512,1.3,0.0,0.0,0.0,Autumn,No Holiday,Yes
02/11/2018,369,2,6.1,68,0.5,1519,0.6,0.0,0.0,0.0,Autumn,No Holiday,Yes
02/11/2018,251,3,5.7,72,0.8,1368,1.0,0.0,0.0,0.0,Autumn,No Holiday,Yes
02/11/2018,166,4,5.2,74,1.3,1386,0.9,0.0,0.0,0.0,Autumn,No Holiday,Yes
02/11/2018,153,5,4.8,75,0.7,1471,0.7,0.0,0.0,0.0,Autumn,No Holiday,Yes
02/11/2018,403,6,4.5,77,1.0,1410,0.8,0.0,0.0,0.0,Autumn,No Holiday,Yes
02/11/2018,1024,7,4.1,75,0.8,1143,0.0,0.0,0.0,0.0,Autumn,No Holiday,Yes
02/11/2018,1906,8,4.7,72,1.0,1306,0.0,0.12,0.0,0.0,Autumn,No Holiday,Yes
02/11/2018,1027,9,7.0,57,0.7,1553,-0.9,0.79,0.0,0.0,Autumn,No Holiday,Yes
02/11/2018,751,10,10.0,49,1.2,1411,-0.2,1.4,0.0,0.0,Autumn,No Holiday,Yes
02/11/2018,880,11,12.8,44,1.0,1269,0.8,1.84,0.0,0.0,Autumn,No Holiday,Yes
02/11/2018,1023,12,14.9,40,1.1,1288,1.4,2.06,0.0,0.0,Autumn,No Holiday,Yes
02/11/2018,1130,13,16.5,37,1.2,1400,1.7,2.12,0.0,0.0,Autumn,No Holiday,Yes
02/11/2018,1160,14,18.0,31,1.2,1506,0.5,1.98,0.0,0.0,Autumn,No Holiday,Yes
02/11/2018,1251,15,18.6,31,1.4,1575,1.1,1.63,0.0,0.0,Autumn,No Holiday,Yes
02/11/2018,1424,16,18.8,32,1.4,1717,1.7,1.09,0.0,0.0,Autumn,No Holiday,Yes
02/11/2018,1730,17,17.0,36,1.5,1672,1.8,0.47,0.0,0.0,Autumn,No Holiday,Yes
02/11/2018,2314,18,14.6,42,1.4,1428,1.8,0.02,0.0,0.0,Autumn,No Holiday,Yes
02/11/2018,1568,19,12.8,40,1.4,1870,-0.4,0.0,0.0,0.0,Autumn,No Holiday,Yes
02/11/2018,1242,20,11.7,45,1.2,1748,0.1,0.0,0.0,0.0,Autumn,No Holiday,Yes
02/11/2018,1146,21,10.8,57,2.0,1219,2.6,0.0,0.0,0.0,Autumn,No Holiday,Yes
02/11/2018,1106,22,10.0,56,2.0,1290,1.6,0.0,0.0,0.0,Autumn,No Holiday,Yes
02/11/2018,851,23,9.7,56,1.3,1423,1.3,0.0,0.0,0.0,Autumn,No Holiday,Yes
03/11/2018,0,0,8.8,63,0.6,1314,2.1,0.0,0.0,0.0,Autumn,No Holiday,No
03/11/2018,0,1,8.5,61,0.2,1273,1.3,0.0,0.0,0.0,Autumn,No Holiday,No
03/11/2018,0,2,7.6,68,1.2,1170,2.0,0.0,0.0,0.0,Autumn,No Holiday,No
03/11/2018,0,3,7.1,67,0.6,1229,1.3,0.0,0.0,0.0,Autumn,No Holiday,No
03/11/2018,0,4,6.3,72,1.0,1104,1.6,0.0,0.0,0.0,Autumn,No Holiday,No
03/11/2018,0,5,6.1,75,1.0,1053,1.9,0.0,0.0,0.0,Autumn,No Holiday,No
03/11/2018,0,6,5.5,78,0.6,983,1.9,0.0,0.0,0.0,Autumn,No Holiday,No
03/11/2018,0,7,5.2,79,1.3,894,1.8,0.0,0.0,0.0,Autumn,No Holiday,No
03/11/2018,0,8,5.4,75,0.4,905,1.3,0.11,0.0,0.0,Autumn,No Holiday,No
03/11/2018,0,9,7.9,58,1.3,1033,0.1,0.8,0.0,0.0,Autumn,No Holiday,No
03/11/2018,0,10,11.0,49,0.7,957,0.6,1.4,0.0,0.0,Autumn,No Holiday,No
03/11/2018,0,11,14.5,42,1.6,890,1.7,1.85,0.0,0.0,Autumn,No Holiday,No
03/11/2018,0,12,16.5,37,1.8,1060,1.7,2.14,0.0,0.0,Autumn,No Holiday,No
03/11/2018,0,13,17.8,29,2.0,1328,-0.4,2.17,0.0,0.0,Autumn,No Holiday,No
03/11/2018,0,14,18.1,24,2.4,1594,-2.8,1.97,0.0,0.0,Autumn,No Holiday,No
03/11/2018,0,15,18.5,25,1.6,1724,-1.9,1.63,0.0,0.0,Autumn,No Holiday,No
03/11/2018,0,16,18.7,25,2.1,1605,-1.7,1.07,0.0,0.0,Autumn,No Holiday,No
03/11/2018,0,17,16.7,45,2.2,772,4.6,0.43,0.0,0.0,Autumn,No Holiday,No
03/11/2018,0,18,14.2,51,1.5,990,4.1,0.02,0.0,0.0,Autumn,No Holiday,No
03/11/2018,0,19,13.4,62,1.6,740,6.2,0.0,0.0,0.0,Autumn,No Holiday,No
03/11/2018,0,20,12.1,68,0.8,592,6.3,0.0,0.0,0.0,Autumn,No Holiday,No
03/11/2018,0,21,11.1,69,0.9,619,5.6,0.0,0.0,0.0,Autumn,No Holiday,No
03/11/2018,0,22,10.0,68,1.1,791,4.3,0.0,0.0,0.0,Autumn,No Holiday,No
03/11/2018,0,23,9.2,65,1.2,1064,2.9,0.0,0.0,0.0,Autumn,No Holiday,No
04/11/2018,720,0,9.1,63,0.6,1292,2.4,0.0,0.0,0.0,Autumn,No Holiday,Yes
04/11/2018,517,1,8.6,60,1.1,1416,1.2,0.0,0.0,0.0,Autumn,No Holiday,Yes
04/11/2018,378,2,8.2,62,0.2,1415,1.3,0.0,0.0,0.0,Autumn,No Holiday,Yes
04/11/2018,296,3,7.6,66,0.9,1432,1.6,0.0,0.0,0.0,Autumn,No Holiday,Yes
04/11/2018,188,4,6.9,70,1.5,1314,1.7,0.0,0.0,0.0,Autumn,No Holiday,Yes
04/11/2018,112,5,6.6,73,0.3,1219,2.0,0.0,0.0,0.0,Autumn,No Holiday,Yes
04/11/2018,141,6,6.2,73,0.3,1018,1.7,0.0,0.0,0.0,Autumn,No Holiday,Yes
04/11/2018,259,7,5.8,79,1.0,862,2.4,0.0,0.0,0.0,Autumn,No Holiday,Yes
04/11/2018,481,8,5.7,78,1.1,714,2.1,0.09,0.0,0.0,Autumn,No Holiday,Yes
04/11/2018,632,9,7.5,60,0.5,725,0.2,0.79,0.0,0.0,Autumn,No Holiday,Yes
04/11/2018,747,10,11.1,51,0.8,679,1.3,1.38,0.0,0.0,Autumn,No Holiday,Yes
04/11/2018,963,11,14.8,46,2.0,768,3.2,1.83,0.0,0.0,Autumn,No Holiday,Yes
04/11/2018,1145,12,16.3,33,2.9,1530,0.0,2.13,0.0,0.0,Autumn,No Holiday,Yes
04/11/2018,1355,13,18.3,26,1.2,1503,-1.5,2.17,0.0,0.0,Autumn,No Holiday,Yes
04/11/2018,1511,14,19.3,28,1.7,1208,0.3,1.93,0.0,0.0,Autumn,No Holiday,Yes
04/11/2018,1579,15,19.0,25,2.1,1748,-1.5,1.6,0.0,0.0,Autumn,No Holiday,Yes
04/11/2018,1690,16,18.4,25,3.2,1909,-2.0,1.05,0.0,0.0,Autumn,No Holiday,Yes
04/11/2018,1596,17,16.9,33,2.2,1972,0.5,0.43,0.0,0.0,Autumn,No Holiday,Yes
04/11/2018,1335,18,14.5,46,2.6,1618,3.0,0.01,0.0,0.0,Autumn,No Holiday,Yes
04/11/2018,1180,19,12.9,56,2.5,1345,4.3,0.0,0.0,0.0,Autumn,No Holiday,Yes
04/11/2018,1077,20,12.7,59,1.2,1177,4.8,0.0,0.0,0.0,Autumn,No Holiday,Yes
04/11/2018,1001,21,11.8,62,0.7,1030,4.7,0.0,0.0,0.0,Autumn,No Holiday,Yes
04/11/2018,912,22,11.2,67,1.3,940,5.2,0.0,0.0,0.0,Autumn,No Holiday,Yes
04/11/2018,656,23,10.6,73,1.3,931,5.9,0.0,0.0,0.0,Autumn,No Holiday,Yes
05/11/2018,520,0,10.1,75,0.0,922,5.8,0.0,0.0,0.0,Autumn,No Holiday,Yes
05/11/2018,346,1,9.3,78,0.1,828,5.6,0.0,0.0,0.0,Autumn,No Holiday,Yes
05/11/2018,206,2,8.8,81,0.0,773,5.7,0.0,0.0,0.0,Autumn,No Holiday,Yes
05/11/2018,161,3,8.3,81,1.1,642,5.2,0.0,0.0,0.0,Autumn,No Holiday,Yes
05/11/2018,107,4,8.0,81,0.4,666,4.9,0.0,0.0,0.0,Autumn,No Holiday,Yes
05/11/2018,166,5,8.0,84,0.7,569,5.4,0.0,0.0,0.0,Autumn,No Holiday,Yes
05/11/2018,448,6,7.2,83,0.8,636,4.4,0.0,0.0,0.0,Autumn,No Holiday,Yes
05/11/2018,1115,7,7.0,86,1.1,455,4.8,0.0,0.0,0.0,Autumn,No Holiday,Yes
05/11/2018,1975,8,7.2,80,0.8,515,3.9,0.13,0.0,0.0,Autumn,No Holiday,Yes
05/11/2018,1005,9,8.9,67,1.1,578,3.0,0.69,0.0,0.0,Autumn,No Holiday,Yes
05/11/2018,790,10,11.8,59,0.9,616,4.0,1.23,0.0,0.0,Autumn,No Holiday,Yes
05/11/2018,829,11,13.8,47,1.2,994,2.6,1.71,0.0,0.0,Autumn,No Holiday,Yes
05/11/2018,971,12,16.4,48,2.1,653,5.3,1.68,0.0,0.0,Autumn,No Holiday,Yes
05/11/2018,986,13,16.8,46,1.1,760,5.0,1.71,0.0,0.0,Autumn,No Holiday,Yes
05/11/2018,993,14,17.5,38,1.2,1090,3.0,1.74,0.0,0.0,Autumn,No Holiday,Yes
05/11/2018,1100,15,18.0,39,1.0,1208,3.8,1.21,0.0,0.0,Autumn,No Holiday,Yes
05/11/2018,1318,16,16.8,46,1.8,1041,5.0,0.72,0.0,0.0,Autumn,No Holiday,Yes
05/11/2018,1664,17,15.7,49,2.0,1252,5.0,0.26,0.0,0.0,Autumn,No Holiday,Yes
05/11/2018,2357,18,14.5,54,1.3,1343,5.2,0.01,0.0,0.0,Autumn,No Holiday,Yes
05/11/2018,1618,19,13.2,66,1.7,705,6.9,0.0,0.0,0.0,Autumn,No Holiday,Yes
05/11/2018,1464,20,12.7,75,2.0,433,8.3,0.0,0.0,0.0,Autumn,No Holiday,Yes
05/11/2018,1289,21,12.2,79,1.8,351,8.6,0.0,0.0,0.0,Autumn,No Holiday,Yes
05/11/2018,1215,22,11.6,81,1.2,336,8.4,0.0,0.0,0.0,Autumn,No Holiday,Yes
05/11/2018,829,23,10.9,82,0.1,346,7.9,0.0,0.0,0.0,Autumn,No Holiday,Yes
06/11/2018,0,0,10.0,73,0.5,700,5.3,0.0,0.0,0.0,Autumn,No Holiday,No
06/11/2018,0,1,9.8,75,0.5,668,5.5,0.0,0.0,0.0,Autumn,No Holiday,No
06/11/2018,0,2,9.7,78,0.0,619,6.0,0.0,0.0,0.0,Autumn,No Holiday,No
06/11/2018,0,3,9.4,81,0.3,500,6.2,0.0,0.0,0.0,Autumn,No Holiday,No
06/11/2018,0,4,9.1,81,0.0,493,6.0,0.0,0.0,0.0,Autumn,No Holiday,No
06/11/2018,0,5,8.8,84,0.6,420,6.2,0.0,0.0,0.0,Autumn,No Holiday,No
06/11/2018,0,6,8.5,83,0.7,409,5.7,0.0,0.0,0.0,Autumn,No Holiday,No
06/11/2018,0,7,8.3,84,0.9,422,5.7,0.0,0.0,0.0,Autumn,No Holiday,No
06/11/2018,0,8,8.7,77,0.7,529,4.8,0.11,0.0,0.0,Autumn,No Holiday,No
06/11/2018,0,9,10.1,68,0.2,578,4.4,0.33,0.0,0.0,Autumn,No Holiday,No
06/11/2018,0,10,11.7,62,0.5,521,4.6,0.77,0.0,0.0,Autumn,No Holiday,No
06/11/2018,0,11,13.0,55,1.0,488,4.1,0.84,0.0,0.0,Autumn,No Holiday,No
06/11/2018,0,12,14.5,57,0.8,373,6.0,1.08,0.0,0.0,Autumn,No Holiday,No
06/11/2018,0,13,16.1,56,1.7,328,7.3,1.54,0.0,0.0,Autumn,No Holiday,No
06/11/2018,0,14,17.4,50,2.4,336,6.8,1.52,0.0,0.0,Autumn,No Holiday,No
06/11/2018,0,15,16.3,54,1.6,374,6.9,0.76,0.0,0.0,Autumn,No Holiday,No
06/11/2018,0,16,16.6,55,1.3,334,7.5,0.66,0.0,0.0,Autumn,No Holiday,No
06/11/2018,0,17,15.3,63,1.2,260,8.2,0.23,0.0,0.0,Autumn,No Holiday,No
06/11/2018,0,18,14.0,71,1.5,201,8.8,0.01,0.0,0.0,Autumn,No Holiday,No
06/11/2018,0,19,13.3,72,1.1,234,8.3,0.0,0.0,0.0,Autumn,No Holiday,No
06/11/2018,0,20,13.2,73,1.1,246,8.4,0.0,0.0,0.0,Autumn,No Holiday,No
06/11/2018,0,21,13.0,76,0.9,231,8.8,0.0,0.0,0.0,Autumn,No Holiday,No
06/11/2018,0,22,12.3,73,1.2,277,7.5,0.0,0.0,0.0,Autumn,No Holiday,No
06/11/2018,0,23,12.2,74,1.1,291,7.6,0.0,0.0,0.0,Autumn,No Holiday,No
07/11/2018,639,0,11.9,74,1.6,287,7.4,0.0,0.0,0.0,Autumn,No Holiday,Yes
07/11/2018,410,1,11.9,76,1.4,286,7.7,0.0,0.0,0.0,Autumn,No Holiday,Yes
07/11/2018,136,2,12.0,81,1.3,295,8.8,0.0,0.0,0.0,Autumn,No Holiday,Yes
07/11/2018,40,3,10.8,88,1.0,145,8.8,0.0,0.5,0.0,Autumn,No Holiday,Yes
07/11/2018,47,4,10.6,95,0.7,94,9.8,0.0,0.0,0.0,Autumn,No Holiday,Yes
07/11/2018,71,5,11.1,95,0.2,117,10.3,0.0,0.0,0.0,Autumn,No Holiday,Yes
07/11/2018,194,6,11.0,91,1.0,124,9.5,0.0,1.0,0.0,Autumn,No Holiday,Yes
07/11/2018,526,7,10.8,91,1.3,216,9.3,0.0,0.0,0.0,Autumn,No Holiday,Yes
07/11/2018,1171,8,11.3,89,1.1,279,9.5,0.01,0.0,0.0,Autumn,No Holiday,Yes
07/11/2018,740,9,11.2,86,1.0,372,8.9,0.09,0.5,0.0,Autumn,No Holiday,Yes
07/11/2018,555,10,11.9,84,0.9,482,9.2,0.2,0.0,0.0,Autumn,No Holiday,Yes
07/11/2018,608,11,12.4,82,0.6,507,9.4,0.34,0.0,0.0,Autumn,No Holiday,Yes
07/11/2018,697,12,13.2,77,1.3,589,9.2,0.5,0.0,0.0,Autumn,No Holiday,Yes
07/11/2018,798,13,14.5,74,1.3,610,9.9,0.75,0.0,0.0,Autumn,No Holiday,Yes
07/11/2018,767,14,15.5,68,1.4,693,9.6,1.15,0.0,0.0,Autumn,No Holiday,Yes
07/11/2018,848,15,15.4,72,1.1,608,10.3,0.57,0.0,0.0,Autumn,No Holiday,Yes
07/11/2018,834,16,15.2,72,1.2,625,10.1,0.4,0.0,0.0,Autumn,No Holiday,Yes
07/11/2018,1115,17,14.9,73,0.9,854,10.0,0.04,0.0,0.0,Autumn,No Holiday,Yes
07/11/2018,1347,18,14.4,77,1.0,912,10.4,0.0,0.0,0.0,Autumn,No Holiday,Yes
07/11/2018,1176,19,13.8,81,1.5,760,10.5,0.0,0.0,0.0,Autumn,No Holiday,Yes
07/11/2018,1062,20,13.3,77,1.6,833,9.3,0.0,0.0,0.0,Autumn,No Holiday,Yes
07/11/2018,1062,21,13.5,75,0.8,1275,9.1,0.0,0.0,0.0,Autumn,No Holiday,Yes
07/11/2018,1003,22,13.2,74,1.4,1407,8.6,0.0,0.0,0.0,Autumn,No Holiday,Yes
07/11/2018,679,23,12.9,72,1.4,2000,7.9,0.0,0.0,0.0,Autumn,No Holiday,Yes
08/11/2018,395,0,12.9,70,1.8,2000,7.5,0.0,0.0,0.0,Autumn,No Holiday,Yes
08/11/2018,158,1,11.9,77,1.1,1634,7.9,0.0,0.0,0.0,Autumn,No Holiday,Yes
08/11/2018,122,2,11.8,84,1.6,1874,9.1,0.0,0.0,0.0,Autumn,No Holiday,Yes
08/11/2018,78,3,11.8,86,1.6,1819,9.5,0.0,0.5,0.0,Autumn,No Holiday,Yes
08/11/2018,50,4,10.8,87,1.7,956,8.7,0.0,0.0,0.0,Autumn,No Holiday,Yes
08/11/2018,49,5,10.8,89,1.6,957,9.0,0.0,0.0,0.0,Autumn,No Holiday,Yes
08/11/2018,136,6,10.6,90,1.6,1065,9.0,0.0,1.5,0.0,Autumn,No Holiday,Yes
08/11/2018,174,7,10.9,88,1.8,1866,8.9,0.0,0.0,0.0,Autumn,No Holiday,Yes
08/11/2018,148,8,10.6,89,1.5,689,8.8,0.02,0.0,0.0,Autumn,No Holiday,Yes
08/11/2018,56,9,10.6,94,2.1,739,9.6,0.06,2.0,0.0,Autumn,No Holiday,Yes
08/11/2018,17,10,10.8,94,1.8,578,9.8,0.15,0.0,0.0,Autumn,No Holiday,Yes
08/11/2018,25,11,10.9,95,2.4,519,10.1,0.12,0.0,0.0,Autumn,No Holiday,Yes
08/11/2018,17,12,11.4,95,2.5,792,10.6,0.44,5.5,0.0,Autumn,No Holiday,Yes
08/11/2018,18,13,11.5,95,2.1,457,10.7,0.32,0.0,0.0,Autumn,No Holiday,Yes
08/11/2018,46,14,11.3,96,2.7,302,10.6,0.11,0.0,0.0,Autumn,No Holiday,Yes
08/11/2018,56,15,11.4,96,2.0,910,10.7,0.07,9.5,0.0,Autumn,No Holiday,Yes
08/11/2018,14,16,11.7,96,1.4,587,11.0,0.02,0.0,0.0,Autumn,No Holiday,Yes
08/11/2018,30,17,11.9,97,0.7,269,11.4,0.0,0.0,0.0,Autumn,No Holiday,Yes
08/11/2018,40,18,12.9,97,0.0,406,12.4,0.0,9.0,0.0,Autumn,No Holiday,Yes
08/11/2018,19,19,12.8,97,0.9,245,12.3,0.0,0.0,0.0,Autumn,No Holiday,Yes
08/11/2018,12,20,13.9,97,2.5,594,13.4,0.0,0.0,0.0,Autumn,No Holiday,Yes
08/11/2018,21,21,14.0,96,4.1,292,13.3,0.0,18.0,0.0,Autumn,No Holiday,Yes
08/11/2018,14,22,12.4,96,2.7,545,11.7,0.0,0.0,0.0,Autumn,No Holiday,Yes
08/11/2018,26,23,11.5,96,3.0,691,10.8,0.0,0.0,0.0,Autumn,No Holiday,Yes
09/11/2018,0,0,12.0,96,3.1,1185,11.3,0.0,18.0,0.0,Autumn,No Holiday,No
09/11/2018,0,1,11.4,89,2.6,1376,9.6,0.0,0.0,0.0,Autumn,No Holiday,No
09/11/2018,0,2,11.3,88,3.7,1680,9.3,0.0,0.0,0.0,Autumn,No Holiday,No
09/11/2018,0,3,10.8,82,2.8,1712,7.8,0.0,0.5,0.0,Autumn,No Holiday,No
09/11/2018,0,4,10.6,75,3.2,913,6.3,0.0,0.0,0.0,Autumn,No Holiday,No
09/11/2018,0,5,10.9,68,3.1,1034,5.2,0.0,0.0,0.0,Autumn,No Holiday,No
09/11/2018,0,6,11.0,70,3.1,900,5.7,0.0,0.0,0.0,Autumn,No Holiday,No
09/11/2018,0,7,10.4,81,3.0,1741,7.2,0.0,0.0,0.0,Autumn,No Holiday,No
09/11/2018,0,8,10.1,85,2.4,1809,7.6,0.05,0.0,0.0,Autumn,No Holiday,No
09/11/2018,0,9,10.8,78,2.6,1985,7.1,0.13,0.5,0.0,Autumn,No Holiday,No
09/11/2018,0,10,11.3,68,4.7,1984,5.5,0.44,0.0,0.0,Autumn,No Holiday,No
09/11/2018,0,11,13.3,59,4.1,1970,5.4,1.43,0.0,0.0,Autumn,No Holiday,No
09/11/2018,0,12,13.9,50,4.1,1964,3.6,2.14,0.0,0.0,Autumn,No Holiday,No
09/11/2018,0,13,14.0,46,5.3,927,2.5,1.68,0.0,0.0,Autumn,No Holiday,No
09/11/2018,0,14,15.0,49,2.8,518,4.3,1.53,0.0,0.0,Autumn,No Holiday,No
09/11/2018,0,15,15.1,52,3.4,622,5.3,1.3,0.0,0.0,Autumn,No Holiday,No
09/11/2018,0,16,14.3,59,3.6,858,6.3,0.72,0.0,0.0,Autumn,No Holiday,No
09/11/2018,0,17,12.9,66,3.6,682,6.6,0.32,0.0,0.0,Autumn,No Holiday,No
09/11/2018,0,18,12.3,69,2.1,623,6.7,0.01,0.0,0.0,Autumn,No Holiday,No
09/11/2018,0,19,11.9,71,2.7,589,6.7,0.0,0.0,0.0,Autumn,No Holiday,No
09/11/2018,0,20,11.9,72,2.5,526,7.0,0.0,0.0,0.0,Autumn,No Holiday,No
09/11/2018,0,21,11.4,74,1.9,498,6.9,0.0,0.0,0.0,Autumn,No Holiday,No
09/11/2018,0,22,11.2,75,1.7,478,6.9,0.0,0.0,0.0,Autumn,No Holiday,No
09/11/2018,0,23,10.9,76,1.2,456,6.8,0.0,0.0,0.0,Autumn,No Holiday,No
10/11/2018,754,0,11.3,77,0.9,433,7.4,0.0,0.0,0.0,Autumn,No Holiday,Yes
10/11/2018,679,1,11.2,78,1.1,467,7.4,0.0,0.0,0.0,Autumn,No Holiday,Yes
10/11/2018,568,2,10.7,80,0.6,409,7.3,0.0,0.0,0.0,Autumn,No Holiday,Yes
10/11/2018,372,3,10.3,81,0.7,361,7.1,0.0,0.0,0.0,Autumn,No Holiday,Yes
10/11/2018,223,4,9.5,87,0.6,266,7.4,0.0,0.0,0.0,Autumn,No Holiday,Yes
10/11/2018,137,5,9.4,87,0.8,279,7.3,0.0,0.0,0.0,Autumn,No Holiday,Yes
10/11/2018,167,6,9.5,85,0.6,304,7.0,0.0,0.0,0.0,Autumn,No Holiday,Yes
10/11/2018,309,7,9.5,86,0.6,293,7.2,0.0,0.0,0.0,Autumn,No Holiday,Yes
10/11/2018,589,8,9.3,85,0.3,313,6.9,0.07,0.0,0.0,Autumn,No Holiday,Yes
10/11/2018,628,9,10.1,77,0.0,350,6.2,0.45,0.0,0.0,Autumn,No Holiday,Yes
10/11/2018,699,10,12.2,73,1.9,374,7.4,0.92,0.0,0.0,Autumn,No Holiday,Yes
10/11/2018,768,11,13.8,63,2.2,416,6.8,1.32,0.0,0.0,Autumn,No Holiday,Yes
10/11/2018,1034,12,15.1,54,2.2,495,5.8,1.91,0.0,0.0,Autumn,No Holiday,Yes
10/11/2018,1094,13,15.9,48,2.7,538,4.8,1.87,0.0,0.0,Autumn,No Holiday,Yes
10/11/2018,1113,14,17.1,39,2.0,781,3.0,1.85,0.0,0.0,Autumn,No Holiday,Yes
10/11/2018,1229,15,16.6,36,2.5,808,1.4,1.45,0.0,0.0,Autumn,No Holiday,Yes
10/11/2018,1263,16,16.0,37,1.9,984,1.2,0.94,0.0,0.0,Autumn,No Holiday,Yes
10/11/2018,1379,17,14.8,47,1.3,787,3.5,0.35,0.0,0.0,Autumn,No Holiday,Yes
10/11/2018,1226,18,13.2,57,2.2,618,4.8,0.01,0.0,0.0,Autumn,No Holiday,Yes
10/11/2018,957,19,12.1,67,1.5,430,6.1,0.0,0.0,0.0,Autumn,No Holiday,Yes
10/11/2018,877,20,11.3,74,1.2,350,6.8,0.0,0.0,0.0,Autumn,No Holiday,Yes
10/11/2018,847,21,10.8,78,1.0,303,7.1,0.0,0.0,0.0,Autumn,No Holiday,Yes
10/11/2018,885,22,10.6,81,1.2,281,7.4,0.0,0.0,0.0,Autumn,No Holiday,Yes
10/11/2018,676,23,10.3,84,1.3,250,7.7,0.0,0.0,0.0,Autumn,No Holiday,Yes
11/11/2018,655,0,9.4,85,0.6,241,6.9,0.0,0.0,0.0,Autumn,No Holiday,Yes
11/11/2018,518,1,8.8,89,0.7,213,7.0,0.0,0.0,0.0,Autumn,No Holiday,Yes
11/11/2018,370,2,7.9,85,1.1,275,5.5,0.0,0.0,0.0,Autumn,No Holiday,Yes
11/11/2018,314,3,7.1,85,0.7,329,4.7,0.0,0.0,0.0,Autumn,No Holiday,Yes
11/11/2018,189,4,6.9,82,0.5,337,4.0,0.0,0.0,0.0,Autumn,No Holiday,Yes
11/11/2018,111,5,6.8,83,0.6,341,4.1,0.0,0.0,0.0,Autumn,No Holiday,Yes
11/11/2018,117,6,6.6,84,1.2,373,4.0,0.0,0.0,0.0,Autumn,No Holiday,Yes
11/11/2018,228,7,6.4,84,1.3,369,3.8,0.0,0.0,0.0,Autumn,No Holiday,Yes
11/11/2018,395,8,6.3,81,0.8,365,3.2,0.11,0.0,0.0,Autumn,No Holiday,Yes
11/11/2018,574,9,7.8,72,1.2,360,3.0,0.54,0.0,0.0,Autumn,No Holiday,Yes
11/11/2018,563,10,10.2,68,0.7,354,4.5,1.06,0.0,0.0,Autumn,No Holiday,Yes
11/11/2018,578,11,10.7,68,0.4,341,5.0,0.54,0.0,0.0,Autumn,No Holiday,Yes
11/11/2018,769,12,10.6,72,2.0,365,5.7,0.29,0.0,0.0,Autumn,No Holiday,Yes
11/11/2018,758,13,9.8,70,1.7,360,4.5,0.33,0.0,0.0,Autumn,No Holiday,Yes
11/11/2018,810,14,10.1,58,0.9,605,2.1,0.43,0.0,0.0,Autumn,No Holiday,Yes
11/11/2018,832,15,10.2,58,2.0,573,2.2,0.29,0.0,0.0,Autumn,No Holiday,Yes
11/11/2018,616,16,9.9,59,1.3,578,2.2,0.1,0.0,0.0,Autumn,No Holiday,Yes
11/11/2018,660,17,8.9,57,3.0,1149,0.8,0.03,0.0,0.0,Autumn,No Holiday,Yes
11/11/2018,752,18,8.9,55,2.0,1333,0.3,0.0,0.0,0.0,Autumn,No Holiday,Yes
11/11/2018,685,19,8.7,52,0.8,1590,-0.6,0.0,0.0,0.0,Autumn,No Holiday,Yes
11/11/2018,711,20,8.2,53,0.6,1621,-0.8,0.0,0.0,0.0,Autumn,No Holiday,Yes
11/11/2018,689,21,8.0,51,0.5,1989,-1.5,0.0,0.0,0.0,Autumn,No Holiday,Yes
11/11/2018,690,22,7.0,60,0.0,1948,-0.2,0.0,0.0,0.0,Autumn,No Holiday,Yes
11/11/2018,554,23,6.3,62,0.0,1993,-0.4,0.0,0.0,0.0,Autumn,No Holiday,Yes
12/11/2018,456,0,5.4,64,0.8,2000,-0.8,0.0,0.0,0.0,Autumn,No Holiday,Yes
12/11/2018,344,1,5.0,67,1.3,2000,-0.6,0.0,0.0,0.0,Autumn,No Holiday,Yes
12/11/2018,187,2,4.8,66,1.6,2000,-1.0,0.0,0.0,0.0,Autumn,No Holiday,Yes
12/11/2018,122,3,4.6,65,0.1,2000,-1.4,0.0,0.0,0.0,Autumn,No Holiday,Yes
12/11/2018,109,4,4.0,68,0.0,2000,-1.3,0.0,0.0,0.0,Autumn,No Holiday,Yes
12/11/2018,158,5,4.0,71,0.0,2000,-0.7,0.0,0.0,0.0,Autumn,No Holiday,Yes
12/11/2018,419,6,3.8,69,0.0,1995,-1.3,0.0,0.0,0.0,Autumn,No Holiday,Yes
12/11/2018,1004,7,3.4,72,1.0,1989,-1.1,0.0,0.0,0.0,Autumn,No Holiday,Yes
12/11/2018,1699,8,3.3,69,0.0,2000,-1.8,0.06,0.0,0.0,Autumn,No Holiday,Yes
12/11/2018,931,9,5.2,55,1.4,1752,-3.1,0.67,0.0,0.0,Autumn,No Holiday,Yes
12/11/2018,683,10,8.3,50,1.1,1364,-1.5,1.23,0.0,0.0,Autumn,No Holiday,Yes
12/11/2018,785,11,10.3,40,0.7,1672,-2.7,1.66,0.0,0.0,Autumn,No Holiday,Yes
12/11/2018,888,12,12.3,37,0.8,1690,-1.9,1.93,0.0,0.0,Autumn,No Holiday,Yes
12/11/2018,889,13,13.3,36,2.1,1283,-1.4,1.99,0.0,0.0,Autumn,No Holiday,Yes
12/11/2018,886,14,14.2,33,1.5,1374,-1.8,1.84,0.0,0.0,Autumn,No Holiday,Yes
12/11/2018,1084,15,13.8,34,2.4,1438,-1.8,1.45,0.0,0.0,Autumn,No Holiday,Yes
12/11/2018,1193,16,12.9,38,2.6,1476,-1.1,0.94,0.0,0.0,Autumn,No Holiday,Yes
12/11/2018,1472,17,11.8,43,1.8,1685,-0.3,0.34,0.0,0.0,Autumn,No Holiday,Yes
12/11/2018,2022,18,10.6,45,1.8,1936,-0.8,0.01,0.0,0.0,Autumn,No Holiday,Yes
12/11/2018,1466,19,9.8,46,2.8,1945,-1.2,0.0,0.0,0.0,Autumn,No Holiday,Yes
12/11/2018,1292,20,9.0,48,1.9,1879,-1.4,0.0,0.0,0.0,Autumn,No Holiday,Yes
12/11/2018,1189,21,8.5,50,0.5,1707,-1.3,0.0,0.0,0.0,Autumn,No Holiday,Yes
12/11/2018,1023,22,7.6,55,1.7,1694,-0.8,0.0,0.0,0.0,Autumn,No Holiday,Yes
12/11/2018,702,23,6.9,60,0.8,1610,-0.3,0.0,0.0,0.0,Autumn,No Holiday,Yes
13/11/2018,587,0,6.2,63,0.8,1611,-0.3,0.0,0.0,0.0,Autumn,No Holiday,Yes
13/11/2018,487,1,5.6,68,0.5,1576,0.1,0.0,0.0,0.0,Autumn,No Holiday,Yes
13/11/2018,330,2,5.6,64,0.1,1556,-0.6,0.0,0.0,0.0,Autumn,No Holiday,Yes
13/11/2018,205,3,5.3,62,0.0,1485,-1.4,0.0,0.0,0.0,Autumn,No Holiday,Yes
13/11/2018,133,4,4.9,63,0.0,1397,-1.5,0.0,0.0,0.0,Autumn,No Holiday,Yes
13/11/2018,162,5,4.7,72,0.0,1310,0.0,0.0,0.0,0.0,Autumn,No Holiday,Yes
13/11/2018,402,6,4.2,72,0.8,1326,-0.4,0.0,0.0,0.0,Autumn,No Holiday,Yes
13/11/2018,1066,7,4.4,72,0.3,1189,-0.2,0.0,0.0,0.0,Autumn,No Holiday,Yes
13/11/2018,1910,8,4.7,68,0.5,1032,-0.7,0.06,0.0,0.0,Autumn,No Holiday,Yes
13/11/2018,990,9,6.0,59,1.0,719,-1.4,0.6,0.0,0.0,Autumn,No Holiday,Yes
13/11/2018,710,10,9.0,51,0.9,706,-0.6,1.16,0.0,0.0,Autumn,No Holiday,Yes
13/11/2018,789,11,11.4,46,0.8,876,0.1,1.57,0.0,0.0,Autumn,No Holiday,Yes
13/11/2018,890,12,12.8,45,1.8,1170,1.1,1.82,0.0,0.0,Autumn,No Holiday,Yes
13/11/2018,912,13,13.5,43,2.2,1687,1.1,1.92,0.0,0.0,Autumn,No Holiday,Yes
13/11/2018,928,14,15.0,37,1.6,1703,0.4,1.82,0.0,0.0,Autumn,No Holiday,Yes
13/11/2018,980,15,15.3,37,1.8,1774,0.6,1.5,0.0,0.0,Autumn,No Holiday,Yes
13/11/2018,1188,16,14.2,37,2.0,1783,-0.3,0.91,0.0,0.0,Autumn,No Holiday,Yes
13/11/2018,1420,17,12.7,40,1.9,1967,-0.5,0.33,0.0,0.0,Autumn,No Holiday,Yes
13/11/2018,2159,18,11.3,42,1.2,1846,-1.1,0.01,0.0,0.0,Autumn,No Holiday,Yes
13/11/2018,1529,19,9.8,45,1.3,1882,-1.5,0.0,0.0,0.0,Autumn,No Holiday,Yes
13/11/2018,1208,20,9.5,44,1.8,1991,-2.1,0.0,0.0,0.0,Autumn,No Holiday,Yes
13/11/2018,1163,21,8.5,42,1.1,2000,-3.7,0.0,0.0,0.0,Autumn,No Holiday,Yes
13/11/2018,1126,22,8.1,50,0.5,2000,-1.7,0.0,0.0,0.0,Autumn,No Holiday,Yes
13/11/2018,718,23,7.6,49,0.6,1971,-2.4,0.0,0.0,0.0,Autumn,No Holiday,Yes
14/11/2018,612,0,7.0,54,0.9,1862,-1.6,0.0,0.0,0.0,Autumn,No Holiday,Yes
14/11/2018,517,1,6.5,60,0.5,1788,-0.7,0.0,0.0,0.0,Autumn,No Holiday,Yes
14/11/2018,327,2,6.2,59,0.6,1584,-1.2,0.0,0.0,0.0,Autumn,No Holiday,Yes
14/11/2018,210,3,6.1,66,0.5,1347,0.2,0.0,0.0,0.0,Autumn,No Holiday,Yes
14/11/2018,164,4,5.6,70,0.6,1311,0.5,0.0,0.0,0.0,Autumn,No Holiday,Yes
14/11/2018,135,5,5.3,72,0.2,1278,0.6,0.0,0.0,0.0,Autumn,No Holiday,Yes
14/11/2018,362,6,5.1,76,1.1,1195,1.2,0.0,0.0,0.0,Autumn,No Holiday,Yes
14/11/2018,1047,7,5.2,78,0.3,1182,1.6,0.0,0.0,0.0,Autumn,No Holiday,Yes
14/11/2018,1916,8,5.0,77,1.5,1115,1.2,0.07,0.0,0.0,Autumn,No Holiday,Yes
14/11/2018,1019,9,7.1,61,0.5,1493,0.0,0.57,0.0,0.0,Autumn,No Holiday,Yes
14/11/2018,779,10,9.6,53,1.4,1818,0.4,1.16,0.0,0.0,Autumn,No Holiday,Yes
14/11/2018,892,11,12.1,49,0.8,1827,1.6,1.61,0.0,0.0,Autumn,No Holiday,Yes
14/11/2018,963,12,14.2,45,0.9,1531,2.4,1.86,0.0,0.0,Autumn,No Holiday,Yes
14/11/2018,1028,13,15.7,41,2.3,1322,2.4,2.01,0.0,0.0,Autumn,No Holiday,Yes
14/11/2018,1001,14,16.1,32,1.4,1703,-0.6,1.8,0.0,0.0,Autumn,No Holiday,Yes
14/11/2018,1063,15,15.9,30,0.7,1823,-1.6,1.34,0.0,0.0,Autumn,No Holiday,Yes
14/11/2018,1137,16,15.2,40,2.7,1371,1.6,0.87,0.0,0.0,Autumn,No Holiday,Yes
14/11/2018,1532,17,13.6,46,1.8,1374,2.1,0.31,0.0,0.0,Autumn,No Holiday,Yes
14/11/2018,2200,18,12.2,47,2.6,1427,1.2,0.01,0.0,0.0,Autumn,No Holiday,Yes
14/11/2018,1464,19,11.5,52,2.4,1319,1.9,0.0,0.0,0.0,Autumn,No Holiday,Yes
14/11/2018,1269,20,10.5,52,1.4,1153,1.0,0.0,0.0,0.0,Autumn,No Holiday,Yes
14/11/2018,1239,21,9.8,52,0.5,1255,0.3,0.0,0.0,0.0,Autumn,No Holiday,Yes
14/11/2018,1074,22,8.8,58,0.5,1358,0.9,0.0,0.0,0.0,Autumn,No Holiday,Yes
14/11/2018,757,23,8.4,65,0.8,1216,2.1,0.0,0.0,0.0,Autumn,No Holiday,Yes
15/11/2018,610,0,7.7,67,0.4,1102,1.9,0.0,0.0,0.0,Autumn,No Holiday,Yes
15/11/2018,489,1,7.3,64,0.3,1150,0.9,0.0,0.0,0.0,Autumn,No Holiday,Yes
15/11/2018,313,2,7.1,68,0.6,1082,1.5,0.0,0.0,0.0,Autumn,No Holiday,Yes
15/11/2018,219,3,6.5,75,1.1,970,2.3,0.0,0.0,0.0,Autumn,No Holiday,Yes
15/11/2018,154,4,6.1,72,0.5,1052,1.4,0.0,0.0,0.0,Autumn,No Holiday,Yes
15/11/2018,172,5,5.3,78,1.4,952,1.7,0.0,0.0,0.0,Autumn,No Holiday,Yes
15/11/2018,357,6,4.9,76,1.1,800,1.0,0.0,0.0,0.0,Autumn,No Holiday,Yes
15/11/2018,883,7,4.8,76,0.7,762,0.9,0.0,0.0,0.0,Autumn,No Holiday,Yes
15/11/2018,1686,8,5.3,75,1.0,808,1.2,0.1,0.0,0.0,Autumn,No Holiday,Yes
15/11/2018,1300,9,6.8,64,1.0,949,0.4,0.5,0.0,0.0,Autumn,No Holiday,Yes
15/11/2018,782,10,8.6,57,0.6,1102,0.5,0.77,0.0,0.0,Autumn,No Holiday,Yes
15/11/2018,770,11,11.1,47,1.2,1047,0.1,1.48,0.0,0.0,Autumn,No Holiday,Yes
15/11/2018,942,12,13.8,43,0.9,987,1.4,1.61,0.0,0.0,Autumn,No Holiday,Yes
15/11/2018,883,13,15.1,37,1.9,990,0.4,1.74,0.0,0.0,Autumn,No Holiday,Yes
15/11/2018,899,14,15.1,33,1.5,1045,-1.0,1.31,0.0,0.0,Autumn,No Holiday,Yes
15/11/2018,971,15,16.1,30,1.0,1125,-1.5,1.06,0.0,0.0,Autumn,No Holiday,Yes
15/11/2018,1123,16,15.4,34,1.4,1016,-0.4,0.68,0.0,0.0,Autumn,No Holiday,Yes
15/11/2018,1416,17,13.7,38,1.4,884,-0.3,0.29,0.0,0.0,Autumn,No Holiday,Yes
15/11/2018,2034,18,12.1,46,1.4,799,0.8,0.01,0.0,0.0,Autumn,No Holiday,Yes
15/11/2018,1448,19,11.2,46,1.4,869,0.0,0.0,0.0,0.0,Autumn,No Holiday,Yes
15/11/2018,1146,20,9.5,49,1.3,918,-0.7,0.0,0.0,0.0,Autumn,No Holiday,Yes
15/11/2018,1123,21,9.6,52,1.3,906,0.2,0.0,0.0,0.0,Autumn,No Holiday,Yes
15/11/2018,1061,22,8.7,53,0.4,764,-0.3,0.0,0.0,0.0,Autumn,No Holiday,Yes
15/11/2018,721,23,8.1,57,0.7,752,0.0,0.0,0.0,0.0,Autumn,No Holiday,Yes
16/11/2018,683,0,7.8,57,0.3,792,-0.2,0.0,0.0,0.0,Autumn,No Holiday,Yes
16/11/2018,520,1,7.8,59,0.6,768,0.2,0.0,0.0,0.0,Autumn,No Holiday,Yes
16/11/2018,376,2,7.7,63,1.0,704,1.0,0.0,0.0,0.0,Autumn,No Holiday,Yes
16/11/2018,262,3,7.4,63,0.6,699,0.8,0.0,0.0,0.0,Autumn,No Holiday,Yes
16/11/2018,171,4,7.1,64,0.6,663,0.7,0.0,0.0,0.0,Autumn,No Holiday,Yes
16/11/2018,151,5,6.9,66,0.5,698,0.9,0.0,0.0,0.0,Autumn,No Holiday,Yes
16/11/2018,412,6,7.1,65,0.5,713,0.9,0.0,0.0,0.0,Autumn,No Holiday,Yes
16/11/2018,939,7,6.6,64,0.5,701,0.2,0.0,0.0,0.0,Autumn,No Holiday,Yes
16/11/2018,1692,8,7.0,64,0.8,683,0.6,0.03,0.0,0.0,Autumn,No Holiday,Yes
16/11/2018,991,9,8.2,61,0.6,586,1.1,0.26,0.0,0.0,Autumn,No Holiday,Yes
16/11/2018,699,10,9.4,55,0.1,570,0.7,0.49,0.0,0.0,Autumn,No Holiday,Yes
16/11/2018,834,11,11.9,44,2.1,791,0.0,1.22,0.0,0.0,Autumn,No Holiday,Yes
16/11/2018,886,12,13.4,48,2.3,962,2.5,1.64,0.0,0.0,Autumn,No Holiday,Yes
16/11/2018,920,13,14.4,49,3.5,890,3.8,1.71,0.0,0.0,Autumn,No Holiday,Yes
16/11/2018,915,14,13.3,53,2.6,761,3.9,1.34,0.0,0.0,Autumn,No Holiday,Yes
16/11/2018,995,15,13.2,61,3.9,719,5.8,1.03,0.0,0.0,Autumn,No Holiday,Yes
16/11/2018,1126,16,11.8,66,3.0,687,5.6,0.44,0.0,0.0,Autumn,No Holiday,Yes
16/11/2018,1346,17,11.0,70,2.9,617,5.7,0.12,0.0,0.0,Autumn,No Holiday,Yes
16/11/2018,1956,18,9.9,74,2.6,492,5.4,0.0,0.0,0.0,Autumn,No Holiday,Yes
16/11/2018,1303,19,8.7,78,2.5,460,5.0,0.0,0.0,0.0,Autumn,No Holiday,Yes
16/11/2018,995,20,7.6,76,3.9,603,3.6,0.0,0.0,0.0,Autumn,No Holiday,Yes
16/11/2018,907,21,6.8,73,2.3,730,2.2,0.0,0.0,0.0,Autumn,No Holiday,Yes
16/11/2018,894,22,6.2,72,1.4,848,1.5,0.0,0.0,0.0,Autumn,No Holiday,Yes
16/11/2018,687,23,5.0,75,1.1,835,0.9,0.0,0.0,0.0,Autumn,No Holiday,Yes
17/11/2018,626,0,4.2,76,2.1,870,0.3,0.0,0.0,0.0,Autumn,No Holiday,Yes
17/11/2018,597,1,3.4,76,0.5,909,-0.4,0.0,0.0,0.0,Autumn,No Holiday,Yes
17/11/2018,456,2,2.9,77,1.8,853,-0.7,0.0,0.0,0.0,Autumn,No Holiday,Yes
17/11/2018,288,3,2.5,77,2.3,992,-1.1,0.0,0.0,0.0,Autumn,No Holiday,Yes
17/11/2018,195,4,1.7,74,1.7,1226,-2.4,0.0,0.0,0.0,Autumn,No Holiday,Yes
17/11/2018,129,5,1.1,75,0.6,1270,-2.8,0.0,0.0,0.0,Autumn,No Holiday,Yes
17/11/2018,151,6,1.0,77,0.6,1259,-2.5,0.0,0.0,0.0,Autumn,No Holiday,Yes
17/11/2018,315,7,0.8,77,0.9,1300,-2.7,0.0,0.0,0.0,Autumn,No Holiday,Yes
17/11/2018,530,8,0.7,72,1.0,1397,-3.7,0.05,0.0,0.0,Autumn,No Holiday,Yes
17/11/2018,644,9,2.2,53,0.5,1595,-6.4,0.62,0.0,0.0,Autumn,No Holiday,Yes
17/11/2018,733,10,4.7,47,1.2,1788,-5.6,1.22,0.0,0.0,Autumn,No Holiday,Yes
17/11/2018,830,11,7.8,38,0.8,1369,-5.6,1.65,0.0,0.0,Autumn,No Holiday,Yes
17/11/2018,994,12,9.1,34,1.0,1802,-5.9,1.95,0.0,0.0,Autumn,No Holiday,Yes
17/11/2018,1037,13,10.9,32,2.1,1581,-5.1,1.85,0.0,0.0,Autumn,No Holiday,Yes
17/11/2018,969,14,9.7,34,1.9,1786,-5.4,0.8,0.0,0.0,Autumn,No Holiday,Yes
17/11/2018,1018,15,8.9,34,2.9,1787,-6.1,0.52,0.0,0.0,Autumn,No Holiday,Yes
17/11/2018,974,16,8.3,35,2.1,1987,-6.2,0.37,0.0,0.0,Autumn,No Holiday,Yes
17/11/2018,1031,17,7.7,34,2.6,2000,-7.2,0.13,0.0,0.0,Autumn,No Holiday,Yes
17/11/2018,877,18,7.1,40,0.6,1995,-5.6,0.01,0.0,0.0,Autumn,No Holiday,Yes
17/11/2018,735,19,6.0,44,0.8,1758,-5.3,0.0,0.0,0.0,Autumn,No Holiday,Yes
17/11/2018,644,20,5.4,43,2.7,1913,-6.2,0.0,0.0,0.0,Autumn,No Holiday,Yes
17/11/2018,685,21,5.0,42,1.5,1927,-6.8,0.0,0.0,0.0,Autumn,No Holiday,Yes
17/11/2018,655,22,4.4,43,1.1,2000,-7.1,0.0,0.0,0.0,Autumn,No Holiday,Yes
17/11/2018,576,23,4.1,46,1.8,2000,-6.5,0.0,0.0,0.0,Autumn,No Holiday,Yes
18/11/2018,592,0,3.6,49,0.8,1990,-6.1,0.0,0.0,0.0,Autumn,No Holiday,Yes
18/11/2018,443,1,3.2,54,1.2,1968,-5.2,0.0,0.0,0.0,Autumn,No Holiday,Yes
18/11/2018,335,2,2.9,49,2.0,1989,-6.7,0.0,0.0,0.0,Autumn,No Holiday,Yes
18/11/2018,258,3,2.5,49,0.2,2000,-7.1,0.0,0.0,0.0,Autumn,No Holiday,Yes
18/11/2018,165,4,2.5,49,0.4,1988,-7.1,0.0,0.0,0.0,Autumn,No Holiday,Yes
18/11/2018,92,5,2.3,53,0.6,1763,-6.3,0.0,0.0,0.0,Autumn,No Holiday,Yes
18/11/2018,114,6,1.9,53,0.4,1813,-6.6,0.0,0.0,0.0,Autumn,No Holiday,Yes
18/11/2018,191,7,2.1,56,0.7,1477,-5.7,0.0,0.0,0.0,Autumn,No Holiday,Yes
18/11/2018,371,8,2.6,53,0.7,1548,-6.0,0.03,0.0,0.0,Autumn,No Holiday,Yes
18/11/2018,457,9,3.5,53,1.0,1338,-5.2,0.22,0.0,0.0,Autumn,No Holiday,Yes
18/11/2018,583,10,4.8,40,1.1,1676,-7.6,0.59,0.0,0.0,Autumn,No Holiday,Yes
18/11/2018,645,11,7.6,35,0.8,1695,-6.9,1.25,0.0,0.0,Autumn,No Holiday,Yes
18/11/2018,776,12,9.2,47,2.5,1910,-1.5,1.37,0.0,0.0,Autumn,No Holiday,Yes
18/11/2018,905,13,9.9,37,2.1,1900,-4.1,1.32,0.0,0.0,Autumn,No Holiday,Yes
18/11/2018,1054,14,10.1,37,2.4,1723,-3.9,1.24,0.0,0.0,Autumn,No Holiday,Yes
18/11/2018,1047,15,9.6,34,1.6,1806,-5.5,0.73,0.0,0.0,Autumn,No Holiday,Yes
18/11/2018,1026,16,9.4,39,1.8,1704,-3.8,0.56,0.0,0.0,Autumn,No Holiday,Yes
18/11/2018,1039,17,8.7,42,1.7,1576,-3.5,0.18,0.0,0.0,Autumn,No Holiday,Yes
18/11/2018,902,18,8.4,46,2.4,1823,-2.5,0.0,0.0,0.0,Autumn,No Holiday,Yes
18/11/2018,759,19,7.9,45,1.0,1602,-3.3,0.0,0.0,0.0,Autumn,No Holiday,Yes
18/11/2018,719,20,7.4,50,0.7,1499,-2.3,0.0,0.0,0.0,Autumn,No Holiday,Yes
18/11/2018,682,21,7.1,52,0.8,1516,-2.1,0.0,0.0,0.0,Autumn,No Holiday,Yes
18/11/2018,632,22,6.8,53,0.4,1498,-2.1,0.0,0.0,0.0,Autumn,No Holiday,Yes
18/11/2018,532,23,7.0,55,0.2,1501,-1.4,0.0,0.0,0.0,Autumn,No Holiday,Yes
19/11/2018,457,0,6.8,56,0.7,1505,-1.3,0.0,0.0,0.0,Autumn,No Holiday,Yes
19/11/2018,277,1,5.9,60,0.5,1332,-1.2,0.0,0.0,0.0,Autumn,No Holiday,Yes
19/11/2018,190,2,5.4,65,0.7,1230,-0.6,0.0,0.0,0.0,Autumn,No Holiday,Yes
19/11/2018,133,3,4.8,65,0.8,1179,-1.2,0.0,0.0,0.0,Autumn,No Holiday,Yes
19/11/2018,88,4,4.5,67,0.9,1175,-1.1,0.0,0.0,0.0,Autumn,No Holiday,Yes
19/11/2018,167,5,4.1,70,1.0,1100,-0.8,0.0,0.0,0.0,Autumn,No Holiday,Yes
19/11/2018,418,6,3.8,71,0.7,1071,-0.9,0.0,0.0,0.0,Autumn,No Holiday,Yes
19/11/2018,991,7,3.4,73,1.1,1012,-0.9,0.0,0.0,0.0,Autumn,No Holiday,Yes
19/11/2018,1751,8,3.5,71,0.8,958,-1.2,0.06,0.0,0.0,Autumn,No Holiday,Yes
19/11/2018,889,9,4.6,60,0.8,967,-2.5,0.46,0.0,0.0,Autumn,No Holiday,Yes
19/11/2018,651,10,7.5,53,0.8,909,-1.4,1.0,0.0,0.0,Autumn,No Holiday,Yes
19/11/2018,745,11,9.8,51,0.5,781,0.1,1.42,0.0,0.0,Autumn,No Holiday,Yes
19/11/2018,785,12,10.3,38,1.2,1130,-3.4,1.08,0.0,0.0,Autumn,No Holiday,Yes
19/11/2018,785,13,10.8,44,2.0,935,-0.9,1.01,0.0,0.0,Autumn,No Holiday,Yes
19/11/2018,793,14,10.6,34,2.8,920,-4.6,1.07,0.0,0.0,Autumn,No Holiday,Yes
19/11/2018,839,15,11.1,35,1.9,861,-3.8,1.11,0.0,0.0,Autumn,No Holiday,Yes
19/11/2018,968,16,9.7,43,2.7,1012,-2.2,0.37,0.0,0.0,Autumn,No Holiday,Yes
19/11/2018,1233,17,8.7,48,1.7,965,-1.7,0.25,0.0,0.0,Autumn,No Holiday,Yes
19/11/2018,1904,18,7.5,48,2.4,1079,-2.8,0.0,0.0,0.0,Autumn,No Holiday,Yes
19/11/2018,1304,19,6.8,52,0.8,960,-2.3,0.0,0.0,0.0,Autumn,No Holiday,Yes
19/11/2018,1030,20,6.0,50,1.5,931,-3.6,0.0,0.0,0.0,Autumn,No Holiday,Yes
19/11/2018,1019,21,5.8,44,2.2,1205,-5.5,0.0,0.0,0.0,Autumn,No Holiday,Yes
19/11/2018,910,22,5.3,39,2.3,1512,-7.5,0.0,0.0,0.0,Autumn,No Holiday,Yes
19/11/2018,629,23,4.2,42,2.2,1360,-7.6,0.0,0.0,0.0,Autumn,No Holiday,Yes
20/11/2018,478,0,3.8,42,1.7,1458,-7.9,0.0,0.0,0.0,Autumn,No Holiday,Yes
20/11/2018,422,1,2.9,43,1.0,1750,-8.4,0.0,0.0,0.0,Autumn,No Holiday,Yes
20/11/2018,286,2,2.6,46,1.5,1811,-7.8,0.0,0.0,0.0,Autumn,No Holiday,Yes
20/11/2018,202,3,1.6,43,1.1,1981,-9.6,0.0,0.0,0.0,Autumn,No Holiday,Yes
20/11/2018,119,4,1.3,48,0.5,2000,-8.5,0.0,0.0,0.0,Autumn,No Holiday,Yes
20/11/2018,141,5,0.7,49,0.4,1998,-8.8,0.0,0.0,0.0,Autumn,No Holiday,Yes
20/11/2018,369,6,0.7,50,1.0,2000,-8.5,0.0,0.0,0.0,Autumn,No Holiday,Yes
20/11/2018,934,7,0.5,53,1.1,2000,-7.9,0.0,0.0,0.0,Autumn,No Holiday,Yes
20/11/2018,1818,8,0.3,53,0.9,1971,-8.1,0.05,0.0,0.0,Autumn,No Holiday,Yes
20/11/2018,955,9,2.3,43,1.2,1892,-9.0,0.52,0.0,0.0,Autumn,No Holiday,Yes
20/11/2018,659,10,5.1,33,1.4,1842,-9.8,1.1,0.0,0.0,Autumn,No Holiday,Yes
20/11/2018,699,11,7.5,29,1.3,1926,-9.4,1.55,0.0,0.0,Autumn,No Holiday,Yes
20/11/2018,788,12,10.1,23,1.8,1745,-10.1,1.82,0.0,0.0,Autumn,No Holiday,Yes
20/11/2018,798,13,11.6,20,1.3,1821,-10.6,1.87,0.0,0.0,Autumn,No Holiday,Yes
20/11/2018,790,14,12.3,16,2.5,1797,-12.8,1.69,0.0,0.0,Autumn,No Holiday,Yes
20/11/2018,861,15,11.9,18,3.3,1848,-11.7,1.32,0.0,0.0,Autumn,No Holiday,Yes
20/11/2018,967,16,11.3,21,2.8,1925,-10.2,0.82,0.0,0.0,Autumn,No Holiday,Yes
20/11/2018,1269,17,9.8,28,2.4,1983,-7.8,0.29,0.0,0.0,Autumn,No Holiday,Yes
20/11/2018,1857,18,9.1,31,2.0,1932,-7.1,0.0,0.0,0.0,Autumn,No Holiday,Yes
20/11/2018,1317,19,8.7,34,2.2,1857,-6.3,0.0,0.0,0.0,Autumn,No Holiday,Yes
20/11/2018,1078,20,8.5,32,2.6,1789,-7.2,0.0,0.0,0.0,Autumn,No Holiday,Yes
20/11/2018,1020,21,8.8,37,3.8,1750,-5.1,0.0,0.0,0.0,Autumn,No Holiday,Yes
20/11/2018,922,22,8.9,40,3.4,1810,-3.9,0.0,0.0,0.0,Autumn,No Holiday,Yes
20/11/2018,378,23,9.3,43,3.5,1807,-2.6,0.0,0.0,0.0,Autumn,No Holiday,Yes
21/11/2018,119,0,7.2,74,1.2,772,2.8,0.0,0.2,0.0,Autumn,No Holiday,Yes
21/11/2018,159,1,6.9,86,0.7,533,4.7,0.0,0.0,0.0,Autumn,No Holiday,Yes
21/11/2018,129,2,6.9,87,0.7,822,4.8,0.0,0.0,0.0,Autumn,No Holiday,Yes
21/11/2018,112,3,6.5,87,1.0,710,4.4,0.0,1.0,0.0,Autumn,No Holiday,Yes
21/11/2018,97,4,6.7,87,1.2,580,4.6,0.0,0.0,0.0,Autumn,No Holiday,Yes
21/11/2018,118,5,6.8,86,0.5,692,4.6,0.0,0.0,0.0,Autumn,No Holiday,Yes
21/11/2018,299,6,6.7,86,0.3,593,4.5,0.0,0.0,0.0,Autumn,No Holiday,Yes
21/11/2018,788,7,6.5,85,0.8,536,4.1,0.0,0.0,0.0,Autumn,No Holiday,Yes
21/11/2018,1622,8,6.4,86,0.9,450,4.2,0.03,0.0,0.0,Autumn,No Holiday,Yes
21/11/2018,867,9,6.4,53,0.7,1486,-2.5,0.21,0.0,0.0,Autumn,No Holiday,Yes
21/11/2018,611,10,6.9,39,0.5,1977,-6.1,0.36,0.0,0.0,Autumn,No Holiday,Yes
21/11/2018,649,11,7.4,30,1.4,2000,-9.0,0.44,0.0,0.0,Autumn,No Holiday,Yes
21/11/2018,697,12,7.7,34,0.6,1969,-7.2,0.49,0.0,0.0,Autumn,No Holiday,Yes
21/11/2018,623,13,8.0,35,1.3,1895,-6.5,0.5,0.0,0.0,Autumn,No Holiday,Yes
21/11/2018,474,14,6.7,47,2.4,2000,-3.8,0.42,0.0,0.0,Autumn,No Holiday,Yes
21/11/2018,550,15,5.7,53,2.0,2000,-3.1,0.22,0.0,0.0,Autumn,No Holiday,Yes
21/11/2018,755,16,6.1,53,0.5,2000,-2.7,0.21,0.0,0.0,Autumn,No Holiday,Yes
21/11/2018,1101,17,5.7,61,2.2,1987,-1.2,0.07,0.0,0.0,Autumn,No Holiday,Yes
21/11/2018,1679,18,5.4,58,0.2,2000,-2.2,0.0,0.0,0.0,Autumn,No Holiday,Yes
21/11/2018,1113,19,5.1,50,0.7,2000,-4.4,0.0,0.0,0.0,Autumn,No Holiday,Yes
21/11/2018,936,20,5.1,43,0.7,1928,-6.4,0.0,0.0,0.0,Autumn,No Holiday,Yes
21/11/2018,838,21,4.6,44,1.1,1859,-6.6,0.0,0.0,0.0,Autumn,No Holiday,Yes
21/11/2018,825,22,4.6,48,2.2,1782,-5.4,0.0,0.0,0.0,Autumn,No Holiday,Yes
21/11/2018,571,23,3.9,46,2.0,1904,-6.6,0.0,0.0,0.0,Autumn,No Holiday,Yes
22/11/2018,443,0,3.1,42,3.4,1995,-8.5,0.0,0.0,0.0,Autumn,No Holiday,Yes
22/11/2018,382,1,2.1,39,3.2,1299,-10.4,0.0,0.0,0.0,Autumn,No Holiday,Yes
22/11/2018,271,2,1.3,44,1.9,2000,-9.6,0.0,0.0,0.0,Autumn,No Holiday,Yes
22/11/2018,164,3,0.6,42,1.1,2000,-10.8,0.0,0.0,0.0,Autumn,No Holiday,Yes
22/11/2018,121,4,0.5,39,1.6,2000,-11.8,0.0,0.0,0.0,Autumn,No Holiday,Yes
22/11/2018,133,5,-0.4,39,0.8,2000,-12.6,0.0,0.0,0.0,Autumn,No Holiday,Yes
22/11/2018,332,6,-1.0,41,0.7,2000,-12.6,0.0,0.0,0.0,Autumn,No Holiday,Yes
22/11/2018,848,7,-1.0,43,1.8,2000,-12.0,0.0,0.0,0.0,Autumn,No Holiday,Yes
22/11/2018,1671,8,-1.2,33,0.5,2000,-15.4,0.04,0.0,0.0,Autumn,No Holiday,Yes
22/11/2018,883,9,0.2,28,1.9,1932,-16.2,0.57,0.0,0.0,Autumn,No Holiday,Yes
22/11/2018,603,10,2.9,22,2.0,1989,-16.7,1.18,0.0,0.0,Autumn,No Holiday,Yes
22/11/2018,644,11,5.1,21,3.2,1965,-15.4,1.63,0.0,0.0,Autumn,No Holiday,Yes
22/11/2018,717,12,5.9,23,2.8,1985,-13.7,1.88,0.0,0.0,Autumn,No Holiday,Yes
22/11/2018,678,13,6.5,26,2.4,1974,-11.6,1.84,0.0,0.0,Autumn,No Holiday,Yes
22/11/2018,692,14,6.7,27,3.1,1976,-11.0,1.66,0.0,0.0,Autumn,No Holiday,Yes
22/11/2018,716,15,6.9,31,2.9,1982,-9.1,1.21,0.0,0.0,Autumn,No Holiday,Yes
22/11/2018,759,16,5.9,34,2.9,1985,-8.7,0.55,0.0,0.0,Autumn,No Holiday,Yes
22/11/2018,1101,17,4.9,41,3.3,1985,-7.2,0.25,0.0,0.0,Autumn,No Holiday,Yes
22/11/2018,1591,18,4.1,46,2.7,2000,-6.5,0.01,0.0,0.0,Autumn,No Holiday,Yes
22/11/2018,1032,19,3.6,48,2.6,2000,-6.4,0.0,0.0,0.0,Autumn,No Holiday,Yes
22/11/2018,777,20,3.1,42,2.4,2000,-8.5,0.0,0.0,0.0,Autumn,No Holiday,Yes
22/11/2018,759,21,2.2,28,3.2,2000,-14.4,0.0,0.0,0.0,Autumn,No Holiday,Yes
22/11/2018,691,22,1.1,33,2.5,2000,-13.4,0.0,0.0,0.0,Autumn,No Holiday,Yes
22/11/2018,488,23,0.4,37,2.9,2000,-12.6,0.0,0.0,0.0,Autumn,No Holiday,Yes
23/11/2018,470,0,-0.3,41,3.1,2000,-11.9,0.0,0.0,0.0,Autumn,No Holiday,Yes
23/11/2018,401,1,-0.6,44,2.3,2000,-11.3,0.0,0.0,0.0,Autumn,No Holiday,Yes
23/11/2018,279,2,-1.0,43,3.1,2000,-12.0,0.0,0.0,0.0,Autumn,No Holiday,Yes
23/11/2018,191,3,-1.2,45,1.1,2000,-11.6,0.0,0.0,0.0,Autumn,No Holiday,Yes
23/11/2018,109,4,-2.0,42,0.7,2000,-13.2,0.0,0.0,0.0,Autumn,No Holiday,Yes
23/11/2018,129,5,-2.4,37,0.5,2000,-15.1,0.0,0.0,0.0,Autumn,No Holiday,Yes
23/11/2018,339,6,-2.6,40,1.4,2000,-14.3,0.0,0.0,0.0,Autumn,No Holiday,Yes
23/11/2018,727,7,-2.8,42,1.3,2000,-13.9,0.0,0.0,0.0,Autumn,No Holiday,Yes
23/11/2018,1516,8,-3.0,43,1.1,2000,-13.8,0.03,0.0,0.0,Autumn,No Holiday,Yes
23/11/2018,800,9,-1.5,33,0.9,1962,-15.7,0.57,0.0,0.0,Autumn,No Holiday,Yes
23/11/2018,582,10,1.3,27,0.9,1856,-15.6,1.13,0.0,0.0,Autumn,No Holiday,Yes
23/11/2018,635,11,4.3,25,2.0,1958,-14.0,1.56,0.0,0.0,Autumn,No Holiday,Yes
23/11/2018,664,12,5.5,20,1.4,1992,-15.7,1.85,0.0,0.0,Autumn,No Holiday,Yes
23/11/2018,731,13,6.5,18,2.2,1984,-16.1,1.94,0.0,0.0,Autumn,No Holiday,Yes
23/11/2018,719,14,6.3,16,2.9,2000,-17.7,1.67,0.0,0.0,Autumn,No Holiday,Yes
23/11/2018,752,15,6.4,16,2.0,2000,-17.6,1.01,0.0,0.0,Autumn,No Holiday,Yes
23/11/2018,891,16,6.3,17,1.5,2000,-17.0,0.73,0.0,0.0,Autumn,No Holiday,Yes
23/11/2018,1101,17,5.4,19,0.5,2000,-16.4,0.27,0.0,0.0,Autumn,No Holiday,Yes
23/11/2018,1548,18,3.9,23,1.0,2000,-15.4,0.0,0.0,0.0,Autumn,No Holiday,Yes
23/11/2018,1007,19,2.9,26,1.1,2000,-14.7,0.0,0.0,0.0,Autumn,No Holiday,Yes
23/11/2018,767,20,2.7,27,1.2,2000,-14.4,0.0,0.0,0.0,Autumn,No Holiday,Yes
23/11/2018,679,21,2.2,28,0.8,2000,-14.4,0.0,0.0,0.0,Autumn,No Holiday,Yes
23/11/2018,729,22,2.0,30,1.3,1995,-13.8,0.0,0.0,0.0,Autumn,No Holiday,Yes
23/11/2018,548,23,2.1,32,1.5,1998,-12.9,0.0,0.0,0.0,Autumn,No Holiday,Yes
24/11/2018,499,0,2.4,32,1.7,2000,-12.6,0.0,0.0,0.0,Autumn,No Holiday,Yes
24/11/2018,507,1,2.4,30,1.3,2000,-13.4,0.0,0.0,0.0,Autumn,No Holiday,Yes
24/11/2018,335,2,2.5,29,1.8,2000,-13.7,0.0,0.0,0.0,Autumn,No Holiday,Yes
24/11/2018,272,3,2.8,28,1.6,2000,-13.9,0.0,0.0,0.0,Autumn,No Holiday,Yes
24/11/2018,151,4,3.0,26,1.6,2000,-14.6,0.0,0.0,0.0,Autumn,No Holiday,Yes
24/11/2018,95,5,3.2,27,1.6,2000,-14.0,0.0,0.0,0.0,Autumn,No Holiday,Yes
24/11/2018,79,6,3.7,25,2.3,2000,-14.5,0.0,0.0,0.0,Autumn,No Holiday,Yes
24/11/2018,30,7,1.2,87,1.9,77,-0.7,0.0,0.0,1.3,Autumn,No Holiday,Yes
24/11/2018,33,8,0.4,96,3.1,33,-0.1,0.0,0.0,4.0,Autumn,No Holiday,Yes
24/11/2018,24,9,0.3,97,3.0,34,-0.1,0.0,9.1,7.1,Autumn,No Holiday,Yes
24/11/2018,62,10,0.4,97,1.8,207,0.0,0.0,0.0,8.8,Autumn,No Holiday,Yes
24/11/2018,114,11,1.2,97,2.3,975,0.7,0.07,0.0,8.8,Autumn,No Holiday,Yes
24/11/2018,167,12,2.5,84,1.9,1538,0.0,0.4,1.8,7.0,Autumn,No Holiday,Yes
24/11/2018,241,13,2.6,83,1.9,1774,0.0,0.84,0.0,6.0,Autumn,No Holiday,Yes
24/11/2018,298,14,3.0,82,1.7,1589,0.2,0.55,0.0,5.0,Autumn,No Holiday,Yes
24/11/2018,330,15,3.7,78,2.0,1314,0.2,0.81,0.0,4.1,Autumn,No Holiday,Yes
24/11/2018,436,16,3.5,82,1.6,1092,0.7,0.51,0.0,3.6,Autumn,No Holiday,Yes
24/11/2018,435,17,2.9,85,1.6,1000,0.6,0.2,0.0,3.5,Autumn,No Holiday,Yes
24/11/2018,426,18,2.6,86,1.1,834,0.4,0.0,0.0,3.5,Autumn,No Holiday,Yes
24/11/2018,420,19,2.6,85,1.2,797,0.3,0.0,0.0,3.3,Autumn,No Holiday,Yes
24/11/2018,349,20,2.6,86,1.7,676,0.4,0.0,0.0,3.3,Autumn,No Holiday,Yes
24/11/2018,392,21,2.6,85,1.1,674,0.3,0.0,0.0,3.2,Autumn,No Holiday,Yes
24/11/2018,396,22,2.7,85,1.1,580,0.4,0.0,0.0,3.2,Autumn,No Holiday,Yes
24/11/2018,386,23,2.8,86,1.2,476,0.6,0.0,0.0,3.0,Autumn,No Holiday,Yes
25/11/2018,420,0,2.7,86,1.2,422,0.5,0.0,0.0,3.0,Autumn,No Holiday,Yes
25/11/2018,370,1,2.7,86,1.0,460,0.5,0.0,0.0,2.9,Autumn,No Holiday,Yes
25/11/2018,285,2,2.8,86,0.8,402,0.6,0.0,0.0,2.9,Autumn,No Holiday,Yes
25/11/2018,184,3,2.6,88,0.9,319,0.8,0.0,0.0,2.8,Autumn,No Holiday,Yes
25/11/2018,138,4,2.4,89,0.7,321,0.7,0.0,0.0,2.6,Autumn,No Holiday,Yes
25/11/2018,88,5,2.1,94,0.4,248,1.2,0.0,0.0,2.5,Autumn,No Holiday,Yes
25/11/2018,75,6,1.7,95,0.7,220,0.9,0.0,0.0,2.5,Autumn,No Holiday,Yes
25/11/2018,142,7,1.3,96,0.9,198,0.7,0.0,0.0,2.5,Autumn,No Holiday,Yes
25/11/2018,250,8,1.4,96,1.0,212,0.8,0.04,0.0,2.5,Autumn,No Holiday,Yes
25/11/2018,355,9,2.3,88,1.1,286,0.5,0.41,0.0,2.5,Autumn,No Holiday,Yes
25/11/2018,430,10,4.0,76,1.3,404,0.1,0.93,0.0,2.4,Autumn,No Holiday,Yes
25/11/2018,522,11,6.0,66,0.9,573,0.1,1.37,0.0,2.3,Autumn,No Holiday,Yes
25/11/2018,700,12,6.9,59,0.9,669,-0.5,1.31,0.0,2.2,Autumn,No Holiday,Yes
25/11/2018,675,13,8.8,53,1.5,778,-0.2,1.43,0.0,1.8,Autumn,No Holiday,Yes
25/11/2018,777,14,9.2,52,1.3,765,-0.1,1.01,0.0,1.3,Autumn,No Holiday,Yes
25/11/2018,846,15,9.5,54,1.3,675,0.6,0.76,0.0,1.1,Autumn,No Holiday,Yes
25/11/2018,872,16,9.5,56,1.1,678,1.1,0.54,0.0,0.8,Autumn,No Holiday,Yes
25/11/2018,813,17,9.0,59,0.7,677,1.4,0.1,0.0,0.4,Autumn,No Holiday,Yes
25/11/2018,663,18,7.3,72,0.7,530,2.5,0.0,0.0,0.4,Autumn,No Holiday,Yes
25/11/2018,616,19,6.3,73,1.1,524,1.8,0.0,0.0,0.4,Autumn,No Holiday,Yes
25/11/2018,570,20,5.5,77,0.7,490,1.7,0.0,0.0,0.4,Autumn,No Holiday,Yes
25/11/2018,546,21,4.7,81,1.0,437,1.7,0.0,0.0,0.4,Autumn,No Holiday,Yes
25/11/2018,496,22,4.2,82,0.9,405,1.3,0.0,0.0,0.4,Autumn,No Holiday,Yes
25/11/2018,379,23,3.8,83,1.1,390,1.1,0.0,0.0,0.4,Autumn,No Holiday,Yes
26/11/2018,387,0,3.3,85,1.1,351,1.0,0.0,0.0,0.3,Autumn,No Holiday,Yes
26/11/2018,214,1,3.1,84,1.0,365,0.6,0.0,0.0,0.3,Autumn,No Holiday,Yes
26/11/2018,175,2,2.8,87,1.1,321,0.8,0.0,0.0,0.3,Autumn,No Holiday,Yes
26/11/2018,119,3,2.4,90,1.0,269,0.9,0.0,0.0,0.3,Autumn,No Holiday,Yes
26/11/2018,99,4,2.2,93,1.1,265,1.1,0.0,0.0,0.3,Autumn,No Holiday,Yes
26/11/2018,115,5,2.1,88,1.4,323,0.3,0.0,0.0,0.3,Autumn,No Holiday,Yes
26/11/2018,339,6,1.8,88,1.1,313,0.0,0.0,0.0,0.3,Autumn,No Holiday,Yes
26/11/2018,819,7,1.7,89,1.3,295,0.0,0.0,0.0,0.3,Autumn,No Holiday,Yes
26/11/2018,1524,8,2.0,84,1.1,396,-0.4,0.03,0.0,0.3,Autumn,No Holiday,Yes
26/11/2018,795,9,3.1,77,0.9,457,-0.5,0.4,0.0,0.2,Autumn,No Holiday,Yes
26/11/2018,586,10,5.1,70,1.2,498,0.0,0.93,0.0,0.0,Autumn,No Holiday,Yes
26/11/2018,643,11,7.2,66,1.5,542,1.2,1.41,0.0,0.0,Autumn,No Holiday,Yes
26/11/2018,752,12,9.1,57,1.1,562,1.0,1.69,0.0,0.0,Autumn,No Holiday,Yes
26/11/2018,718,13,11.7,50,1.4,609,1.6,1.74,0.0,0.0,Autumn,No Holiday,Yes
26/11/2018,796,14,12.8,47,1.2,648,1.7,1.59,0.0,0.0,Autumn,No Holiday,Yes
26/11/2018,794,15,13.2,43,1.1,714,0.8,1.26,0.0,0.0,Autumn,No Holiday,Yes
26/11/2018,935,16,13.2,44,1.6,710,1.1,0.76,0.0,0.0,Autumn,No Holiday,Yes
26/11/2018,1156,17,11.4,48,0.4,706,0.7,0.24,0.0,0.0,Autumn,No Holiday,Yes
26/11/2018,1708,18,9.5,56,0.5,628,1.1,0.0,0.0,0.0,Autumn,No Holiday,Yes
26/11/2018,1181,19,8.4,61,0.3,573,1.3,0.0,0.0,0.0,Autumn,No Holiday,Yes
26/11/2018,943,20,7.3,66,0.5,516,1.3,0.0,0.0,0.0,Autumn,No Holiday,Yes
26/11/2018,955,21,6.7,71,0.9,461,1.8,0.0,0.0,0.0,Autumn,No Holiday,Yes
26/11/2018,846,22,6.2,70,0.4,474,1.1,0.0,0.0,0.0,Autumn,No Holiday,Yes
26/11/2018,563,23,5.4,78,1.5,404,1.8,0.0,0.0,0.0,Autumn,No Holiday,Yes
27/11/2018,496,0,4.9,79,0.5,391,1.5,0.0,0.0,0.0,Autumn,No Holiday,Yes
27/11/2018,408,1,4.5,82,0.4,350,1.6,0.0,0.0,0.0,Autumn,No Holiday,Yes
27/11/2018,299,2,3.9,85,0.8,299,1.6,0.0,0.0,0.0,Autumn,No Holiday,Yes
27/11/2018,183,3,3.5,86,1.4,281,1.3,0.0,0.0,0.0,Autumn,No Holiday,Yes
27/11/2018,95,4,3.1,88,1.0,270,1.2,0.0,0.0,0.0,Autumn,No Holiday,Yes
27/11/2018,140,5,3.6,84,0.6,315,1.1,0.0,0.0,0.0,Autumn,No Holiday,Yes
27/11/2018,317,6,3.8,83,0.7,337,1.1,0.0,0.0,0.0,Autumn,No Holiday,Yes
27/11/2018,815,7,3.6,83,0.9,350,0.9,0.0,0.0,0.0,Autumn,No Holiday,Yes
27/11/2018,1577,8,4.2,78,1.2,362,0.6,0.02,0.0,0.0,Autumn,No Holiday,Yes
27/11/2018,800,9,5.0,75,0.3,390,0.9,0.12,0.0,0.0,Autumn,No Holiday,Yes
27/11/2018,616,10,6.4,71,1.0,385,1.5,0.37,0.0,0.0,Autumn,No Holiday,Yes
27/11/2018,623,11,7.9,64,1.2,383,1.4,0.87,0.0,0.0,Autumn,No Holiday,Yes
27/11/2018,672,12,9.3,61,1.5,390,2.1,0.85,0.0,0.0,Autumn,No Holiday,Yes
27/11/2018,671,13,11.0,60,0.9,411,3.5,0.85,0.0,0.0,Autumn,No Holiday,Yes
27/11/2018,600,14,11.6,70,1.5,388,6.3,0.45,0.0,0.0,Autumn,No Holiday,Yes
27/11/2018,666,15,12.5,70,2.1,360,7.1,0.68,0.0,0.0,Autumn,No Holiday,Yes
27/11/2018,775,16,12.0,74,2.1,316,7.5,0.29,0.0,0.0,Autumn,No Holiday,Yes
27/11/2018,1033,17,11.1,72,2.3,277,6.2,0.12,0.0,0.0,Autumn,No Holiday,Yes
27/11/2018,1538,18,10.2,74,1.2,289,5.7,0.0,0.0,0.0,Autumn,No Holiday,Yes
27/11/2018,1023,19,9.3,52,2.7,482,0.0,0.0,0.0,0.0,Autumn,No Holiday,Yes
27/11/2018,825,20,8.3,39,1.6,560,-4.8,0.0,0.0,0.0,Autumn,No Holiday,Yes
27/11/2018,777,21,7.5,35,1.8,656,-7.0,0.0,0.0,0.0,Autumn,No Holiday,Yes
27/11/2018,740,22,6.6,33,2.1,722,-8.5,0.0,0.0,0.0,Autumn,No Holiday,Yes
27/11/2018,593,23,5.8,34,2.6,763,-8.8,0.0,0.0,0.0,Autumn,No Holiday,Yes
28/11/2018,450,0,5.1,36,2.2,774,-8.7,0.0,0.0,0.0,Autumn,No Holiday,Yes
28/11/2018,434,1,4.9,26,2.6,992,-13.0,0.0,0.0,0.0,Autumn,No Holiday,Yes
28/11/2018,275,2,4.1,34,1.3,928,-10.3,0.0,0.0,0.0,Autumn,No Holiday,Yes
28/11/2018,167,3,3.5,38,1.6,907,-9.5,0.0,0.0,0.0,Autumn,No Holiday,Yes
28/11/2018,128,4,3.9,26,2.4,1071,-13.9,0.0,0.0,0.0,Autumn,No Holiday,Yes
28/11/2018,140,5,3.0,34,1.1,1032,-11.3,0.0,0.0,0.0,Autumn,No Holiday,Yes
28/11/2018,287,6,2.6,33,1.5,1185,-12.0,0.0,0.0,0.0,Autumn,No Holiday,Yes
28/11/2018,796,7,2.5,24,0.2,1306,-16.0,0.0,0.0,0.0,Autumn,No Holiday,Yes
28/11/2018,1540,8,2.1,29,1.1,1337,-14.1,0.02,0.0,0.0,Autumn,No Holiday,Yes
28/11/2018,798,9,3.0,30,1.3,1242,-12.9,0.3,0.0,0.0,Autumn,No Holiday,Yes
28/11/2018,583,10,4.4,23,1.6,1201,-14.9,0.7,0.0,0.0,Autumn,No Holiday,Yes
28/11/2018,608,11,5.7,15,1.1,1419,-19.0,0.98,0.0,0.0,Autumn,No Holiday,Yes
28/11/2018,635,12,7.9,14,1.7,1688,-18.0,1.81,0.0,0.0,Autumn,No Holiday,Yes
28/11/2018,681,13,9.2,13,1.6,1776,-17.8,1.86,0.0,0.0,Autumn,No Holiday,Yes
28/11/2018,675,14,10.3,14,1.1,1880,-16.1,1.7,0.0,0.0,Autumn,No Holiday,Yes
28/11/2018,798,15,10.5,16,2.7,1509,-14.3,1.29,0.0,0.0,Autumn,No Holiday,Yes
28/11/2018,808,16,9.6,17,3.0,1706,-14.3,0.77,0.0,0.0,Autumn,No Holiday,Yes
28/11/2018,1099,17,7.6,23,2.9,1678,-12.2,0.25,0.0,0.0,Autumn,No Holiday,Yes
28/11/2018,1536,18,6.3,25,2.0,1653,-12.3,0.0,0.0,0.0,Autumn,No Holiday,Yes
28/11/2018,1039,19,6.0,24,3.0,1861,-13.0,0.0,0.0,0.0,Autumn,No Holiday,Yes
28/11/2018,842,20,4.8,29,0.6,1756,-11.7,0.0,0.0,0.0,Autumn,No Holiday,Yes
28/11/2018,846,21,4.2,31,1.1,1741,-11.4,0.0,0.0,0.0,Autumn,No Holiday,Yes
28/11/2018,804,22,3.2,34,1.3,1787,-11.1,0.0,0.0,0.0,Autumn,No Holiday,Yes
28/11/2018,555,23,2.9,31,1.7,1869,-12.6,0.0,0.0,0.0,Autumn,No Holiday,Yes
29/11/2018,517,0,2.2,30,0.7,1879,-13.6,0.0,0.0,0.0,Autumn,No Holiday,Yes
29/11/2018,485,1,1.9,32,1.4,1999,-13.0,0.0,0.0,0.0,Autumn,No Holiday,Yes
29/11/2018,319,2,2.1,28,0.4,1981,-14.5,0.0,0.0,0.0,Autumn,No Holiday,Yes
29/11/2018,195,3,1.9,33,0.9,1994,-12.7,0.0,0.0,0.0,Autumn,No Holiday,Yes
29/11/2018,107,4,2.1,33,0.5,1981,-12.5,0.0,0.0,0.0,Autumn,No Holiday,Yes
29/11/2018,126,5,1.8,34,0.9,1990,-12.4,0.0,0.0,0.0,Autumn,No Holiday,Yes
29/11/2018,328,6,1.1,39,1.3,1857,-11.3,0.0,0.0,0.0,Autumn,No Holiday,Yes
29/11/2018,800,7,0.8,41,0.6,1298,-10.9,0.0,0.0,0.0,Autumn,No Holiday,Yes
29/11/2018,1635,8,0.8,44,1.7,1439,-10.0,0.02,0.0,0.0,Autumn,No Holiday,Yes
29/11/2018,825,9,1.8,37,0.9,1310,-11.3,0.31,0.0,0.0,Autumn,No Holiday,Yes
29/11/2018,595,10,3.9,28,0.6,1627,-12.9,0.49,0.0,0.0,Autumn,No Holiday,Yes
29/11/2018,623,11,5.2,26,0.5,1471,-12.7,0.64,0.0,0.0,Autumn,No Holiday,Yes
29/11/2018,661,12,5.6,27,0.3,1522,-11.9,0.34,0.0,0.0,Autumn,No Holiday,Yes
29/11/2018,645,13,5.3,26,2.1,1604,-12.7,0.21,0.0,0.0,Autumn,No Holiday,Yes
29/11/2018,668,14,6.0,27,0.6,1452,-11.6,0.34,0.0,0.0,Autumn,No Holiday,Yes
29/11/2018,652,15,6.5,32,2.6,1321,-9.0,0.35,0.0,0.0,Autumn,No Holiday,Yes
29/11/2018,748,16,5.8,39,2.6,1489,-7.1,0.1,0.0,0.0,Autumn,No Holiday,Yes
29/11/2018,996,17,5.8,38,1.3,1674,-7.4,0.01,0.0,0.0,Autumn,No Holiday,Yes
29/11/2018,1577,18,0.0,46,0.9,1566,-4.8,0.0,0.0,0.0,Autumn,No Holiday,Yes
29/11/2018,1026,19,5.2,48,1.9,1590,-4.9,0.0,0.0,0.0,Autumn,No Holiday,Yes
29/11/2018,818,20,4.1,54,1.3,1434,-4.3,0.0,0.0,0.0,Autumn,No Holiday,Yes
29/11/2018,792,21,3.8,55,2.1,1231,-4.4,0.0,0.0,0.0,Autumn,No Holiday,Yes
29/11/2018,726,22,3.0,59,1.1,1218,-4.2,0.0,0.0,0.0,Autumn,No Holiday,Yes
29/11/2018,559,23,2.6,56,1.9,1394,-5.3,0.0,0.0,0.0,Autumn,No Holiday,Yes
30/11/2018,474,0,1.8,62,1.6,1411,-4.7,0.0,0.0,0.0,Autumn,No Holiday,Yes
30/11/2018,456,1,1.3,63,2.0,1379,-4.9,0.0,0.0,0.0,Autumn,No Holiday,Yes
30/11/2018,300,2,0.6,66,0.5,1368,-5.0,0.0,0.0,0.0,Autumn,No Holiday,Yes
30/11/2018,213,3,-0.1,69,0.9,1338,-5.1,0.0,0.0,0.0,Autumn,No Holiday,Yes
30/11/2018,116,4,-0.5,71,0.4,1345,-5.1,0.0,0.0,0.0,Autumn,No Holiday,Yes
30/11/2018,149,5,-0.7,66,0.5,1336,-6.2,0.0,0.0,0.0,Autumn,No Holiday,Yes
30/11/2018,293,6,-0.8,68,0.8,1322,-5.9,0.0,0.0,0.0,Autumn,No Holiday,Yes
30/11/2018,750,7,-1.2,70,0.8,1351,-5.9,0.0,0.0,0.0,Autumn,No Holiday,Yes
30/11/2018,1527,8,-1.5,68,1.1,1286,-6.6,0.02,0.0,0.0,Autumn,No Holiday,Yes
30/11/2018,809,9,-0.4,57,0.6,1270,-7.8,0.45,0.0,0.0,Autumn,No Holiday,Yes
30/11/2018,554,10,1.9,51,0.8,1029,-7.1,1.01,0.0,0.0,Autumn,No Holiday,Yes
30/11/2018,642,11,5.3,43,1.8,1177,-6.2,1.38,0.0,0.0,Autumn,No Holiday,Yes
30/11/2018,720,12,6.6,35,1.3,1409,-7.8,1.7,0.0,0.0,Autumn,No Holiday,Yes
30/11/2018,740,13,7.1,24,2.8,1838,-12.1,1.83,0.0,0.0,Autumn,No Holiday,Yes
30/11/2018,761,14,7.8,20,2.2,2000,-13.8,1.67,0.0,0.0,Autumn,No Holiday,Yes
30/11/2018,768,15,7.0,20,3.3,1994,-14.4,1.21,0.0,0.0,Autumn,No Holiday,Yes
30/11/2018,837,16,7.2,23,1.5,1945,-12.6,0.72,0.0,0.0,Autumn,No Holiday,Yes
30/11/2018,1047,17,6.0,29,2.1,1877,-10.7,0.23,0.0,0.0,Autumn,No Holiday,Yes
30/11/2018,1384,18,4.7,34,1.9,1661,-9.8,0.0,0.0,0.0,Autumn,No Holiday,Yes
30/11/2018,1003,19,4.2,34,2.6,1894,-10.3,0.0,0.0,0.0,Autumn,No Holiday,Yes
30/11/2018,764,20,3.4,37,2.3,2000,-9.9,0.0,0.0,0.0,Autumn,No Holiday,Yes
30/11/2018,694,21,2.6,39,0.3,1968,-9.9,0.0,0.0,0.0,Autumn,No Holiday,Yes
30/11/2018,712,22,2.1,41,1.0,1859,-9.8,0.0,0.0,0.0,Autumn,No Holiday,Yes
30/11/2018,584,23,1.9,43,1.3,1909,-9.3,0.0,0.0,0.0,Autumn,No Holiday,Yes
