Date,Rented Bike Count,Hour,Temperature(°C),Humidity(%),Wind speed (m/s),Visibility (10m),Dew point temperature(°C),Solar Radiation (MJ/m2),Rainfall(mm),Snowfall (cm),Seasons,Holiday,Functioning Day
12/02/2018,103,0,-7.7,52,3.2,1982,-15.8,0.0,0.0,0.0,Winter,No Holiday,Yes
12/02/2018,69,1,-7.9,52,3.7,1961,-16.0,0.0,0.0,0.0,Winter,No Holiday,Yes
12/02/2018,45,2,-8.3,49,2.7,2000,-17.1,0.0,0.0,0.0,Winter,No Holiday,Yes
12/02/2018,21,3,-8.5,35,2.7,2000,-21.2,0.0,0.0,0.0,Winter,No Holiday,Yes
12/02/2018,33,4,-8.6,31,3.5,2000,-22.7,0.0,0.0,0.0,Winter,No Holiday,Yes
12/02/2018,30,5,-9.2,37,1.1,2000,-21.2,0.0,0.0,0.0,Winter,No Holiday,Yes
12/02/2018,109,6,-9.5,36,1.5,2000,-21.8,0.0,0.0,0.0,Winter,No Holiday,Yes
12/02/2018,236,7,-9.5,35,1.1,2000,-22.1,0.0,0.0,0.0,Winter,No Holiday,Yes
12/02/2018,517,8,-9.1,33,2.1,1998,-22.4,0.03,0.0,0.0,Winter,No Holiday,Yes
12/02/2018,262,9,-8.4,28,2.2,1947,-23.7,0.49,0.0,0.0,Winter,No Holiday,Yes
12/02/2018,161,10,-6.7,23,2.4,1938,-24.4,1.25,0.0,0.0,Winter,No Holiday,Yes
12/02/2018,190,11,-6.1,25,2.8,1976,-22.9,1.28,0.0,0.0,Winter,No Holiday,Yes
12/02/2018,202,12,-4.6,32,4.2,1874,-18.8,1.43,0.0,0.0,Winter,No Holiday,Yes
12/02/2018,246,13,-2.7,29,2.9,1961,-18.3,2.29,0.0,0.0,Winter,No Holiday,Yes
12/02/2018,182,14,-2.4,30,3.4,1824,-17.6,2.08,0.0,0.0,Winter,No Holiday,Yes
12/02/2018,228,15,-2.1,30,3.9,1933,-17.3,2.22,0.0,0.0,Winter,No Holiday,Yes
12/02/2018,239,16,-2.4,33,4.5,1815,-16.5,1.55,0.0,0.0,Winter,No Holiday,Yes
12/02/2018,288,17,-3.1,36,4.4,1988,-16.0,0.89,0.0,0.0,Winter,No Holiday,Yes
12/02/2018,475,18,-4.4,46,3.5,2000,-14.3,0.23,0.0,0.0,Winter,No Holiday,Yes
12/02/2018,340,19,-4.9,52,2.0,2000,-13.2,0.0,0.0,0.0,Winter,No Holiday,Yes
12/02/2018,244,20,-4.7,55,1.7,2000,-12.3,0.0,0.0,0.0,Winter,No Holiday,Yes
12/02/2018,253,21,-4.3,59,3.0,1239,-11.1,0.0,0.0,0.0,Winter,No Holiday,Yes
12/02/2018,200,22,-4.2,57,1.7,2000,-11.4,0.0,0.0,0.0,Winter,No Holiday,Yes
12/02/2018,140,23,-4.4,58,2.4,2000,-11.4,0.0,0.0,0.0,Winter,No Holiday,Yes
13/02/2018,158,0,-5.0,60,1.8,1995,-11.5,0.0,0.0,0.0,Winter,No Holiday,Yes
13/02/2018,146,1,-5.5,60,1.3,1994,-12.0,0.0,0.0,0.0,Winter,No Holiday,Yes
13/02/2018,106,2,-6.0,58,2.0,2000,-12.9,0.0,0.0,0.0,Winter,No Holiday,Yes
13/02/2018,70,3,-6.2,61,1.3,1992,-12.5,0.0,0.0,0.0,Winter,No Holiday,Yes
13/02/2018,46,4,-6.4,62,1.8,1978,-12.4,0.0,0.0,0.0,Winter,No Holiday,Yes
13/02/2018,51,5,-6.7,64,1.6,1981,-12.3,0.0,0.0,0.0,Winter,No Holiday,Yes
13/02/2018,96,6,-7.1,70,1.0,1977,-11.6,0.0,0.0,0.0,Winter,No Holiday,Yes
13/02/2018,294,7,-7.2,70,1.9,1946,-11.7,0.0,0.0,0.0,Winter,No Holiday,Yes
13/02/2018,568,8,-7.1,68,0.6,1931,-12.0,0.03,0.0,0.0,Winter,No Holiday,Yes
13/02/2018,285,9,-5.9,52,1.4,1935,-14.1,0.53,0.0,0.0,Winter,No Holiday,Yes
13/02/2018,200,10,-2.4,41,1.5,1905,-13.8,1.19,0.0,0.0,Winter,No Holiday,Yes
13/02/2018,252,11,-0.3,40,3.4,1728,-12.2,1.73,0.0,0.0,Winter,No Holiday,Yes
13/02/2018,281,12,1.0,41,3.3,1794,-10.8,2.11,0.0,0.0,Winter,No Holiday,Yes
13/02/2018,256,13,2.6,40,3.5,1854,-9.6,2.28,0.0,0.0,Winter,No Holiday,Yes
13/02/2018,300,14,3.7,39,3.8,1908,-9.0,2.19,0.0,0.0,Winter,No Holiday,Yes
13/02/2018,295,15,3.7,40,5.3,1950,-8.6,1.96,0.0,0.0,Winter,No Holiday,Yes
13/02/2018,328,16,3.9,41,4.0,1973,-8.1,1.24,0.0,0.0,Winter,No Holiday,Yes
13/02/2018,410,17,3.5,46,3.1,1992,-7.0,0.39,0.0,0.0,Winter,No Holiday,Yes
13/02/2018,604,18,3.1,50,3.7,2000,-6.3,0.07,0.0,0.0,Winter,No Holiday,Yes
13/02/2018,406,19,2.4,57,3.2,1995,-5.2,0.0,0.0,0.0,Winter,No Holiday,Yes
13/02/2018,323,20,2.3,59,3.8,1981,-4.9,0.0,0.0,0.0,Winter,No Holiday,Yes
13/02/2018,290,21,2.6,57,3.8,2000,-5.0,0.0,0.0,0.0,Winter,No Holiday,Yes
13/02/2018,291,22,2.6,57,3.1,2000,-5.0,0.0,0.0,0.0,Winter,No Holiday,Yes
13/02/2018,211,23,2.4,59,3.2,2000,-4.8,0.0,0.0,0.0,Winter,No Holiday,Yes
14/02/2018,178,0,2.0,65,2.2,1885,-3.9,0.0,0.0,0.0,Winter,No Holiday,Yes
14/02/2018,213,1,1.3,67,1.2,1738,-4.1,0.0,0.0,0.0,Winter,No Holiday,Yes
14/02/2018,129,2,1.2,64,0.9,1680,-4.8,0.0,0.0,0.0,Winter,No Holiday,Yes
14/02/2018,101,3,1.1,65,1.0,1596,-4.7,0.0,0.0,0.0,Winter,No Holiday,Yes
14/02/2018,51,4,1.1,67,1.7,1506,-4.3,0.0,0.0,0.0,Winter,No Holiday,Yes
14/02/2018,56,5,1.0,68,0.6,1519,-4.2,0.0,0.0,0.0,Winter,No Holiday,Yes
14/02/2018,108,6,1.1,66,0.9,1550,-4.5,0.0,0.0,0.0,Winter,No Holiday,Yes
14/02/2018,292,7,1.3,66,1.1,1534,-4.3,0.0,0.0,0.0,Winter,No Holiday,Yes
14/02/2018,606,8,2.1,65,1.1,1559,-3.8,0.01,0.0,0.0,Winter,No Holiday,Yes
14/02/2018,326,9,3.9,64,2.9,1483,-2.3,0.18,0.0,0.0,Winter,No Holiday,Yes
14/02/2018,241,10,5.2,65,3.9,1313,-0.8,0.56,0.0,0.0,Winter,No Holiday,Yes
14/02/2018,288,11,6.3,67,3.5,1179,0.6,0.52,0.0,0.0,Winter,No Holiday,Yes
14/02/2018,312,12,6.9,67,3.9,986,1.1,0.42,0.0,0.0,Winter,No Holiday,Yes
14/02/2018,349,13,7.2,65,3.8,773,1.0,0.61,0.0,0.0,Winter,No Holiday,Yes
14/02/2018,398,14,7.8,57,3.5,675,-0.2,1.34,0.0,0.0,Winter,No Holiday,Yes
14/02/2018,461,15,8.7,48,4.1,767,-1.7,1.68,0.0,0.0,Winter,No Holiday,Yes
14/02/2018,447,16,8.0,36,3.5,1013,-6.1,1.09,0.0,0.0,Winter,No Holiday,Yes
14/02/2018,484,17,6.6,34,2.8,1300,-8.1,0.42,0.0,0.0,Winter,No Holiday,Yes
14/02/2018,559,18,5.1,34,2.3,1440,-9.5,0.09,0.0,0.0,Winter,No Holiday,Yes
14/02/2018,316,19,3.9,37,1.4,1417,-9.4,0.0,0.0,0.0,Winter,No Holiday,Yes
14/02/2018,262,20,2.8,29,2.8,1473,-13.5,0.0,0.0,0.0,Winter,No Holiday,Yes
14/02/2018,216,21,1.7,27,3.1,1734,-15.3,0.0,0.0,0.0,Winter,No Holiday,Yes
14/02/2018,218,22,0.3,33,4.0,1436,-14.1,0.0,0.0,0.0,Winter,No Holiday,Yes
14/02/2018,160,23,-0.3,35,2.1,1577,-13.9,0.0,0.0,0.0,Winter,No Holiday,Yes
15/02/2018,126,0,-0.7,37,3.5,1716,-13.6,0.0,0.0,0.0,Winter,Holiday,Yes
15/02/2018,123,1,-1.1,38,2.8,1999,-13.6,0.0,0.0,0.0,Winter,Holiday,Yes
15/02/2018,112,2,-1.2,35,2.2,2000,-14.7,0.0,0.0,0.0,Winter,Holiday,Yes
15/02/2018,74,3,-1.4,34,2.1,2000,-15.2,0.0,0.0,0.0,Winter,Holiday,Yes
15/02/2018,58,4,-1.9,34,3.0,2000,-15.7,0.0,0.0,0.0,Winter,Holiday,Yes
15/02/2018,32,5,-2.4,33,3.1,2000,-16.5,0.0,0.0,0.0,Winter,Holiday,Yes
15/02/2018,39,6,-2.6,38,1.0,2000,-15.0,0.0,0.0,0.0,Winter,Holiday,Yes
15/02/2018,55,7,-3.0,40,0.9,2000,-14.7,0.0,0.0,0.0,Winter,Holiday,Yes
15/02/2018,112,8,-3.0,38,1.0,2000,-15.4,0.0,0.0,0.0,Winter,Holiday,Yes
15/02/2018,112,9,-3.5,30,1.5,1980,-18.6,0.0,0.0,0.0,Winter,Holiday,Yes
15/02/2018,127,10,-1.6,26,1.9,1980,-18.6,1.29,0.0,0.0,Winter,Holiday,Yes
15/02/2018,170,11,0.1,22,2.0,2000,-19.1,1.84,0.0,0.0,Winter,Holiday,Yes
15/02/2018,174,12,1.7,20,3.0,1983,-18.9,2.28,0.0,0.0,Winter,Holiday,Yes
15/02/2018,240,13,2.2,18,3.4,1942,-19.7,2.3,0.0,0.0,Winter,Holiday,Yes
15/02/2018,270,14,2.9,14,4.3,2000,-22.0,2.29,0.0,0.0,Winter,Holiday,Yes
15/02/2018,276,15,3.8,17,3.2,2000,-19.0,1.97,0.0,0.0,Winter,Holiday,Yes
15/02/2018,273,16,3.2,16,3.0,2000,-20.2,1.45,0.0,0.0,Winter,Holiday,Yes
15/02/2018,236,17,2.4,17,3.1,1990,-20.2,0.78,0.0,0.0,Winter,Holiday,Yes
15/02/2018,190,18,1.1,18,2.5,2000,-20.6,0.2,0.0,0.0,Winter,Holiday,Yes
15/02/2018,166,19,0.1,21,2.9,2000,-19.7,0.0,0.0,0.0,Winter,Holiday,Yes
15/02/2018,148,20,-0.4,27,2.2,2000,-17.1,0.0,0.0,0.0,Winter,Holiday,Yes
15/02/2018,134,21,-1.1,32,2.4,2000,-15.7,0.0,0.0,0.0,Winter,Holiday,Yes
15/02/2018,145,22,-1.9,30,0.8,2000,-17.2,0.0,0.0,0.0,Winter,Holiday,Yes
15/02/2018,92,23,-2.5,31,1.4,1996,-17.3,0.0,0.0,0.0,Winter,Holiday,Yes
16/02/2018,105,0,-3.3,35,1.8,1977,-16.6,0.0,0.0,0.0,Winter,Holiday,Yes
16/02/2018,77,1,-3.6,35,2.0,1943,-16.8,0.0,0.0,0.0,Winter,Holiday,Yes
16/02/2018,47,2,-4.1,38,1.2,1996,-16.3,0.0,0.0,0.0,Winter,Holiday,Yes
16/02/2018,36,3,-4.4,37,1.7,1989,-16.9,0.0,0.0,0.0,Winter,Holiday,Yes
16/02/2018,35,4,-4.5,42,1.4,1944,-15.5,0.0,0.0,0.0,Winter,Holiday,Yes
16/02/2018,28,5,-5.0,44,0.9,1976,-15.3,0.0,0.0,0.0,Winter,Holiday,Yes
16/02/2018,30,6,-5.2,42,0.7,1980,-16.1,0.0,0.0,0.0,Winter,Holiday,Yes
16/02/2018,49,7,-5.4,41,0.3,2000,-16.6,0.0,0.0,0.0,Winter,Holiday,Yes
16/02/2018,68,8,-5.4,38,0.7,2000,-17.5,0.04,0.0,0.0,Winter,Holiday,Yes
16/02/2018,48,9,-4.3,33,0.7,1923,-18.2,0.6,0.0,0.0,Winter,Holiday,Yes
16/02/2018,78,10,-1.3,32,1.5,1933,-15.9,1.24,0.0,0.0,Winter,Holiday,Yes
16/02/2018,93,11,1.0,25,1.4,1782,-16.8,1.7,0.0,0.0,Winter,Holiday,Yes
16/02/2018,137,12,2.2,19,1.4,1946,-19.1,2.01,0.0,0.0,Winter,Holiday,Yes
16/02/2018,169,13,3.5,17,3.2,1971,-19.3,2.2,0.0,0.0,Winter,Holiday,Yes
16/02/2018,196,14,4.2,18,3.3,1976,-18.0,2.25,0.0,0.0,Winter,Holiday,Yes
16/02/2018,243,15,4.0,26,3.5,2000,-13.8,1.75,0.0,0.0,Winter,Holiday,Yes
16/02/2018,189,16,3.3,38,3.8,1921,-9.6,1.33,0.0,0.0,Winter,Holiday,Yes
16/02/2018,210,17,2.5,48,4.2,1979,-7.4,0.76,0.0,0.0,Winter,Holiday,Yes
16/02/2018,165,18,1.4,56,3.2,1932,-6.4,0.22,0.0,0.0,Winter,Holiday,Yes
16/02/2018,126,19,0.6,59,2.3,1939,-6.5,0.0,0.0,0.0,Winter,Holiday,Yes
16/02/2018,150,20,0.2,61,1.9,1956,-6.4,0.0,0.0,0.0,Winter,Holiday,Yes
16/02/2018,114,21,0.1,67,2.5,1451,-5.3,0.0,0.0,0.0,Winter,Holiday,Yes
16/02/2018,116,22,-0.6,70,3.4,1204,-5.4,0.0,0.0,0.0,Winter,Holiday,Yes
16/02/2018,84,23,-2.0,51,3.2,1336,-10.8,0.0,0.0,0.0,Winter,Holiday,Yes
17/02/2018,79,0,-2.7,41,3.2,1695,-14.1,0.0,0.0,0.0,Winter,Holiday,Yes
17/02/2018,71,1,-3.1,36,3.5,2000,-16.0,0.0,0.0,0.0,Winter,Holiday,Yes
17/02/2018,56,2,-3.8,30,3.9,2000,-18.8,0.0,0.0,0.0,Winter,Holiday,Yes
17/02/2018,34,3,-4.5,28,3.0,2000,-20.3,0.0,0.0,0.0,Winter,Holiday,Yes
17/02/2018,20,4,-5.2,28,2.5,2000,-20.9,0.0,0.0,0.0,Winter,Holiday,Yes
17/02/2018,14,5,-5.7,31,2.3,1999,-20.1,0.0,0.0,0.0,Winter,Holiday,Yes
17/02/2018,39,6,-6.2,32,2.5,2000,-20.2,0.0,0.0,0.0,Winter,Holiday,Yes
17/02/2018,35,7,-6.8,32,1.6,2000,-20.7,0.0,0.0,0.0,Winter,Holiday,Yes
17/02/2018,80,8,-7.1,30,1.7,1991,-21.7,0.04,0.0,0.0,Winter,Holiday,Yes
17/02/2018,98,9,-6.5,26,2.4,1874,-22.8,0.64,0.0,0.0,Winter,Holiday,Yes
17/02/2018,103,10,-4.3,21,1.4,1908,-23.4,1.34,0.0,0.0,Winter,Holiday,Yes
17/02/2018,155,11,-2.8,19,2.6,1957,-23.2,1.91,0.0,0.0,Winter,Holiday,Yes
17/02/2018,183,12,-1.3,17,1.5,1998,-23.2,2.28,0.0,0.0,Winter,Holiday,Yes
17/02/2018,193,13,-0.4,15,2.4,1938,-23.9,2.46,0.0,0.0,Winter,Holiday,Yes
17/02/2018,258,14,-0.1,15,4.0,2000,-23.7,2.39,0.0,0.0,Winter,Holiday,Yes
17/02/2018,273,15,1.0,14,4.6,2000,-23.5,2.12,0.0,0.0,Winter,Holiday,Yes
17/02/2018,267,16,1.3,15,4.2,2000,-22.5,1.63,0.0,0.0,Winter,Holiday,Yes
17/02/2018,250,17,0.6,17,3.3,2000,-21.7,0.79,0.0,0.0,Winter,Holiday,Yes
17/02/2018,223,18,-0.3,17,1.9,2000,-22.4,0.2,0.0,0.0,Winter,Holiday,Yes
17/02/2018,169,19,-1.5,32,2.5,2000,-16.0,0.0,0.0,0.0,Winter,Holiday,Yes
17/02/2018,145,20,-2.1,38,2.0,2000,-14.5,0.0,0.0,0.0,Winter,Holiday,Yes
17/02/2018,133,21,-2.3,38,2.3,2000,-14.7,0.0,0.0,0.0,Winter,Holiday,Yes
17/02/2018,123,22,-2.7,42,2.2,2000,-13.8,0.0,0.0,0.0,Winter,Holiday,Yes
17/02/2018,117,23,-2.9,31,3.8,2000,-17.7,0.0,0.0,0.0,Winter,Holiday,Yes
18/02/2018,99,0,-3.6,33,1.7,2000,-17.5,0.0,0.0,0.0,Winter,No Holiday,Yes
18/02/2018,103,1,-4.4,33,1.4,2000,-18.2,0.0,0.0,0.0,Winter,No Holiday,Yes
18/02/2018,86,2,-4.7,33,0.1,2000,-18.5,0.0,0.0,0.0,Winter,No Holiday,Yes
18/02/2018,56,3,-4.5,26,0.0,2000,-21.1,0.0,0.0,0.0,Winter,No Holiday,Yes
18/02/2018,37,4,-4.1,27,0.6,2000,-20.3,0.0,0.0,0.0,Winter,No Holiday,Yes
18/02/2018,22,5,-4.0,28,0.5,2000,-19.8,0.0,0.0,0.0,Winter,No Holiday,Yes
18/02/2018,38,6,-4.1,30,1.1,2000,-19.1,0.0,0.0,0.0,Winter,No Holiday,Yes
18/02/2018,52,7,-4.6,31,1.2,2000,-19.2,0.0,0.0,0.0,Winter,No Holiday,Yes
18/02/2018,92,8,-4.8,31,0.8,2000,-19.3,0.02,0.0,0.0,Winter,No Holiday,Yes
18/02/2018,137,9,-4.1,30,0.5,2000,-19.1,0.28,0.0,0.0,Winter,No Holiday,Yes
18/02/2018,156,10,-1.8,23,0.6,2000,-20.2,0.8,0.0,0.0,Winter,No Holiday,Yes
18/02/2018,183,11,0.0,20,0.8,1975,-20.3,1.05,0.0,0.0,Winter,No Holiday,Yes
18/02/2018,263,12,2.2,17,1.0,1979,-20.4,1.75,0.0,0.0,Winter,No Holiday,Yes
18/02/2018,337,13,3.7,17,1.4,2000,-19.1,1.98,0.0,0.0,Winter,No Holiday,Yes
18/02/2018,372,14,4.1,17,1.8,1996,-18.8,1.87,0.0,0.0,Winter,No Holiday,Yes
18/02/2018,440,15,5.0,16,2.0,1970,-18.8,1.42,0.0,0.0,Winter,No Holiday,Yes
18/02/2018,404,16,5.1,16,1.8,1998,-18.7,1.17,0.0,0.0,Winter,No Holiday,Yes
18/02/2018,354,17,4.2,17,2.5,1990,-18.7,0.66,0.0,0.0,Winter,No Holiday,Yes
18/02/2018,310,18,2.8,25,3.0,2000,-15.3,0.22,0.0,0.0,Winter,No Holiday,Yes
18/02/2018,238,19,1.5,30,2.6,2000,-14.2,0.0,0.0,0.0,Winter,No Holiday,Yes
18/02/2018,213,20,0.6,33,1.9,2000,-13.8,0.0,0.0,0.0,Winter,No Holiday,Yes
18/02/2018,226,21,0.2,32,1.1,1951,-14.5,0.0,0.0,0.0,Winter,No Holiday,Yes
18/02/2018,191,22,-0.3,34,1.6,1981,-14.2,0.0,0.0,0.0,Winter,No Holiday,Yes
18/02/2018,153,23,-0.7,37,0.9,1814,-13.6,0.0,0.0,0.0,Winter,No Holiday,Yes
19/02/2018,148,0,-1.1,39,1.7,1832,-13.3,0.0,0.0,0.0,Winter,No Holiday,Yes
19/02/2018,101,1,-1.4,42,1.1,1805,-12.6,0.0,0.0,0.0,Winter,No Holiday,Yes
19/02/2018,59,2,-1.4,41,1.1,1582,-12.9,0.0,0.0,0.0,Winter,No Holiday,Yes
19/02/2018,42,3,-1.4,41,1.6,1870,-12.9,0.0,0.0,0.0,Winter,No Holiday,Yes
19/02/2018,50,4,-1.9,44,0.7,1907,-12.5,0.0,0.0,0.0,Winter,No Holiday,Yes
19/02/2018,59,5,-1.8,44,0.5,1862,-12.4,0.0,0.0,0.0,Winter,No Holiday,Yes
19/02/2018,139,6,-1.4,46,0.3,1651,-11.5,0.0,0.0,0.0,Winter,No Holiday,Yes
19/02/2018,349,7,-0.9,45,0.9,1820,-11.3,0.0,0.0,0.0,Winter,No Holiday,Yes
19/02/2018,646,8,-1.2,51,0.8,1800,-10.0,0.05,0.0,0.0,Winter,No Holiday,Yes
19/02/2018,347,9,-0.6,43,0.5,1596,-11.6,0.52,0.0,0.0,Winter,No Holiday,Yes
19/02/2018,235,10,2.6,45,1.2,1230,-8.1,1.17,0.0,0.0,Winter,No Holiday,Yes
19/02/2018,314,11,4.3,44,2.3,1091,-6.9,1.77,0.0,0.0,Winter,No Holiday,Yes
19/02/2018,361,12,4.7,43,2.1,1131,-6.8,1.38,0.0,0.0,Winter,No Holiday,Yes
19/02/2018,332,13,5.1,41,1.8,1097,-7.0,1.03,0.0,0.0,Winter,No Holiday,Yes
19/02/2018,373,14,5.6,38,1.6,1087,-7.6,1.1,0.0,0.0,Winter,No Holiday,Yes
19/02/2018,392,15,6.3,35,2.6,991,-8.0,1.2,0.0,0.0,Winter,No Holiday,Yes
19/02/2018,403,16,6.3,35,2.9,1117,-8.0,1.1,0.0,0.0,Winter,No Holiday,Yes
19/02/2018,522,17,5.7,36,3.0,1073,-8.2,0.57,0.0,0.0,Winter,No Holiday,Yes
19/02/2018,819,18,4.7,43,2.4,938,-6.8,0.19,0.0,0.0,Winter,No Holiday,Yes
19/02/2018,533,19,3.6,55,1.6,728,-4.6,0.0,0.0,0.0,Winter,No Holiday,Yes
19/02/2018,417,20,2.4,60,1.9,661,-4.5,0.0,0.0,0.0,Winter,No Holiday,Yes
19/02/2018,388,21,1.8,63,1.2,604,-4.5,0.0,0.0,0.0,Winter,No Holiday,Yes
19/02/2018,357,22,1.0,69,0.7,525,-4.0,0.0,0.0,0.0,Winter,No Holiday,Yes
19/02/2018,218,23,0.5,73,1.5,465,-3.7,0.0,0.0,0.0,Winter,No Holiday,Yes
20/02/2018,177,0,0.0,75,2.3,394,-3.9,0.0,0.0,0.0,Winter,No Holiday,Yes
20/02/2018,172,1,-0.5,76,1.6,402,-4.2,0.0,0.0,0.0,Winter,No Holiday,Yes
20/02/2018,115,2,-0.8,76,0.8,421,-4.5,0.0,0.0,0.0,Winter,No Holiday,Yes
20/02/2018,63,3,-1.3,80,0.7,392,-4.3,0.0,0.0,0.0,Winter,No Holiday,Yes
20/02/2018,64,4,-1.6,83,0.6,368,-4.1,0.0,0.0,0.0,Winter,No Holiday,Yes
20/02/2018,79,5,-1.8,82,1.3,375,-4.4,0.0,0.0,0.0,Winter,No Holiday,Yes
20/02/2018,164,6,-2.1,82,1.8,381,-4.7,0.0,0.0,0.0,Winter,No Holiday,Yes
20/02/2018,404,7,-2.2,76,1.9,527,-5.8,0.0,0.0,0.0,Winter,No Holiday,Yes
20/02/2018,727,8,-2.1,71,1.7,610,-6.6,0.06,0.0,0.0,Winter,No Holiday,Yes
20/02/2018,384,9,-1.4,56,1.4,709,-9.0,0.54,0.0,0.0,Winter,No Holiday,Yes
20/02/2018,265,10,1.1,38,3.1,1184,-11.6,1.13,0.0,0.0,Winter,No Holiday,Yes
20/02/2018,322,11,2.8,35,3.9,1265,-11.1,1.71,0.0,0.0,Winter,No Holiday,Yes
20/02/2018,356,12,4.0,23,3.5,1785,-15.3,2.03,0.0,0.0,Winter,No Holiday,Yes
20/02/2018,370,13,4.2,22,3.9,1812,-15.6,2.21,0.0,0.0,Winter,No Holiday,Yes
20/02/2018,335,14,5.0,20,3.7,1866,-16.1,2.12,0.0,0.0,Winter,No Holiday,Yes
20/02/2018,431,15,5.4,18,3.7,1940,-17.0,1.82,0.0,0.0,Winter,No Holiday,Yes
20/02/2018,393,16,5.1,17,3.4,2000,-18.0,1.2,0.0,0.0,Winter,No Holiday,Yes
20/02/2018,514,17,3.9,19,3.6,2000,-17.6,0.58,0.0,0.0,Winter,No Holiday,Yes
20/02/2018,764,18,3.2,20,2.9,2000,-17.6,0.16,0.0,0.0,Winter,No Holiday,Yes
20/02/2018,522,19,2.5,21,2.2,2000,-17.6,0.0,0.0,0.0,Winter,No Holiday,Yes
20/02/2018,358,20,1.8,19,3.1,2000,-19.4,0.0,0.0,0.0,Winter,No Holiday,Yes
20/02/2018,415,21,1.1,21,1.6,2000,-18.8,0.0,0.0,0.0,Winter,No Holiday,Yes
20/02/2018,319,22,0.5,22,2.9,2000,-18.8,0.0,0.0,0.0,Winter,No Holiday,Yes
20/02/2018,242,23,-0.5,26,3.3,2000,-17.7,0.0,0.0,0.0,Winter,No Holiday,Yes
21/02/2018,171,0,-1.4,28,3.4,1990,-17.6,0.0,0.0,0.0,Winter,No Holiday,Yes
21/02/2018,162,1,-2.2,31,1.1,1970,-17.0,0.0,0.0,0.0,Winter,No Holiday,Yes
21/02/2018,105,2,-2.9,31,1.6,1931,-17.7,0.0,0.0,0.0,Winter,No Holiday,Yes
21/02/2018,59,3,-3.4,32,0.9,1977,-17.7,0.0,0.0,0.0,Winter,No Holiday,Yes
21/02/2018,50,4,-3.8,32,1.1,2000,-18.1,0.0,0.0,0.0,Winter,No Holiday,Yes
21/02/2018,63,5,-4.0,35,1.8,2000,-17.2,0.0,0.0,0.0,Winter,No Holiday,Yes
21/02/2018,159,6,-4.0,34,3.4,2000,-17.5,0.0,0.0,0.0,Winter,No Holiday,Yes
21/02/2018,385,7,-4.1,35,3.5,1980,-17.3,0.0,0.0,0.0,Winter,No Holiday,Yes
21/02/2018,718,8,-4.3,36,1.9,1955,-17.1,0.06,0.0,0.0,Winter,No Holiday,Yes
21/02/2018,373,9,-3.8,28,1.7,1904,-19.6,0.63,0.0,0.0,Winter,No Holiday,Yes
21/02/2018,244,10,-1.8,25,2.6,1913,-19.2,1.17,0.0,0.0,Winter,No Holiday,Yes
21/02/2018,276,11,0.2,22,2.2,1907,-19.0,1.57,0.0,0.0,Winter,No Holiday,Yes
21/02/2018,351,12,2.2,17,2.0,1824,-20.4,1.99,0.0,0.0,Winter,No Holiday,Yes
21/02/2018,299,13,2.9,14,3.3,2000,-22.0,2.14,0.0,0.0,Winter,No Holiday,Yes
21/02/2018,365,14,3.3,14,2.9,1985,-21.7,2.49,0.0,0.0,Winter,No Holiday,Yes
21/02/2018,366,15,4.2,15,2.7,1995,-20.2,2.21,0.0,0.0,Winter,No Holiday,Yes
21/02/2018,409,16,3.7,14,3.9,2000,-21.4,1.71,0.0,0.0,Winter,No Holiday,Yes
21/02/2018,469,17,3.1,14,3.7,2000,-21.9,1.0,0.0,0.0,Winter,No Holiday,Yes
21/02/2018,784,18,1.8,16,3.4,2000,-21.4,0.31,0.0,0.0,Winter,No Holiday,Yes
21/02/2018,460,19,-0.1,39,2.8,2000,-12.4,0.0,0.0,0.0,Winter,No Holiday,Yes
21/02/2018,356,20,-1.1,43,1.5,2000,-12.1,0.0,0.0,0.0,Winter,No Holiday,Yes
21/02/2018,345,21,-1.6,52,2.2,2000,-10.1,0.0,0.0,0.0,Winter,No Holiday,Yes
21/02/2018,299,22,-2.2,55,1.4,2000,-10.0,0.0,0.0,0.0,Winter,No Holiday,Yes
21/02/2018,223,23,-2.7,58,1.1,2000,-9.8,0.0,0.0,0.0,Winter,No Holiday,Yes
22/02/2018,195,0,-2.7,58,1.7,2000,-9.8,0.0,0.0,0.0,Winter,No Holiday,Yes
22/02/2018,190,1,-2.2,58,1.0,2000,-9.3,0.0,0.0,0.0,Winter,No Holiday,Yes
22/02/2018,116,2,-2.9,57,0.0,1985,-10.2,0.0,0.0,0.0,Winter,No Holiday,Yes
22/02/2018,71,3,-2.8,57,0.5,1995,-10.1,0.0,0.0,0.0,Winter,No Holiday,Yes
22/02/2018,66,4,-2.4,58,0.3,2000,-9.5,0.0,0.0,0.0,Winter,No Holiday,Yes
22/02/2018,75,5,-2.4,59,1.1,1984,-9.3,0.0,0.0,0.0,Winter,No Holiday,Yes
22/02/2018,151,6,-3.0,62,0.8,1996,-9.2,0.0,0.0,0.0,Winter,No Holiday,Yes
22/02/2018,373,7,-3.7,64,0.7,1891,-9.5,0.0,0.0,0.0,Winter,No Holiday,Yes
22/02/2018,783,8,-3.6,63,0.9,1473,-9.6,0.07,0.0,0.0,Winter,No Holiday,Yes
22/02/2018,383,9,-1.9,51,0.9,1654,-10.7,0.58,0.0,0.0,Winter,No Holiday,Yes
22/02/2018,259,10,0.9,44,1.1,1826,-10.0,1.16,0.0,0.0,Winter,No Holiday,Yes
22/02/2018,308,11,2.7,44,0.9,1761,-8.3,1.45,0.0,0.0,Winter,No Holiday,Yes
22/02/2018,352,12,4.8,47,2.6,1373,-5.5,1.72,0.0,0.0,Winter,No Holiday,Yes
22/02/2018,316,13,4.5,51,3.8,1108,-4.7,1.08,0.0,0.0,Winter,No Holiday,Yes
22/02/2018,331,14,4.8,50,4.3,1168,-4.7,1.01,0.0,0.0,Winter,No Holiday,Yes
22/02/2018,356,15,5.0,49,4.4,1138,-4.8,0.96,0.0,0.0,Winter,No Holiday,Yes
22/02/2018,404,16,5.0,50,4.3,1121,-4.5,0.74,0.0,0.0,Winter,No Holiday,Yes
22/02/2018,465,17,4.6,52,3.9,1059,-4.4,0.5,0.0,0.0,Winter,No Holiday,Yes
22/02/2018,730,18,3.9,56,4.0,1004,-4.0,0.18,0.0,0.0,Winter,No Holiday,Yes
22/02/2018,499,19,3.5,60,2.7,936,-3.5,0.0,0.0,0.0,Winter,No Holiday,Yes
22/02/2018,348,20,3.0,62,2.4,975,-3.5,0.0,0.0,0.0,Winter,No Holiday,Yes
22/02/2018,393,21,2.9,64,2.5,1154,-3.2,0.0,0.0,0.0,Winter,No Holiday,Yes
22/02/2018,346,22,2.9,65,2.3,1150,-3.0,0.0,0.0,0.0,Winter,No Holiday,Yes
22/02/2018,202,23,2.9,63,2.6,1253,-3.4,0.0,0.0,0.0,Winter,No Holiday,Yes
23/02/2018,42,0,1.7,86,2.7,54,-0.3,0.0,0.4,0.4,Winter,No Holiday,Yes
23/02/2018,55,1,0.6,96,2.1,118,0.0,0.0,0.0,4.0,Winter,No Holiday,Yes
23/02/2018,62,2,0.7,97,1.4,197,0.2,0.0,0.0,4.1,Winter,No Holiday,Yes
23/02/2018,32,3,0.9,97,1.2,243,0.4,0.0,3.7,4.1,Winter,No Holiday,Yes
23/02/2018,36,4,1.1,96,2.5,241,0.5,0.0,0.0,3.9,Winter,No Holiday,Yes
23/02/2018,39,5,1.0,91,0.7,257,-0.3,0.0,0.0,3.8,Winter,No Holiday,Yes
23/02/2018,63,6,0.4,95,0.3,197,-0.3,0.0,0.0,3.8,Winter,No Holiday,Yes
23/02/2018,174,7,-0.1,97,0.5,179,-0.5,0.0,0.0,3.8,Winter,No Holiday,Yes
23/02/2018,391,8,-0.2,97,0.4,197,-0.6,0.05,0.0,3.7,Winter,No Holiday,Yes
23/02/2018,214,9,0.5,94,0.6,199,-0.3,0.37,0.0,3.7,Winter,No Holiday,Yes
23/02/2018,184,10,2.2,83,0.8,221,-0.3,0.92,0.0,3.7,Winter,No Holiday,Yes
23/02/2018,230,11,3.8,72,0.9,236,-0.7,1.1,0.0,3.4,Winter,No Holiday,Yes
23/02/2018,283,12,5.3,70,0.9,226,0.2,1.73,0.0,1.7,Winter,No Holiday,Yes
23/02/2018,304,13,6.7,64,2.0,241,0.3,1.94,0.0,0.6,Winter,No Holiday,Yes
23/02/2018,312,14,7.8,57,2.1,277,-0.2,1.39,0.0,0.0,Winter,No Holiday,Yes
23/02/2018,312,15,8.2,62,0.6,291,1.3,1.22,0.0,0.0,Winter,No Holiday,Yes
23/02/2018,354,16,8.3,60,2.7,354,0.9,0.36,0.0,0.0,Winter,No Holiday,Yes
23/02/2018,470,17,7.9,68,4.2,352,2.3,0.27,0.0,0.0,Winter,No Holiday,Yes
23/02/2018,669,18,7.5,70,5.0,374,2.3,0.08,0.0,0.0,Winter,No Holiday,Yes
23/02/2018,421,19,6.9,73,3.7,369,2.3,0.0,0.0,0.0,Winter,No Holiday,Yes
23/02/2018,295,20,6.4,77,2.8,316,2.6,0.0,0.0,0.0,Winter,No Holiday,Yes
23/02/2018,321,21,6.0,79,2.7,306,2.6,0.0,0.0,0.0,Winter,No Holiday,Yes
23/02/2018,291,22,5.7,81,2.5,292,2.6,0.0,0.0,0.0,Winter,No Holiday,Yes
23/02/2018,243,23,5.5,80,2.7,258,2.3,0.0,0.0,0.0,Winter,No Holiday,Yes
24/02/2018,226,0,4.6,82,3.0,240,1.7,0.0,0.0,0.0,Winter,No Holiday,Yes
24/02/2018,263,1,4.0,83,1.7,235,1.3,0.0,0.0,0.0,Winter,No Holiday,Yes
24/02/2018,197,2,3.7,82,1.6,229,0.9,0.0,0.0,0.0,Winter,No Holiday,Yes
24/02/2018,133,3,3.5,82,2.9,217,0.7,0.0,0.0,0.0,Winter,No Holiday,Yes
24/02/2018,63,4,2.7,82,2.8,222,0.0,0.0,0.0,0.0,Winter,No Holiday,Yes
24/02/2018,58,5,1.8,84,2.7,214,-0.6,0.0,0.0,0.0,Winter,No Holiday,Yes
24/02/2018,72,6,1.2,83,2.5,245,-1.3,0.0,0.0,0.0,Winter,No Holiday,Yes
24/02/2018,108,7,0.6,86,1.6,211,-1.4,0.0,0.0,0.0,Winter,No Holiday,Yes
24/02/2018,203,8,0.0,77,2.8,289,-3.5,0.06,0.0,0.0,Winter,No Holiday,Yes
24/02/2018,253,9,0.6,64,3.8,430,-5.4,0.65,0.0,0.0,Winter,No Holiday,Yes
24/02/2018,259,10,0.8,60,2.9,497,-6.0,0.71,0.0,0.0,Winter,No Holiday,Yes
24/02/2018,298,11,2.2,50,2.4,608,-7.1,1.1,0.0,0.0,Winter,No Holiday,Yes
24/02/2018,363,12,4.0,37,1.4,763,-9.4,1.75,0.0,0.0,Winter,No Holiday,Yes
24/02/2018,412,13,5.3,29,2.1,1007,-11.3,2.08,0.0,0.0,Winter,No Holiday,Yes
24/02/2018,454,14,6.9,19,1.9,1843,-15.1,2.36,0.0,0.0,Winter,No Holiday,Yes
24/02/2018,467,15,6.7,24,2.7,1536,-12.4,1.95,0.0,0.0,Winter,No Holiday,Yes
24/02/2018,509,16,5.9,21,3.0,1864,-14.8,1.34,0.0,0.0,Winter,No Holiday,Yes
24/02/2018,462,17,4.9,28,3.1,1477,-12.1,0.77,0.0,0.0,Winter,No Holiday,Yes
24/02/2018,379,18,3.5,30,2.9,1726,-12.4,0.31,0.0,0.0,Winter,No Holiday,Yes
24/02/2018,306,19,2.1,27,2.8,1883,-15.0,0.01,0.0,0.0,Winter,No Holiday,Yes
24/02/2018,233,20,1.1,32,1.4,1785,-13.8,0.0,0.0,0.0,Winter,No Holiday,Yes
24/02/2018,232,21,0.7,31,1.3,1923,-14.5,0.0,0.0,0.0,Winter,No Holiday,Yes
24/02/2018,219,22,0.1,32,0.9,1937,-14.6,0.0,0.0,0.0,Winter,No Holiday,Yes
24/02/2018,187,23,-0.6,39,1.3,1731,-12.8,0.0,0.0,0.0,Winter,No Holiday,Yes
25/02/2018,182,0,-1.1,44,1.2,1741,-11.8,0.0,0.0,0.0,Winter,No Holiday,Yes
25/02/2018,189,1,-1.4,43,0.6,1791,-12.3,0.0,0.0,0.0,Winter,No Holiday,Yes
25/02/2018,124,2,-1.5,46,1.1,1744,-11.6,0.0,0.0,0.0,Winter,No Holiday,Yes
25/02/2018,103,3,-1.3,42,0.8,1648,-12.5,0.0,0.0,0.0,Winter,No Holiday,Yes
25/02/2018,52,4,-1.1,43,0.7,1558,-12.1,0.0,0.0,0.0,Winter,No Holiday,Yes
25/02/2018,37,5,-0.7,41,0.9,1442,-12.3,0.0,0.0,0.0,Winter,No Holiday,Yes
25/02/2018,54,6,-0.8,44,0.6,1541,-11.5,0.0,0.0,0.0,Winter,No Holiday,Yes
25/02/2018,77,7,-1.0,47,0.9,1552,-10.9,0.0,0.0,0.0,Winter,No Holiday,Yes
25/02/2018,158,8,-1.3,54,0.6,1597,-9.4,0.06,0.0,0.0,Winter,No Holiday,Yes
25/02/2018,173,9,-0.3,48,1.1,1394,-10.0,0.43,0.0,0.0,Winter,No Holiday,Yes
25/02/2018,195,10,2.1,42,1.1,1564,-9.5,1.12,0.0,0.0,Winter,No Holiday,Yes
25/02/2018,244,11,4.3,29,2.6,1293,-12.2,1.87,0.0,0.0,Winter,No Holiday,Yes
25/02/2018,396,12,5.5,25,3.1,1652,-13.0,2.28,0.0,0.0,Winter,No Holiday,Yes
25/02/2018,482,13,6.1,22,2.4,1710,-14.0,2.5,0.0,0.0,Winter,No Holiday,Yes
25/02/2018,572,14,7.0,23,2.4,1645,-12.7,2.52,0.0,0.0,Winter,No Holiday,Yes
25/02/2018,612,15,7.5,21,2.7,1900,-13.4,2.22,0.0,0.0,Winter,No Holiday,Yes
25/02/2018,688,16,7.6,18,3.2,1930,-15.2,1.73,0.0,0.0,Winter,No Holiday,Yes
25/02/2018,589,17,6.9,25,2.9,1795,-11.8,1.07,0.0,0.0,Winter,No Holiday,Yes
25/02/2018,402,18,5.2,30,2.8,1877,-11.0,0.36,0.0,0.0,Winter,No Holiday,Yes
25/02/2018,297,19,3.1,40,2.6,1804,-9.2,0.01,0.0,0.0,Winter,No Holiday,Yes
25/02/2018,232,20,1.3,49,2.8,1683,-8.2,0.0,0.0,0.0,Winter,No Holiday,Yes
25/02/2018,239,21,0.2,55,2.5,1942,-7.7,0.0,0.0,0.0,Winter,No Holiday,Yes
25/02/2018,230,22,0.0,54,2.5,1929,-8.2,0.0,0.0,0.0,Winter,No Holiday,Yes
25/02/2018,173,23,-0.3,58,1.0,1945,-7.5,0.0,0.0,0.0,Winter,No Holiday,Yes
26/02/2018,135,0,-0.9,60,0.7,1844,-7.7,0.0,0.0,0.0,Winter,No Holiday,Yes
26/02/2018,122,1,-1.2,63,0.9,1846,-7.3,0.0,0.0,0.0,Winter,No Holiday,Yes
26/02/2018,80,2,-1.7,66,0.8,1631,-7.2,0.0,0.0,0.0,Winter,No Holiday,Yes
26/02/2018,46,3,-1.9,67,1.0,1575,-7.2,0.0,0.0,0.0,Winter,No Holiday,Yes
26/02/2018,46,4,-2.3,69,1.1,1411,-7.2,0.0,0.0,0.0,Winter,No Holiday,Yes
26/02/2018,65,5,-2.5,73,0.8,1134,-6.6,0.0,0.0,0.0,Winter,No Holiday,Yes
26/02/2018,161,6,-2.7,72,0.5,1253,-7.0,0.0,0.0,0.0,Winter,No Holiday,Yes
26/02/2018,402,7,-3.1,68,0.8,1417,-8.1,0.0,0.0,0.0,Winter,No Holiday,Yes
26/02/2018,786,8,-2.9,63,0.7,1386,-8.9,0.11,0.0,0.0,Winter,No Holiday,Yes
26/02/2018,416,9,-1.1,53,0.9,1308,-9.4,0.72,0.0,0.0,Winter,No Holiday,Yes
26/02/2018,289,10,1.9,46,1.1,1233,-8.5,1.39,0.0,0.0,Winter,No Holiday,Yes
26/02/2018,356,11,4.6,37,1.6,1309,-8.8,1.95,0.0,0.0,Winter,No Holiday,Yes
26/02/2018,428,12,6.9,28,1.1,1301,-10.3,2.35,0.0,0.0,Winter,No Holiday,Yes
26/02/2018,444,13,8.1,26,1.2,1422,-10.2,2.48,0.0,0.0,Winter,No Holiday,Yes
26/02/2018,455,14,9.9,25,1.5,1401,-9.2,2.43,0.0,0.0,Winter,No Holiday,Yes
26/02/2018,521,15,10.3,23,2.1,1317,-9.9,2.09,0.0,0.0,Winter,No Holiday,Yes
26/02/2018,555,16,9.5,31,3.1,973,-6.8,1.54,0.0,0.0,Winter,No Holiday,Yes
26/02/2018,646,17,8.7,30,3.1,1117,-7.9,0.96,0.0,0.0,Winter,No Holiday,Yes
26/02/2018,929,18,7.2,26,2.3,1398,-11.0,0.33,0.0,0.0,Winter,No Holiday,Yes
26/02/2018,619,19,5.5,30,2.7,1150,-10.7,0.01,0.0,0.0,Winter,No Holiday,Yes
26/02/2018,483,20,4.3,32,1.7,1101,-10.9,0.0,0.0,0.0,Winter,No Holiday,Yes
26/02/2018,512,21,3.3,36,1.4,1110,-10.3,0.0,0.0,0.0,Winter,No Holiday,Yes
26/02/2018,443,22,2.7,40,1.0,1089,-9.5,0.0,0.0,0.0,Winter,No Holiday,Yes
26/02/2018,308,23,2.8,39,0.7,1065,-9.8,0.0,0.0,0.0,Winter,No Holiday,Yes
27/02/2018,236,0,2.6,40,1.8,1095,-9.6,0.0,0.0,0.0,Winter,No Holiday,Yes
27/02/2018,213,1,2.1,44,0.9,1107,-8.9,0.0,0.0,0.0,Winter,No Holiday,Yes
27/02/2018,145,2,1.5,44,1.2,1079,-9.4,0.0,0.0,0.0,Winter,No Holiday,Yes
27/02/2018,102,3,1.1,44,1.0,1128,-9.8,0.0,0.0,0.0,Winter,No Holiday,Yes
27/02/2018,62,4,0.9,46,0.8,1140,-9.4,0.0,0.0,0.0,Winter,No Holiday,Yes
27/02/2018,72,5,0.6,50,0.1,1026,-8.6,0.0,0.0,0.0,Winter,No Holiday,Yes
27/02/2018,183,6,0.6,50,0.4,985,-8.6,0.0,0.0,0.0,Winter,No Holiday,Yes
27/02/2018,443,7,1.3,47,0.7,1084,-8.7,0.0,0.0,0.0,Winter,No Holiday,Yes
27/02/2018,767,8,2.0,51,0.7,990,-7.0,0.0,0.0,0.0,Winter,No Holiday,Yes
27/02/2018,455,9,2.5,51,1.0,866,-6.6,0.07,0.0,0.0,Winter,No Holiday,Yes
27/02/2018,261,10,3.3,47,0.7,818,-6.9,0.22,0.0,0.0,Winter,No Holiday,Yes
27/02/2018,342,11,4.8,41,0.8,792,-7.3,0.53,0.0,0.0,Winter,No Holiday,Yes
27/02/2018,353,12,5.4,37,0.7,815,-8.1,0.43,0.0,0.0,Winter,No Holiday,Yes
27/02/2018,335,13,5.8,39,0.6,931,-7.1,0.35,0.0,0.0,Winter,No Holiday,Yes
27/02/2018,357,14,6.3,40,0.8,943,-6.3,0.34,0.0,0.0,Winter,No Holiday,Yes
27/02/2018,402,15,6.7,48,0.8,817,-3.5,0.39,0.0,0.0,Winter,No Holiday,Yes
27/02/2018,411,16,6.9,54,1.1,692,-1.7,0.32,0.0,0.0,Winter,No Holiday,Yes
27/02/2018,529,17,6.8,57,1.0,623,-1.1,0.16,0.0,0.0,Winter,No Holiday,Yes
27/02/2018,897,18,6.6,62,0.8,522,-0.1,0.05,0.0,0.0,Winter,No Holiday,Yes
27/02/2018,616,19,6.1,44,1.0,750,-5.2,0.0,0.0,0.0,Winter,No Holiday,Yes
27/02/2018,461,20,5.9,44,1.3,733,-5.4,0.0,0.0,0.0,Winter,No Holiday,Yes
27/02/2018,449,21,5.7,46,0.8,727,-5.0,0.0,0.0,0.0,Winter,No Holiday,Yes
27/02/2018,461,22,5.4,49,1.1,687,-4.4,0.0,0.0,0.0,Winter,No Holiday,Yes
27/02/2018,310,23,5.3,53,1.5,582,-3.5,0.0,0.0,0.0,Winter,No Holiday,Yes
28/02/2018,266,0,5.1,52,1.1,614,-3.9,0.0,0.0,0.0,Winter,No Holiday,Yes
28/02/2018,229,1,5.0,53,1.4,557,-3.8,0.0,0.0,0.0,Winter,No Holiday,Yes
28/02/2018,174,2,5.2,54,1.3,516,-3.3,0.0,0.0,0.0,Winter,No Holiday,Yes
28/02/2018,116,3,5.3,55,1.7,488,-3.0,0.0,0.0,0.0,Winter,No Holiday,Yes
28/02/2018,72,4,5.4,56,1.7,472,-2.6,0.0,0.0,0.0,Winter,No Holiday,Yes
28/02/2018,62,5,5.2,59,1.7,437,-2.1,0.0,0.0,0.0,Winter,No Holiday,Yes
28/02/2018,165,6,5.2,60,1.9,430,-1.9,0.0,0.0,0.0,Winter,No Holiday,Yes
28/02/2018,426,7,5.5,59,2.8,448,-1.8,0.0,0.0,0.0,Winter,No Holiday,Yes
28/02/2018,816,8,5.7,57,2.5,458,-2.1,0.04,0.0,0.0,Winter,No Holiday,Yes
28/02/2018,419,9,6.2,55,2.4,478,-2.1,0.13,0.0,0.0,Winter,No Holiday,Yes
28/02/2018,285,10,6.5,53,2.0,518,-2.4,0.21,0.0,0.0,Winter,No Holiday,Yes
28/02/2018,332,11,7.1,50,2.2,534,-2.6,0.33,0.0,0.0,Winter,No Holiday,Yes
28/02/2018,305,12,7.6,48,2.6,600,-2.7,0.39,0.0,0.0,Winter,No Holiday,Yes
28/02/2018,28,13,7.6,57,2.3,554,-0.3,0.33,0.0,0.0,Winter,No Holiday,Yes
28/02/2018,17,14,5.7,80,3.7,348,2.5,0.13,0.0,0.0,Winter,No Holiday,Yes
28/02/2018,7,15,4.8,87,2.9,312,2.8,0.08,4.5,0.0,Winter,No Holiday,Yes
28/02/2018,9,16,4.2,89,2.5,479,2.5,0.07,0.0,0.0,Winter,No Holiday,Yes
28/02/2018,8,17,3.8,90,2.7,654,2.3,0.0,0.0,0.0,Winter,No Holiday,Yes
28/02/2018,11,18,3.6,90,2.1,845,2.1,0.0,9.5,0.0,Winter,No Holiday,Yes
28/02/2018,19,19,2.5,95,1.9,838,1.7,0.0,0.0,0.0,Winter,No Holiday,Yes
28/02/2018,8,20,2.7,96,1.5,1479,2.1,0.0,0.0,0.0,Winter,No Holiday,Yes
28/02/2018,10,21,2.4,95,2.5,1349,1.6,0.0,9.0,0.0,Winter,No Holiday,Yes
28/02/2018,13,22,2.3,96,1.9,1207,1.7,0.0,0.0,0.0,Winter,No Holiday,Yes
28/02/2018,23,23,1.8,96,1.2,745,1.2,0.0,0.0,0.0,Winter,No Holiday,Yes
01/03/2018,71,0,2.0,96,1.3,1894,1.4,0.0,2.0,0.0,Spring,Holiday,Yes
01/03/2018,147,1,2.1,97,0.2,859,1.6,0.0,0.0,0.0,Spring,Holiday,Yes
01/03/2018,180,2,2.0,97,1.0,580,1.5,0.0,0.0,0.0,Spring,Holiday,Yes
01/03/2018,92,3,1.6,97,2.3,469,1.1,0.0,0.1,0.0,Spring,Holiday,Yes
01/03/2018,28,4,1.6,97,1.1,636,1.1,0.0,0.0,0.0,Spring,Holiday,Yes
01/03/2018,11,5,2.2,97,2.9,362,1.7,0.0,0.0,0.0,Spring,Holiday,Yes
01/03/2018,33,6,3.0,96,2.7,303,2.4,0.0,0.4,0.0,Spring,Holiday,Yes
01/03/2018,61,7,2.6,89,4.3,320,0.9,0.0,0.0,0.0,Spring,Holiday,Yes
01/03/2018,148,8,1.5,80,3.2,1246,-1.5,0.04,0.0,0.0,Spring,Holiday,Yes
01/03/2018,160,9,0.1,78,4.9,615,-3.2,0.09,0.0,0.0,Spring,Holiday,Yes
01/03/2018,191,10,0.1,53,5.3,1022,-8.3,1.12,0.0,0.0,Spring,Holiday,Yes
01/03/2018,239,11,0.8,52,4.6,1035,-7.9,2.2,0.0,0.0,Spring,Holiday,Yes
01/03/2018,311,12,0.5,46,4.7,1172,-9.8,2.49,0.0,0.0,Spring,Holiday,Yes
01/03/2018,358,13,1.4,37,4.0,1681,-11.7,2.95,0.0,0.0,Spring,Holiday,Yes
01/03/2018,375,14,1.2,36,6.0,1430,-12.2,2.86,0.0,0.0,Spring,Holiday,Yes
01/03/2018,458,15,1.6,35,4.5,1567,-12.2,2.54,0.0,0.0,Spring,Holiday,Yes
01/03/2018,460,16,1.4,33,4.8,1480,-13.1,1.98,0.0,0.0,Spring,Holiday,Yes
01/03/2018,423,17,0.4,37,5.2,1366,-12.6,1.23,0.0,0.0,Spring,Holiday,Yes
01/03/2018,317,18,-0.8,40,4.7,1429,-12.7,0.43,0.0,0.0,Spring,Holiday,Yes
01/03/2018,231,19,-1.7,45,3.3,1375,-12.1,0.01,0.0,0.0,Spring,Holiday,Yes
01/03/2018,246,20,-2.2,49,3.5,1325,-11.4,0.0,0.0,0.0,Spring,Holiday,Yes
01/03/2018,212,21,-3.0,50,3.7,1301,-11.9,0.0,0.0,0.0,Spring,Holiday,Yes
01/03/2018,190,22,-3.6,52,3.7,1277,-12.0,0.0,0.0,0.0,Spring,Holiday,Yes
01/03/2018,190,23,-4.0,52,3.4,1272,-12.4,0.0,0.0,0.0,Spring,Holiday,Yes
02/03/2018,156,0,-4.3,53,2.6,1334,-12.4,0.0,0.0,0.0,Spring,No Holiday,Yes
02/03/2018,108,1,-4.6,52,2.1,1372,-12.9,0.0,0.0,0.0,Spring,No Holiday,Yes
02/03/2018,71,2,-5.3,52,1.2,1434,-13.6,0.0,0.0,0.0,Spring,No Holiday,Yes
02/03/2018,49,3,-5.7,50,1.7,1559,-14.4,0.0,0.0,0.0,Spring,No Holiday,Yes
02/03/2018,47,4,-5.8,48,1.5,1552,-15.0,0.0,0.0,0.0,Spring,No Holiday,Yes
02/03/2018,65,5,-6.1,49,1.0,1621,-15.1,0.0,0.0,0.0,Spring,No Holiday,Yes
02/03/2018,135,6,-6.4,50,1.5,1593,-15.1,0.0,0.0,0.0,Spring,No Holiday,Yes
02/03/2018,401,7,-6.6,52,0.5,1555,-14.8,0.0,0.0,0.0,Spring,No Holiday,Yes
02/03/2018,617,8,-6.2,45,0.4,1600,-16.2,0.17,0.0,0.0,Spring,No Holiday,Yes
02/03/2018,343,9,-4.6,34,1.2,1583,-18.1,0.87,0.0,0.0,Spring,No Holiday,Yes
02/03/2018,274,10,-1.8,30,2.1,1608,-17.1,1.59,0.0,0.0,Spring,No Holiday,Yes
02/03/2018,343,11,0.1,30,1.8,1640,-15.4,2.19,0.0,0.0,Spring,No Holiday,Yes
02/03/2018,388,12,1.8,26,2.2,1556,-15.7,2.61,0.0,0.0,Spring,No Holiday,Yes
02/03/2018,375,13,2.3,22,3.1,1627,-17.2,2.83,0.0,0.0,Spring,No Holiday,Yes
02/03/2018,450,14,3.4,23,2.4,1545,-15.8,2.74,0.0,0.0,Spring,No Holiday,Yes
02/03/2018,463,15,4.3,22,1.3,1837,-15.6,2.48,0.0,0.0,Spring,No Holiday,Yes
02/03/2018,574,16,5.2,21,2.1,1721,-15.4,1.97,0.0,0.0,Spring,No Holiday,Yes
02/03/2018,631,17,4.3,21,2.5,1961,-16.1,1.13,0.0,0.0,Spring,No Holiday,Yes
02/03/2018,854,18,3.5,22,0.9,1961,-16.2,0.43,0.0,0.0,Spring,No Holiday,Yes
02/03/2018,568,19,2.0,26,2.3,1985,-15.5,0.02,0.0,0.0,Spring,No Holiday,Yes
02/03/2018,427,20,1.2,35,2.5,1977,-12.6,0.0,0.0,0.0,Spring,No Holiday,Yes
02/03/2018,396,21,1.0,34,1.4,1880,-13.1,0.0,0.0,0.0,Spring,No Holiday,Yes
02/03/2018,414,22,0.5,38,0.9,1907,-12.2,0.0,0.0,0.0,Spring,No Holiday,Yes
02/03/2018,284,23,0.3,38,0.2,1895,-12.3,0.0,0.0,0.0,Spring,No Holiday,Yes
03/03/2018,218,0,0.5,34,0.4,1889,-13.5,0.0,0.0,0.0,Spring,No Holiday,Yes
03/03/2018,229,1,0.6,36,0.4,1933,-12.7,0.0,0.0,0.0,Spring,No Holiday,Yes
03/03/2018,176,2,0.9,35,0.5,1856,-12.8,0.0,0.0,0.0,Spring,No Holiday,Yes
03/03/2018,149,3,0.8,38,0.8,1594,-11.9,0.0,0.0,0.0,Spring,No Holiday,Yes
03/03/2018,93,4,0.6,43,0.9,1599,-10.5,0.0,0.0,0.0,Spring,No Holiday,Yes
03/03/2018,55,5,0.8,39,1.0,1463,-11.6,0.0,0.0,0.0,Spring,No Holiday,Yes
03/03/2018,71,6,0.5,42,0.9,1543,-10.9,0.0,0.0,0.0,Spring,No Holiday,Yes
03/03/2018,159,7,0.1,43,1.4,1502,-11.0,0.0,0.0,0.0,Spring,No Holiday,Yes
03/03/2018,306,8,0.4,38,1.8,1564,-12.3,0.16,0.0,0.0,Spring,No Holiday,Yes
03/03/2018,329,9,2.2,30,1.5,1513,-13.6,0.81,0.0,0.0,Spring,No Holiday,Yes
03/03/2018,354,10,5.1,27,1.2,1563,-12.4,1.54,0.0,0.0,Spring,No Holiday,Yes
03/03/2018,431,11,8.1,21,2.1,1738,-12.9,2.15,0.0,0.0,Spring,No Holiday,Yes
03/03/2018,605,12,10.7,16,1.7,1657,-14.1,2.56,0.0,0.0,Spring,No Holiday,Yes
03/03/2018,771,13,12.2,14,1.6,1896,-14.5,2.75,0.0,0.0,Spring,No Holiday,Yes
03/03/2018,1025,14,14.4,14,1.4,1833,-12.8,2.66,0.0,0.0,Spring,No Holiday,Yes
03/03/2018,1238,15,16.0,14,2.2,1828,-11.5,2.33,0.0,0.0,Spring,No Holiday,Yes
03/03/2018,1285,16,15.8,15,2.6,1867,-10.8,1.7,0.0,0.0,Spring,No Holiday,Yes
03/03/2018,1197,17,15.0,22,2.5,1946,-6.5,0.96,0.0,0.0,Spring,No Holiday,Yes
03/03/2018,920,18,13.9,26,1.9,1995,-5.3,0.41,0.0,0.0,Spring,No Holiday,Yes
03/03/2018,630,19,12.7,32,2.3,2000,-3.6,0.01,0.0,0.0,Spring,No Holiday,Yes
03/03/2018,631,20,11.1,51,3.7,1957,1.3,0.0,0.0,0.0,Spring,No Holiday,Yes
03/03/2018,588,21,10.3,52,2.2,1843,0.8,0.0,0.0,0.0,Spring,No Holiday,Yes
03/03/2018,516,22,10.2,49,1.7,1972,0.0,0.0,0.0,0.0,Spring,No Holiday,Yes
03/03/2018,215,23,9.4,74,1.6,559,4.9,0.0,0.0,0.0,Spring,No Holiday,Yes
04/03/2018,161,0,8.5,87,0.9,303,6.4,0.0,0.0,0.0,Spring,No Holiday,Yes
04/03/2018,118,1,8.3,91,0.1,282,6.9,0.0,0.0,0.0,Spring,No Holiday,Yes
04/03/2018,95,2,8.3,95,0.3,243,7.5,0.0,0.0,0.0,Spring,No Holiday,Yes
04/03/2018,90,3,8.5,96,0.4,238,7.8,0.0,0.1,0.0,Spring,No Holiday,Yes
04/03/2018,34,4,8.8,95,0.2,218,8.0,0.0,0.0,0.0,Spring,No Holiday,Yes
04/03/2018,15,5,8.8,96,1.2,196,8.1,0.0,0.0,0.0,Spring,No Holiday,Yes
04/03/2018,20,6,8.6,96,0.7,224,7.9,0.0,0.2,0.0,Spring,No Holiday,Yes
04/03/2018,23,7,8.4,97,2.6,122,7.9,0.0,0.0,0.0,Spring,No Holiday,Yes
04/03/2018,70,8,8.3,97,0.6,152,7.8,0.01,0.0,0.0,Spring,No Holiday,Yes
04/03/2018,157,9,8.8,97,1.3,196,8.3,0.2,0.2,0.0,Spring,No Holiday,Yes
04/03/2018,239,10,9.8,90,0.8,335,8.2,0.64,0.0,0.0,Spring,No Holiday,Yes
04/03/2018,273,11,10.1,88,0.7,453,8.1,0.34,0.0,0.0,Spring,No Holiday,Yes
04/03/2018,358,12,10.7,85,0.9,393,8.2,0.52,0.0,0.0,Spring,No Holiday,Yes
04/03/2018,429,13,10.8,84,1.2,400,8.1,0.44,0.0,0.0,Spring,No Holiday,Yes
04/03/2018,475,14,11.2,83,1.1,518,8.4,0.45,0.0,0.0,Spring,No Holiday,Yes
04/03/2018,468,15,11.7,81,1.2,616,8.5,0.53,0.0,0.0,Spring,No Holiday,Yes
04/03/2018,396,16,11.7,82,1.1,753,8.7,0.32,0.0,0.0,Spring,No Holiday,Yes
04/03/2018,492,17,11.8,82,1.7,990,8.8,0.4,0.0,0.0,Spring,No Holiday,Yes
04/03/2018,436,18,11.5,81,1.5,1475,8.3,0.07,0.0,0.0,Spring,No Holiday,Yes
04/03/2018,289,19,11.2,81,2.3,1614,8.0,0.0,0.0,0.0,Spring,No Holiday,Yes
04/03/2018,26,20,11.3,80,1.2,1978,7.9,0.0,0.0,0.0,Spring,No Holiday,Yes
04/03/2018,7,21,10.6,89,2.1,606,8.8,0.0,2.0,0.0,Spring,No Holiday,Yes
04/03/2018,8,22,9.6,92,2.5,721,8.3,0.0,0.0,0.0,Spring,No Holiday,Yes
04/03/2018,9,23,8.7,91,2.9,957,7.3,0.0,0.0,0.0,Spring,No Holiday,Yes
05/03/2018,22,0,7.6,88,2.5,1974,5.7,0.0,9.0,0.0,Spring,No Holiday,Yes
05/03/2018,23,1,7.0,88,2.5,2000,5.1,0.0,0.0,0.0,Spring,No Holiday,Yes
05/03/2018,9,2,6.3,89,2.2,1456,4.6,0.0,0.0,0.0,Spring,No Holiday,Yes
05/03/2018,2,3,5.7,92,2.0,458,4.4,0.0,1.5,0.0,Spring,No Holiday,Yes
05/03/2018,4,4,5.1,90,2.6,1005,3.5,0.0,0.0,0.0,Spring,No Holiday,Yes
05/03/2018,22,5,4.7,89,2.3,1242,3.0,0.0,0.0,0.0,Spring,No Holiday,Yes
05/03/2018,20,6,4.2,87,2.0,1979,2.2,0.0,2.0,0.0,Spring,No Holiday,Yes
05/03/2018,85,7,3.8,87,2.2,2000,1.8,0.0,0.0,0.0,Spring,No Holiday,Yes
05/03/2018,184,8,3.6,88,2.3,2000,1.7,0.03,0.0,0.0,Spring,No Holiday,Yes
05/03/2018,211,9,3.7,85,1.8,2000,1.4,0.17,0.0,0.0,Spring,No Holiday,Yes
05/03/2018,232,10,4.4,80,1.8,2000,1.2,0.56,0.0,0.0,Spring,No Holiday,Yes
05/03/2018,322,11,6.1,66,1.9,2000,0.2,1.42,0.0,0.0,Spring,No Holiday,Yes
05/03/2018,438,12,7.6,58,2.4,2000,-0.1,1.85,0.0,0.0,Spring,No Holiday,Yes
05/03/2018,465,13,8.3,51,2.0,2000,-1.2,1.42,0.0,0.0,Spring,No Holiday,Yes
05/03/2018,550,14,10.0,44,1.9,2000,-1.7,2.46,0.0,0.0,Spring,No Holiday,Yes
05/03/2018,637,15,10.3,43,2.5,2000,-1.7,2.45,0.0,0.0,Spring,No Holiday,Yes
05/03/2018,718,16,11.0,39,1.2,2000,-2.4,1.96,0.0,0.0,Spring,No Holiday,Yes
05/03/2018,865,17,10.0,43,1.4,2000,-2.0,1.12,0.0,0.0,Spring,No Holiday,Yes
05/03/2018,1155,18,8.1,47,1.7,2000,-2.5,0.34,0.0,0.0,Spring,No Holiday,Yes
05/03/2018,782,19,5.8,53,1.7,2000,-3.0,0.02,0.0,0.0,Spring,No Holiday,Yes
05/03/2018,578,20,4.3,57,1.3,2000,-3.4,0.0,0.0,0.0,Spring,No Holiday,Yes
05/03/2018,533,21,3.1,59,1.5,2000,-4.1,0.0,0.0,0.0,Spring,No Holiday,Yes
05/03/2018,466,22,2.3,63,1.0,2000,-4.0,0.0,0.0,0.0,Spring,No Holiday,Yes
05/03/2018,274,23,1.9,60,1.3,2000,-5.0,0.0,0.0,0.0,Spring,No Holiday,Yes
06/03/2018,224,0,1.3,69,0.8,2000,-3.7,0.0,0.0,0.0,Spring,No Holiday,Yes
06/03/2018,188,1,0.8,67,0.8,2000,-4.6,0.0,0.0,0.0,Spring,No Holiday,Yes
06/03/2018,122,2,0.3,71,0.9,1999,-4.3,0.0,0.0,0.0,Spring,No Holiday,Yes
06/03/2018,82,3,0.1,71,0.4,2000,-4.5,0.0,0.0,0.0,Spring,No Holiday,Yes
06/03/2018,79,4,-0.5,75,0.6,1967,-4.3,0.0,0.0,0.0,Spring,No Holiday,Yes
06/03/2018,80,5,-0.9,78,0.6,1687,-4.2,0.0,0.0,0.0,Spring,No Holiday,Yes
06/03/2018,214,6,-1.0,77,0.4,1578,-4.5,0.0,0.0,0.0,Spring,No Holiday,Yes
06/03/2018,583,7,-1.0,78,0.6,1484,-4.3,0.0,0.0,0.0,Spring,No Holiday,Yes
06/03/2018,997,8,-0.7,76,1.0,1461,-4.4,0.2,0.0,0.0,Spring,No Holiday,Yes
06/03/2018,556,9,1.2,62,0.8,1338,-5.2,0.85,0.0,0.0,Spring,No Holiday,Yes
06/03/2018,380,10,3.7,51,1.3,1596,-5.5,1.56,0.0,0.0,Spring,No Holiday,Yes
06/03/2018,475,11,6.3,41,1.3,1519,-6.0,2.12,0.0,0.0,Spring,No Holiday,Yes
06/03/2018,504,12,8.5,34,1.9,1876,-6.4,2.55,0.0,0.0,Spring,No Holiday,Yes
06/03/2018,528,13,9.3,27,2.2,1816,-8.7,2.65,0.0,0.0,Spring,No Holiday,Yes
06/03/2018,567,14,9.2,27,2.9,1880,-8.8,2.32,0.0,0.0,Spring,No Holiday,Yes
06/03/2018,616,15,10.1,24,1.8,1839,-9.6,2.12,0.0,0.0,Spring,No Holiday,Yes
06/03/2018,680,16,10.6,26,1.9,1955,-8.1,1.75,0.0,0.0,Spring,No Holiday,Yes
06/03/2018,883,17,10.2,27,2.8,1826,-8.0,1.22,0.0,0.0,Spring,No Holiday,Yes
06/03/2018,1246,18,8.7,28,3.2,2000,-8.8,0.49,0.0,0.0,Spring,No Holiday,Yes
06/03/2018,833,19,7.1,30,2.7,2000,-9.3,0.02,0.0,0.0,Spring,No Holiday,Yes
06/03/2018,666,20,6.1,31,2.8,2000,-9.8,0.0,0.0,0.0,Spring,No Holiday,Yes
06/03/2018,625,21,5.5,33,3.2,1995,-9.5,0.0,0.0,0.0,Spring,No Holiday,Yes
06/03/2018,514,22,4.5,40,1.3,1871,-7.9,0.0,0.0,0.0,Spring,No Holiday,Yes
06/03/2018,361,23,3.5,44,0.9,1905,-7.6,0.0,0.0,0.0,Spring,No Holiday,Yes
07/03/2018,289,0,2.8,45,1.7,1493,-7.9,0.0,0.0,0.0,Spring,No Holiday,Yes
07/03/2018,194,1,2.8,46,2.0,1709,-7.6,0.0,0.0,0.0,Spring,No Holiday,Yes
07/03/2018,134,2,2.6,50,1.3,1962,-6.8,0.0,0.0,0.0,Spring,No Holiday,Yes
07/03/2018,92,3,2.7,55,1.5,1989,-5.4,0.0,0.0,0.0,Spring,No Holiday,Yes
07/03/2018,49,4,2.6,61,1.7,1998,-4.1,0.0,0.0,0.0,Spring,No Holiday,Yes
07/03/2018,97,5,2.5,63,1.3,1987,-3.8,0.0,0.0,0.0,Spring,No Holiday,Yes
07/03/2018,232,6,2.4,65,1.8,1989,-3.5,0.0,0.0,0.0,Spring,No Holiday,Yes
07/03/2018,598,7,2.2,65,1.9,2000,-3.7,0.0,0.0,0.0,Spring,No Holiday,Yes
07/03/2018,1032,8,2.6,63,1.6,1857,-3.7,0.14,0.0,0.0,Spring,No Holiday,Yes
07/03/2018,566,9,3.8,58,2.0,1785,-3.7,0.49,0.0,0.0,Spring,No Holiday,Yes
07/03/2018,410,10,5.2,52,1.5,1808,-3.8,0.74,0.0,0.0,Spring,No Holiday,Yes
07/03/2018,441,11,8.0,43,1.7,1909,-3.8,1.74,0.0,0.0,Spring,No Holiday,Yes
07/03/2018,550,12,9.6,39,1.8,1982,-3.7,2.09,0.0,0.0,Spring,No Holiday,Yes
07/03/2018,509,13,9.9,39,1.9,1911,-3.4,1.61,0.0,0.0,Spring,No Holiday,Yes
07/03/2018,505,14,9.8,38,0.9,1908,-3.8,0.93,0.0,0.0,Spring,No Holiday,Yes
07/03/2018,620,15,10.2,34,2.3,1919,-4.9,1.19,0.0,0.0,Spring,No Holiday,Yes
07/03/2018,646,16,10.4,36,3.2,1963,-4.0,1.02,0.0,0.0,Spring,No Holiday,Yes
07/03/2018,849,17,10.4,37,1.0,2000,-3.6,0.67,0.0,0.0,Spring,No Holiday,Yes
07/03/2018,1365,18,9.6,42,2.0,2000,-2.7,0.14,0.0,0.0,Spring,No Holiday,Yes
07/03/2018,799,19,8.9,44,2.3,2000,-2.7,0.0,0.0,0.0,Spring,No Holiday,Yes
07/03/2018,587,20,8.5,46,1.0,1977,-2.4,0.0,0.0,0.0,Spring,No Holiday,Yes
07/03/2018,411,21,7.9,56,1.4,1975,-0.3,0.0,0.0,0.0,Spring,No Holiday,Yes
07/03/2018,147,22,7.2,60,1.4,1928,0.0,0.0,0.0,0.0,Spring,No Holiday,Yes
07/03/2018,48,23,6.0,79,2.0,918,2.6,0.0,0.0,0.0,Spring,No Holiday,Yes
08/03/2018,49,0,5.2,83,1.5,733,2.5,0.0,0.5,0.0,Spring,No Holiday,Yes
08/03/2018,23,1,4.7,86,0.7,717,2.5,0.0,0.0,0.0,Spring,No Holiday,Yes
08/03/2018,19,2,4.2,88,0.9,553,2.3,0.0,0.0,0.0,Spring,No Holiday,Yes
08/03/2018,12,3,3.8,90,0.8,448,2.3,0.0,2.0,0.0,Spring,No Holiday,Yes
08/03/2018,8,4,3.3,90,1.3,682,1.8,0.0,0.0,0.0,Spring,No Holiday,Yes
08/03/2018,17,5,3.1,90,1.2,974,1.6,0.0,0.0,0.0,Spring,No Holiday,Yes
08/03/2018,32,6,3.1,89,0.2,903,1.4,0.0,1.5,0.0,Spring,No Holiday,Yes
08/03/2018,64,7,3.0,90,0.7,578,1.5,0.0,0.0,0.0,Spring,No Holiday,Yes
08/03/2018,88,8,3.0,94,0.3,444,2.1,0.01,0.0,0.0,Spring,No Holiday,Yes
08/03/2018,100,9,3.4,90,1.5,386,1.9,0.21,0.5,0.0,Spring,No Holiday,Yes
08/03/2018,165,10,3.6,88,2.6,681,1.7,0.44,0.0,0.0,Spring,No Holiday,Yes
08/03/2018,290,11,4.5,82,2.0,1226,1.6,0.73,0.0,0.0,Spring,No Holiday,Yes
08/03/2018,375,12,5.6,72,3.0,1700,0.9,0.89,0.0,0.0,Spring,No Holiday,Yes
08/03/2018,405,13,6.7,65,3.2,1651,0.5,1.76,0.0,0.0,Spring,No Holiday,Yes
08/03/2018,452,14,7.7,62,2.4,1758,0.8,1.64,0.0,0.0,Spring,No Holiday,Yes
08/03/2018,555,15,9.2,53,3.3,1896,0.1,2.23,0.0,0.0,Spring,No Holiday,Yes
08/03/2018,594,16,9.5,56,3.1,994,1.1,1.1,0.0,0.0,Spring,No Holiday,Yes
08/03/2018,757,17,7.5,64,4.3,538,1.1,0.88,0.0,0.0,Spring,No Holiday,Yes
08/03/2018,1091,18,5.9,68,3.4,543,0.4,0.38,0.0,0.0,Spring,No Holiday,Yes
08/03/2018,683,19,4.5,72,2.7,529,-0.1,0.03,0.0,0.0,Spring,No Holiday,Yes
08/03/2018,586,20,3.3,74,2.6,494,-0.8,0.0,0.0,0.0,Spring,No Holiday,Yes
08/03/2018,533,21,3.1,74,3.2,465,-1.0,0.0,0.0,0.0,Spring,No Holiday,Yes
08/03/2018,498,22,2.8,74,2.1,469,-1.3,0.0,0.0,0.0,Spring,No Holiday,Yes
08/03/2018,315,23,2.8,73,1.8,468,-1.5,0.0,0.0,0.0,Spring,No Holiday,Yes
09/03/2018,272,0,3.0,72,2.3,473,-1.5,0.0,0.0,0.0,Spring,No Holiday,Yes
09/03/2018,228,1,2.8,73,2.6,413,-1.5,0.0,0.0,0.0,Spring,No Holiday,Yes
09/03/2018,155,2,2.8,74,1.2,415,-1.3,0.0,0.0,0.0,Spring,No Holiday,Yes
09/03/2018,105,3,2.7,75,0.7,417,-1.2,0.0,0.0,0.0,Spring,No Holiday,Yes
09/03/2018,66,4,2.5,76,1.0,403,-1.3,0.0,0.0,0.0,Spring,No Holiday,Yes
09/03/2018,88,5,2.5,76,0.7,544,-1.3,0.0,0.0,0.0,Spring,No Holiday,Yes
09/03/2018,195,6,2.5,71,1.1,1055,-2.2,0.0,0.0,0.0,Spring,No Holiday,Yes
09/03/2018,574,7,1.6,76,0.7,1024,-2.1,0.0,0.0,0.0,Spring,No Holiday,Yes
09/03/2018,1041,8,1.8,67,0.7,1917,-3.6,0.19,0.0,0.0,Spring,No Holiday,Yes
09/03/2018,570,9,3.5,60,1.3,1969,-3.5,0.71,0.0,0.0,Spring,No Holiday,Yes
09/03/2018,361,10,4.8,54,1.3,1921,-3.7,0.78,0.0,0.0,Spring,No Holiday,Yes
09/03/2018,444,11,5.9,51,0.7,1866,-3.4,0.91,0.0,0.0,Spring,No Holiday,Yes
09/03/2018,510,12,6.8,51,1.0,1617,-2.6,1.13,0.0,0.0,Spring,No Holiday,Yes
09/03/2018,509,13,7.5,44,2.0,1526,-3.9,1.24,0.0,0.0,Spring,No Holiday,Yes
09/03/2018,542,14,8.0,42,1.5,1690,-4.1,1.24,0.0,0.0,Spring,No Holiday,Yes
09/03/2018,611,15,7.7,51,2.9,670,-1.8,0.94,0.0,0.0,Spring,No Holiday,Yes
09/03/2018,686,16,9.6,38,1.7,1052,-4.0,1.71,0.0,0.0,Spring,No Holiday,Yes
09/03/2018,834,17,8.9,46,1.8,789,-2.1,1.0,0.0,0.0,Spring,No Holiday,Yes
09/03/2018,1231,18,7.0,55,2.0,705,-1.4,0.35,0.0,0.0,Spring,No Holiday,Yes
09/03/2018,718,19,5.4,60,3.9,990,-1.7,0.02,0.0,0.0,Spring,No Holiday,Yes
09/03/2018,535,20,4.3,67,1.1,1125,-1.2,0.0,0.0,0.0,Spring,No Holiday,Yes
09/03/2018,537,21,3.5,69,1.4,1177,-1.6,0.0,0.0,0.0,Spring,No Holiday,Yes
09/03/2018,521,22,2.9,69,1.2,1179,-2.2,0.0,0.0,0.0,Spring,No Holiday,Yes
09/03/2018,309,23,2.5,72,1.5,1071,-2.0,0.0,0.0,0.0,Spring,No Holiday,Yes
10/03/2018,328,0,2.1,74,1.4,970,-2.0,0.0,0.0,0.0,Spring,No Holiday,Yes
10/03/2018,305,1,2.0,75,1.0,658,-1.9,0.0,0.0,0.0,Spring,No Holiday,Yes
10/03/2018,241,2,1.6,79,0.9,685,-1.6,0.0,0.0,0.0,Spring,No Holiday,Yes
10/03/2018,139,3,1.3,80,0.6,705,-1.7,0.0,0.0,0.0,Spring,No Holiday,Yes
10/03/2018,91,4,0.9,81,0.6,620,-1.9,0.0,0.0,0.0,Spring,No Holiday,Yes
10/03/2018,79,5,0.8,80,0.3,565,-2.2,0.0,0.0,0.0,Spring,No Holiday,Yes
10/03/2018,74,6,1.1,78,1.1,538,-2.3,0.0,0.0,0.0,Spring,No Holiday,Yes
10/03/2018,208,7,0.9,78,1.1,535,-2.5,0.0,0.0,0.0,Spring,No Holiday,Yes
10/03/2018,340,8,1.5,73,1.2,466,-2.8,0.11,0.0,0.0,Spring,No Holiday,Yes
10/03/2018,381,9,2.7,71,1.3,418,-2.0,0.3,0.0,0.0,Spring,No Holiday,Yes
10/03/2018,416,10,3.5,65,2.4,539,-2.4,0.87,0.0,0.0,Spring,No Holiday,Yes
10/03/2018,497,11,5.7,58,2.3,700,-1.9,2.08,0.0,0.0,Spring,No Holiday,Yes
10/03/2018,650,12,7.1,50,2.2,909,-2.6,2.47,0.0,0.0,Spring,No Holiday,Yes
10/03/2018,757,13,8.2,42,3.1,1261,-3.9,2.66,0.0,0.0,Spring,No Holiday,Yes
10/03/2018,906,14,9.2,38,2.6,1377,-4.4,2.53,0.0,0.0,Spring,No Holiday,Yes
10/03/2018,931,15,8.1,36,4.7,1964,-6.1,2.23,0.0,0.0,Spring,No Holiday,Yes
10/03/2018,972,16,8.3,37,3.8,1867,-5.5,1.73,0.0,0.0,Spring,No Holiday,Yes
10/03/2018,829,17,7.7,46,2.8,1635,-3.2,1.05,0.0,0.0,Spring,No Holiday,Yes
10/03/2018,664,18,6.2,61,3.2,1411,-0.7,0.4,0.0,0.0,Spring,No Holiday,Yes
10/03/2018,573,19,5.3,67,2.6,1314,-0.3,0.02,0.0,0.0,Spring,No Holiday,Yes
10/03/2018,447,20,5.2,69,1.8,1196,0.0,0.0,0.0,0.0,Spring,No Holiday,Yes
10/03/2018,470,21,5.0,73,2.2,1173,0.5,0.0,0.0,0.0,Spring,No Holiday,Yes
10/03/2018,421,22,5.0,75,2.2,1084,0.9,0.0,0.0,0.0,Spring,No Holiday,Yes
10/03/2018,345,23,5.1,75,1.4,950,1.0,0.0,0.0,0.0,Spring,No Holiday,Yes
11/03/2018,376,0,5.1,77,1.9,718,1.3,0.0,0.0,0.0,Spring,No Holiday,Yes
11/03/2018,222,1,4.8,80,1.3,583,1.6,0.0,0.0,0.0,Spring,No Holiday,Yes
11/03/2018,171,2,4.7,78,1.5,466,1.1,0.0,0.0,0.0,Spring,No Holiday,Yes
11/03/2018,115,3,4.4,80,1.6,393,1.2,0.0,0.0,0.0,Spring,No Holiday,Yes
11/03/2018,80,4,4.2,81,1.3,333,1.2,0.0,0.0,0.0,Spring,No Holiday,Yes
11/03/2018,45,5,3.9,85,1.6,264,1.6,0.0,0.0,0.0,Spring,No Holiday,Yes
11/03/2018,63,6,3.4,85,1.5,234,1.1,0.0,0.0,0.0,Spring,No Holiday,Yes
11/03/2018,119,7,2.9,84,1.9,241,0.4,0.0,0.0,0.0,Spring,No Holiday,Yes
11/03/2018,212,8,2.8,82,1.2,240,0.0,0.19,0.0,0.0,Spring,No Holiday,Yes
11/03/2018,289,9,3.9,77,2.0,263,0.2,0.65,0.0,0.0,Spring,No Holiday,Yes
11/03/2018,394,10,5.9,69,2.6,330,0.6,1.43,0.0,0.0,Spring,No Holiday,Yes
11/03/2018,425,11,7.6,54,1.6,430,-1.1,2.06,0.0,0.0,Spring,No Holiday,Yes
11/03/2018,666,12,9.2,40,2.6,592,-3.7,2.47,0.0,0.0,Spring,No Holiday,Yes
11/03/2018,843,13,10.3,31,2.1,885,-6.1,2.67,0.0,0.0,Spring,No Holiday,Yes
11/03/2018,1154,14,11.6,20,2.7,1647,-10.6,2.69,0.0,0.0,Spring,No Holiday,Yes
11/03/2018,1294,15,11.9,26,2.8,1338,-7.0,2.34,0.0,0.0,Spring,No Holiday,Yes
11/03/2018,1205,16,11.9,25,2.7,1424,-7.5,1.83,0.0,0.0,Spring,No Holiday,Yes
11/03/2018,1028,17,11.1,25,2.0,1765,-8.2,1.19,0.0,0.0,Spring,No Holiday,Yes
11/03/2018,776,18,9.4,22,2.9,1995,-11.2,0.55,0.0,0.0,Spring,No Holiday,Yes
11/03/2018,596,19,7.8,28,1.9,1982,-9.6,0.04,0.0,0.0,Spring,No Holiday,Yes
11/03/2018,530,20,6.7,32,1.9,1722,-8.8,0.0,0.0,0.0,Spring,No Holiday,Yes
11/03/2018,533,21,5.7,34,1.0,1520,-8.9,0.0,0.0,0.0,Spring,No Holiday,Yes
11/03/2018,419,22,5.3,31,2.3,1842,-10.5,0.0,0.0,0.0,Spring,No Holiday,Yes
11/03/2018,288,23,4.2,34,1.7,1476,-10.3,0.0,0.0,0.0,Spring,No Holiday,Yes
12/03/2018,222,0,3.5,46,1.1,1040,-7.0,0.0,0.0,0.0,Spring,No Holiday,Yes
12/03/2018,163,1,2.9,51,0.8,1119,-6.2,0.0,0.0,0.0,Spring,No Holiday,Yes
12/03/2018,95,2,2.7,46,0.4,1363,-7.7,0.0,0.0,0.0,Spring,No Holiday,Yes
12/03/2018,60,3,2.3,48,0.8,1448,-7.6,0.0,0.0,0.0,Spring,No Holiday,Yes
12/03/2018,47,4,2.8,52,0.6,1249,-6.1,0.0,0.0,0.0,Spring,No Holiday,Yes
12/03/2018,106,5,3.3,53,0.4,1208,-5.3,0.0,0.0,0.0,Spring,No Holiday,Yes
12/03/2018,261,6,2.8,57,0.7,920,-4.8,0.0,0.0,0.0,Spring,No Holiday,Yes
12/03/2018,662,7,3.0,53,0.5,1094,-5.6,0.0,0.0,0.0,Spring,No Holiday,Yes
12/03/2018,1066,8,3.8,47,0.8,1229,-6.5,0.06,0.0,0.0,Spring,No Holiday,Yes
12/03/2018,604,9,4.8,43,1.0,1200,-6.7,0.18,0.0,0.0,Spring,No Holiday,Yes
12/03/2018,406,10,6.6,40,1.0,1061,-6.0,0.65,0.0,0.0,Spring,No Holiday,Yes
12/03/2018,463,11,9.2,33,1.1,892,-6.2,1.54,0.0,0.0,Spring,No Holiday,Yes
12/03/2018,581,12,11.7,32,1.6,690,-4.4,1.99,0.0,0.0,Spring,No Holiday,Yes
12/03/2018,588,13,13.6,34,1.8,458,-1.9,2.23,0.0,0.0,Spring,No Holiday,Yes
12/03/2018,603,14,14.9,34,2.8,403,-0.8,2.22,0.0,0.0,Spring,No Holiday,Yes
12/03/2018,694,15,15.3,32,2.9,458,-1.3,2.02,0.0,0.0,Spring,No Holiday,Yes
12/03/2018,752,16,14.5,34,3.1,471,-1.2,1.59,0.0,0.0,Spring,No Holiday,Yes
12/03/2018,931,17,13.7,38,2.6,436,-0.3,1.0,0.0,0.0,Spring,No Holiday,Yes
12/03/2018,1425,18,12.2,43,2.8,463,0.0,0.41,0.0,0.0,Spring,No Holiday,Yes
12/03/2018,946,19,10.6,47,2.0,425,-0.2,0.03,0.0,0.0,Spring,No Holiday,Yes
12/03/2018,801,20,9.4,50,2.1,391,-0.5,0.0,0.0,0.0,Spring,No Holiday,Yes
12/03/2018,771,21,8.7,49,1.7,464,-1.4,0.0,0.0,0.0,Spring,No Holiday,Yes
12/03/2018,695,22,7.8,49,0.1,528,-2.2,0.0,0.0,0.0,Spring,No Holiday,Yes
12/03/2018,397,23,6.8,56,0.9,497,-1.3,0.0,0.0,0.0,Spring,No Holiday,Yes
13/03/2018,309,0,6.4,62,0.7,506,-0.3,0.0,0.0,0.0,Spring,No Holiday,Yes
13/03/2018,231,1,5.9,65,1.0,596,-0.1,0.0,0.0,0.0,Spring,No Holiday,Yes
13/03/2018,161,2,5.4,66,0.6,623,-0.4,0.0,0.0,0.0,Spring,No Holiday,Yes
13/03/2018,103,3,5.5,62,0.6,722,-1.2,0.0,0.0,0.0,Spring,No Holiday,Yes
13/03/2018,88,4,6.2,59,0.8,493,-1.2,0.0,0.0,0.0,Spring,No Holiday,Yes
13/03/2018,97,5,6.8,56,0.9,570,-1.3,0.0,0.0,0.0,Spring,No Holiday,Yes
13/03/2018,252,6,7.0,58,0.7,537,-0.7,0.0,0.0,0.0,Spring,No Holiday,Yes
13/03/2018,668,7,7.2,56,0.5,545,-1.0,0.0,0.0,0.0,Spring,No Holiday,Yes
13/03/2018,1215,8,8.0,48,0.4,711,-2.3,0.12,0.0,0.0,Spring,No Holiday,Yes
13/03/2018,616,9,9.4,44,0.3,743,-2.2,0.33,0.0,0.0,Spring,No Holiday,Yes
13/03/2018,428,10,10.9,40,0.5,714,-2.1,0.55,0.0,0.0,Spring,No Holiday,Yes
13/03/2018,571,11,12.6,49,1.4,988,2.1,0.84,0.0,0.0,Spring,No Holiday,Yes
13/03/2018,626,12,15.5,47,3.3,1303,4.2,2.44,0.0,0.0,Spring,No Holiday,Yes
13/03/2018,678,13,17.1,42,3.2,1305,4.0,2.6,0.0,0.0,Spring,No Holiday,Yes
13/03/2018,705,14,18.3,43,2.2,1509,5.4,2.43,0.0,0.0,Spring,No Holiday,Yes
13/03/2018,815,15,18.6,47,3.3,1560,7.0,2.08,0.0,0.0,Spring,No Holiday,Yes
13/03/2018,890,16,17.6,53,3.7,1735,7.8,1.4,0.0,0.0,Spring,No Holiday,Yes
13/03/2018,1085,17,16.9,62,3.1,1562,9.5,0.95,0.0,0.0,Spring,No Holiday,Yes
13/03/2018,1749,18,15.7,68,3.3,1473,9.8,0.39,0.0,0.0,Spring,No Holiday,Yes
13/03/2018,1224,19,14.1,77,2.0,1240,10.1,0.04,0.0,0.0,Spring,No Holiday,Yes
13/03/2018,986,20,13.9,77,1.5,1010,9.9,0.0,0.0,0.0,Spring,No Holiday,Yes
13/03/2018,982,21,13.7,79,2.0,1035,10.1,0.0,0.0,0.0,Spring,No Holiday,Yes
13/03/2018,912,22,13.5,81,2.8,933,10.2,0.0,0.0,0.0,Spring,No Holiday,Yes
13/03/2018,572,23,13.4,81,2.6,958,10.1,0.0,0.0,0.0,Spring,No Holiday,Yes
14/03/2018,412,0,13.6,79,2.2,862,10.0,0.0,0.0,0.0,Spring,No Holiday,Yes
14/03/2018,309,1,13.7,73,2.2,1182,8.9,0.0,0.0,0.0,Spring,No Holiday,Yes
14/03/2018,226,2,13.8,70,1.3,1363,8.4,0.0,0.0,0.0,Spring,No Holiday,Yes
14/03/2018,142,3,14.0,67,2.3,1733,7.9,0.0,0.0,0.0,Spring,No Holiday,Yes
14/03/2018,82,4,14.0,70,1.5,1648,8.6,0.0,0.0,0.0,Spring,No Holiday,Yes
14/03/2018,123,5,14.1,69,1.3,1923,8.4,0.0,0.0,0.0,Spring,No Holiday,Yes
14/03/2018,290,6,14.1,69,1.6,1882,8.4,0.0,0.0,0.0,Spring,No Holiday,Yes
14/03/2018,786,7,14.1,69,1.1,1692,8.4,0.0,0.0,0.0,Spring,No Holiday,Yes
14/03/2018,1371,8,14.2,67,0.9,1812,8.1,0.06,0.0,0.0,Spring,No Holiday,Yes
14/03/2018,761,9,14.6,62,1.2,1768,7.3,0.19,0.0,0.0,Spring,No Holiday,Yes
14/03/2018,552,10,15.7,58,1.3,1980,7.4,0.69,0.0,0.0,Spring,No Holiday,Yes
14/03/2018,643,11,17.5,55,2.1,1892,8.3,1.35,0.0,0.0,Spring,No Holiday,Yes
14/03/2018,813,12,19.9,44,2.7,1874,7.2,2.22,0.0,0.0,Spring,No Holiday,Yes
14/03/2018,789,13,20.9,44,4.7,1795,8.1,2.66,0.0,0.0,Spring,No Holiday,Yes
14/03/2018,878,14,21.1,42,4.3,2000,7.6,2.49,0.0,0.0,Spring,No Holiday,Yes
14/03/2018,1025,15,21.7,39,3.3,1979,7.1,2.09,0.0,0.0,Spring,No Holiday,Yes
14/03/2018,1049,16,21.7,41,3.2,2000,7.8,1.91,0.0,0.0,Spring,No Holiday,Yes
14/03/2018,1325,17,20.5,49,3.5,2000,9.4,1.18,0.0,0.0,Spring,No Holiday,Yes
14/03/2018,2100,18,19.2,53,2.4,2000,9.3,0.58,0.0,0.0,Spring,No Holiday,Yes
14/03/2018,1478,19,17.9,54,2.9,2000,8.4,0.04,0.0,0.0,Spring,No Holiday,Yes
14/03/2018,1275,20,17.2,60,2.5,1993,9.3,0.0,0.0,0.0,Spring,No Holiday,Yes
14/03/2018,1181,21,16.8,67,2.0,1775,10.6,0.0,0.0,0.0,Spring,No Holiday,Yes
14/03/2018,983,22,16.2,71,2.0,1780,10.9,0.0,0.0,0.0,Spring,No Holiday,Yes
14/03/2018,587,23,16.1,69,1.8,1666,10.4,0.0,0.0,0.0,Spring,No Holiday,Yes
15/03/2018,466,0,16.0,69,2.4,1863,10.3,0.0,0.0,0.0,Spring,No Holiday,Yes
15/03/2018,355,1,16.3,68,2.1,1859,10.3,0.0,0.0,0.0,Spring,No Holiday,Yes
15/03/2018,203,2,16.5,68,1.3,1724,10.5,0.0,0.0,0.0,Spring,No Holiday,Yes
15/03/2018,51,3,16.5,69,2.4,1659,10.7,0.0,0.0,0.0,Spring,No Holiday,Yes
15/03/2018,9,4,15.1,86,2.1,877,12.7,0.0,0.0,0.0,Spring,No Holiday,Yes
15/03/2018,8,5,14.5,94,2.0,487,13.5,0.0,0.0,0.0,Spring,No Holiday,Yes
15/03/2018,10,6,14.4,96,0.7,453,13.7,0.0,8.0,0.0,Spring,No Holiday,Yes
15/03/2018,15,7,14.3,97,0.3,189,13.8,0.0,0.0,0.0,Spring,No Holiday,Yes
15/03/2018,39,8,14.1,97,1.1,342,13.6,0.0,0.0,0.0,Spring,No Holiday,Yes
15/03/2018,32,9,14.1,98,1.1,253,13.7,0.06,17.0,0.0,Spring,No Holiday,Yes
15/03/2018,27,10,14.2,98,1.2,299,13.8,0.14,0.0,0.0,Spring,No Holiday,Yes
15/03/2018,65,11,13.9,98,1.4,296,13.5,0.13,0.0,0.0,Spring,No Holiday,Yes
15/03/2018,204,12,13.3,97,2.9,771,12.8,0.19,2.0,0.0,Spring,No Holiday,Yes
15/03/2018,269,13,12.7,97,2.6,467,12.2,0.23,0.0,0.0,Spring,No Holiday,Yes
15/03/2018,289,14,12.1,97,2.0,177,11.6,0.2,0.0,0.0,Spring,No Holiday,Yes
15/03/2018,329,15,11.6,97,3.4,117,11.1,0.26,0.0,0.0,Spring,No Holiday,Yes
15/03/2018,214,16,10.7,98,1.2,196,10.3,0.14,0.0,0.0,Spring,No Holiday,Yes
15/03/2018,411,17,10.9,98,1.3,222,10.5,0.09,0.0,0.0,Spring,No Holiday,Yes
15/03/2018,676,18,10.4,98,2.5,116,10.0,0.03,0.0,0.0,Spring,No Holiday,Yes
15/03/2018,606,19,10.4,98,2.0,391,10.0,0.0,0.0,0.0,Spring,No Holiday,Yes
15/03/2018,533,20,10.5,97,1.8,372,10.0,0.0,0.0,0.0,Spring,No Holiday,Yes
15/03/2018,567,21,10.4,96,2.7,499,9.7,0.0,0.0,0.0,Spring,No Holiday,Yes
15/03/2018,506,22,9.8,90,3.7,493,8.2,0.0,0.0,0.0,Spring,No Holiday,Yes
15/03/2018,343,23,9.3,90,4.1,609,7.7,0.0,0.0,0.0,Spring,No Holiday,Yes
16/03/2018,287,0,8.4,86,2.2,2000,6.1,0.0,0.0,0.0,Spring,No Holiday,Yes
16/03/2018,278,1,7.2,83,2.1,2000,4.4,0.0,0.0,0.0,Spring,No Holiday,Yes
16/03/2018,178,2,6.7,72,2.1,2000,1.9,0.0,0.0,0.0,Spring,No Holiday,Yes
16/03/2018,102,3,6.1,67,2.6,2000,0.4,0.0,0.0,0.0,Spring,No Holiday,Yes
16/03/2018,85,4,5.7,62,2.4,2000,-1.0,0.0,0.0,0.0,Spring,No Holiday,Yes
16/03/2018,85,5,5.2,60,2.0,2000,-1.9,0.0,0.0,0.0,Spring,No Holiday,Yes
16/03/2018,222,6,4.4,61,1.7,2000,-2.4,0.0,0.0,0.0,Spring,No Holiday,Yes
16/03/2018,652,7,3.7,59,2.9,2000,-3.5,0.0,0.0,0.0,Spring,No Holiday,Yes
16/03/2018,1176,8,3.8,56,2.4,2000,-4.1,0.32,0.0,0.0,Spring,No Holiday,Yes
16/03/2018,683,9,5.2,51,1.7,2000,-4.1,1.08,0.0,0.0,Spring,No Holiday,Yes
16/03/2018,507,10,6.7,46,2.2,1936,-4.1,1.79,0.0,0.0,Spring,No Holiday,Yes
16/03/2018,557,11,8.2,45,2.4,1992,-3.0,2.38,0.0,0.0,Spring,No Holiday,Yes
16/03/2018,705,12,9.4,40,2.6,1913,-3.5,2.78,0.0,0.0,Spring,No Holiday,Yes
16/03/2018,715,13,10.4,38,2.4,1959,-3.3,2.99,0.0,0.0,Spring,No Holiday,Yes
16/03/2018,772,14,11.0,36,1.8,1973,-3.5,2.91,0.0,0.0,Spring,No Holiday,Yes
16/03/2018,923,15,11.9,32,1.9,1976,-4.3,2.62,0.0,0.0,Spring,No Holiday,Yes
16/03/2018,976,16,11.6,31,1.4,1999,-4.9,2.11,0.0,0.0,Spring,No Holiday,Yes
16/03/2018,1160,17,11.2,30,1.5,2000,-5.7,1.44,0.0,0.0,Spring,No Holiday,Yes
16/03/2018,1641,18,10.0,33,1.2,2000,-5.5,0.68,0.0,0.0,Spring,No Holiday,Yes
16/03/2018,974,19,8.1,36,1.2,2000,-6.1,0.06,0.0,0.0,Spring,No Holiday,Yes
16/03/2018,774,20,6.7,41,1.0,2000,-5.6,0.0,0.0,0.0,Spring,No Holiday,Yes
16/03/2018,710,21,5.8,43,1.8,2000,-5.8,0.0,0.0,0.0,Spring,No Holiday,Yes
16/03/2018,660,22,4.9,46,0.8,2000,-5.7,0.0,0.0,0.0,Spring,No Holiday,Yes
16/03/2018,455,23,4.2,47,1.3,2000,-6.1,0.0,0.0,0.0,Spring,No Holiday,Yes
17/03/2018,414,0,3.7,48,1.6,2000,-6.3,0.0,0.0,0.0,Spring,No Holiday,Yes
17/03/2018,366,1,3.0,52,0.7,2000,-5.9,0.0,0.0,0.0,Spring,No Holiday,Yes
17/03/2018,268,2,2.3,56,0.6,2000,-5.5,0.0,0.0,0.0,Spring,No Holiday,Yes
17/03/2018,157,3,1.8,59,0.7,2000,-5.3,0.0,0.0,0.0,Spring,No Holiday,Yes
17/03/2018,103,4,1.3,61,0.7,2000,-5.4,0.0,0.0,0.0,Spring,No Holiday,Yes
17/03/2018,60,5,1.0,62,0.9,2000,-5.4,0.0,0.0,0.0,Spring,No Holiday,Yes
17/03/2018,109,6,0.8,63,1.0,2000,-5.4,0.0,0.0,0.0,Spring,No Holiday,Yes
17/03/2018,193,7,0.5,64,0.8,2000,-5.5,0.01,0.0,0.0,Spring,No Holiday,Yes
17/03/2018,384,8,1.3,57,1.0,1974,-6.2,0.32,0.0,0.0,Spring,No Holiday,Yes
17/03/2018,520,9,3.4,49,1.6,1950,-6.3,1.03,0.0,0.0,Spring,No Holiday,Yes
17/03/2018,561,10,6.0,43,1.0,1829,-5.6,1.69,0.0,0.0,Spring,No Holiday,Yes
17/03/2018,742,11,8.0,39,1.2,1783,-5.1,2.26,0.0,0.0,Spring,No Holiday,Yes
17/03/2018,933,12,10.0,38,1.5,1677,-3.6,2.51,0.0,0.0,Spring,No Holiday,Yes
17/03/2018,1111,13,10.9,32,1.2,1772,-5.1,2.22,0.0,0.0,Spring,No Holiday,Yes
17/03/2018,1294,14,12.1,29,2.3,1734,-5.4,2.26,0.0,0.0,Spring,No Holiday,Yes
17/03/2018,1514,15,13.2,23,2.8,1696,-7.5,2.52,0.0,0.0,Spring,No Holiday,Yes
17/03/2018,1440,16,13.7,28,2.1,1499,-4.5,1.88,0.0,0.0,Spring,No Holiday,Yes
17/03/2018,1272,17,12.1,34,2.5,1240,-3.3,0.81,0.0,0.0,Spring,No Holiday,Yes
17/03/2018,934,18,10.6,42,2.8,1307,-1.8,0.31,0.0,0.0,Spring,No Holiday,Yes
17/03/2018,718,19,8.8,49,3.2,1207,-1.3,0.05,0.0,0.0,Spring,No Holiday,Yes
17/03/2018,688,20,7.9,54,2.3,1005,-0.8,0.0,0.0,0.0,Spring,No Holiday,Yes
17/03/2018,624,21,7.4,54,2.0,1142,-1.3,0.0,0.0,0.0,Spring,No Holiday,Yes
17/03/2018,562,22,7.0,55,2.7,1041,-1.4,0.0,0.0,0.0,Spring,No Holiday,Yes
17/03/2018,422,23,6.4,59,1.1,961,-1.0,0.0,0.0,0.0,Spring,No Holiday,Yes
18/03/2018,407,0,5.9,56,1.1,1019,-2.2,0.0,0.0,0.0,Spring,No Holiday,Yes
18/03/2018,309,1,5.7,55,1.4,1043,-2.6,0.0,0.0,0.0,Spring,No Holiday,Yes
18/03/2018,226,2,5.5,56,1.2,1067,-2.5,0.0,0.0,0.0,Spring,No Holiday,Yes
18/03/2018,174,3,5.5,57,1.1,1079,-2.3,0.0,0.0,0.0,Spring,No Holiday,Yes
18/03/2018,106,4,5.6,55,0.4,1115,-2.7,0.0,0.0,0.0,Spring,No Holiday,Yes
18/03/2018,67,5,5.6,55,1.2,1008,-2.7,0.0,0.0,0.0,Spring,No Holiday,Yes
18/03/2018,73,6,5.7,54,1.7,1208,-2.9,0.0,0.0,0.0,Spring,No Holiday,Yes
18/03/2018,152,7,5.5,58,1.0,937,-2.1,0.0,0.0,0.0,Spring,No Holiday,Yes
18/03/2018,293,8,5.9,58,1.8,861,-1.7,0.11,0.0,0.0,Spring,No Holiday,Yes
18/03/2018,398,9,6.3,53,0.5,849,-2.5,0.34,0.0,0.0,Spring,No Holiday,Yes
18/03/2018,460,10,7.2,53,1.6,709,-1.7,0.45,0.0,0.0,Spring,No Holiday,Yes
18/03/2018,587,11,8.5,49,0.7,718,-1.6,0.76,0.0,0.0,Spring,No Holiday,Yes
18/03/2018,751,12,9.8,46,1.2,710,-1.2,1.13,0.0,0.0,Spring,No Holiday,Yes
18/03/2018,881,13,10.6,43,1.3,705,-1.4,1.07,0.0,0.0,Spring,No Holiday,Yes
18/03/2018,993,14,11.0,41,1.1,763,-1.7,0.81,0.0,0.0,Spring,No Holiday,Yes
18/03/2018,1128,15,12.0,37,0.8,879,-2.2,1.09,0.0,0.0,Spring,No Holiday,Yes
18/03/2018,1059,16,12.3,30,1.6,1263,-4.8,0.94,0.0,0.0,Spring,No Holiday,Yes
18/03/2018,603,17,11.1,42,2.2,765,-1.3,0.34,0.0,0.0,Spring,No Holiday,Yes
18/03/2018,365,18,10.4,47,0.4,824,-0.4,0.14,0.0,0.0,Spring,No Holiday,Yes
18/03/2018,237,19,10.0,53,1.7,796,0.8,0.01,0.0,0.0,Spring,No Holiday,Yes
18/03/2018,146,20,9.2,66,1.1,513,3.1,0.0,0.0,0.0,Spring,No Holiday,Yes
18/03/2018,71,21,8.8,72,0.9,501,4.0,0.0,0.0,0.0,Spring,No Holiday,Yes
18/03/2018,70,22,8.1,76,0.8,492,4.1,0.0,0.0,0.0,Spring,No Holiday,Yes
18/03/2018,53,23,7.4,80,1.3,471,4.1,0.0,0.0,0.0,Spring,No Holiday,Yes
19/03/2018,67,0,7.0,81,1.1,421,3.9,0.0,0.5,0.0,Spring,No Holiday,Yes
19/03/2018,38,1,6.7,84,0.8,320,4.1,0.0,0.0,0.0,Spring,No Holiday,Yes
19/03/2018,28,2,6.6,86,0.6,416,4.4,0.0,0.0,0.0,Spring,No Holiday,Yes
19/03/2018,12,3,6.5,88,0.9,276,4.6,0.0,0.3,0.0,Spring,No Holiday,Yes
19/03/2018,9,4,6.3,90,1.0,240,4.7,0.0,0.0,0.0,Spring,No Holiday,Yes
19/03/2018,27,5,6.2,89,1.5,338,4.5,0.0,0.0,0.0,Spring,No Holiday,Yes
19/03/2018,91,6,6.5,88,1.2,417,4.6,0.0,0.2,0.0,Spring,No Holiday,Yes
19/03/2018,370,7,6.5,88,1.4,515,4.6,0.0,0.0,0.0,Spring,No Holiday,Yes
19/03/2018,592,8,7.3,84,2.2,813,4.7,0.05,0.0,0.0,Spring,No Holiday,Yes
19/03/2018,387,9,8.2,81,2.7,1273,5.1,0.2,0.5,0.0,Spring,No Holiday,Yes
19/03/2018,292,10,9.1,77,2.7,1587,5.2,0.27,0.0,0.0,Spring,No Holiday,Yes
19/03/2018,393,11,10.2,65,3.3,2000,3.9,0.57,0.0,0.0,Spring,No Holiday,Yes
19/03/2018,403,12,10.2,58,3.5,2000,2.2,0.32,0.0,0.0,Spring,No Holiday,Yes
19/03/2018,387,13,10.1,61,3.7,1504,2.9,0.38,0.0,0.0,Spring,No Holiday,Yes
19/03/2018,326,14,10.1,59,3.3,2000,2.4,0.57,0.0,0.0,Spring,No Holiday,Yes
19/03/2018,263,15,9.8,57,3.0,2000,1.6,0.43,0.0,0.0,Spring,No Holiday,Yes
19/03/2018,271,16,8.9,63,3.0,1614,2.2,0.28,0.0,0.0,Spring,No Holiday,Yes
19/03/2018,605,17,8.5,59,2.7,1927,0.9,0.16,0.0,0.0,Spring,No Holiday,Yes
19/03/2018,1200,18,8.6,55,2.4,1958,0.0,0.09,0.0,0.0,Spring,No Holiday,Yes
19/03/2018,818,19,8.4,51,3.3,1977,-1.1,0.01,0.0,0.0,Spring,No Holiday,Yes
19/03/2018,711,20,8.3,47,3.1,2000,-2.3,0.0,0.0,0.0,Spring,No Holiday,Yes
19/03/2018,731,21,8.0,47,3.3,2000,-2.6,0.0,0.0,0.0,Spring,No Holiday,Yes
19/03/2018,565,22,7.6,48,3.1,2000,-2.7,0.0,0.0,0.0,Spring,No Holiday,Yes
19/03/2018,382,23,6.9,44,3.3,2000,-4.5,0.0,0.0,0.0,Spring,No Holiday,Yes
20/03/2018,297,0,6.3,42,3.3,2000,-5.6,0.0,0.0,0.0,Spring,No Holiday,Yes
20/03/2018,243,1,5.5,42,3.1,2000,-6.4,0.0,0.0,0.0,Spring,No Holiday,Yes
20/03/2018,165,2,5.1,44,3.4,2000,-6.1,0.0,0.0,0.0,Spring,No Holiday,Yes
20/03/2018,95,3,4.7,44,3.8,2000,-6.5,0.0,0.0,0.0,Spring,No Holiday,Yes
20/03/2018,69,4,4.4,44,3.1,2000,-6.8,0.0,0.0,0.0,Spring,No Holiday,Yes
20/03/2018,92,5,4.1,42,3.1,2000,-7.6,0.0,0.0,0.0,Spring,No Holiday,Yes
20/03/2018,235,6,3.9,43,3.4,2000,-7.5,0.0,0.0,0.0,Spring,No Holiday,Yes
20/03/2018,677,7,3.8,44,4.1,2000,-7.3,0.02,0.0,0.0,Spring,No Holiday,Yes
20/03/2018,1212,8,4.3,43,4.2,2000,-7.2,0.37,0.0,0.0,Spring,No Holiday,Yes
20/03/2018,661,9,5.7,38,3.9,1985,-7.5,0.98,0.0,0.0,Spring,No Holiday,Yes
20/03/2018,418,10,7.4,35,3.5,1990,-7.0,1.81,0.0,0.0,Spring,No Holiday,Yes
20/03/2018,488,11,8.4,34,3.6,1966,-6.5,2.36,0.0,0.0,Spring,No Holiday,Yes
20/03/2018,522,12,9.0,33,3.1,1985,-6.4,2.59,0.0,0.0,Spring,No Holiday,Yes
20/03/2018,516,13,8.0,37,3.4,2000,-5.8,1.96,0.0,0.0,Spring,No Holiday,Yes
20/03/2018,478,14,7.3,38,3.4,1997,-6.1,1.6,0.0,0.0,Spring,No Holiday,Yes
20/03/2018,492,15,6.5,39,3.3,2000,-6.4,1.21,0.0,0.0,Spring,No Holiday,Yes
20/03/2018,518,16,5.6,42,4.2,2000,-6.3,0.81,0.0,0.0,Spring,No Holiday,Yes
20/03/2018,719,17,4.9,43,4.3,2000,-6.6,0.42,0.0,0.0,Spring,No Holiday,Yes
20/03/2018,1111,18,4.1,43,3.5,2000,-7.3,0.21,0.0,0.0,Spring,No Holiday,Yes
20/03/2018,716,19,3.2,45,3.7,2000,-7.6,0.02,0.0,0.0,Spring,No Holiday,Yes
20/03/2018,543,20,2.7,45,3.3,2000,-8.0,0.0,0.0,0.0,Spring,No Holiday,Yes
20/03/2018,494,21,2.3,40,3.3,2000,-9.9,0.0,0.0,0.0,Spring,No Holiday,Yes
20/03/2018,460,22,2.0,37,2.7,2000,-11.1,0.0,0.0,0.0,Spring,No Holiday,Yes
20/03/2018,294,23,1.8,37,2.3,2000,-11.3,0.0,0.0,0.0,Spring,No Holiday,Yes
21/03/2018,240,0,1.6,39,2.3,2000,-10.8,0.0,0.0,0.0,Spring,No Holiday,Yes
21/03/2018,223,1,1.5,40,2.8,2000,-10.6,0.0,0.0,0.0,Spring,No Holiday,Yes
21/03/2018,147,2,1.4,40,2.9,2000,-10.7,0.0,0.0,0.0,Spring,No Holiday,Yes
21/03/2018,82,3,1.3,40,2.1,2000,-10.8,0.0,0.0,0.0,Spring,No Holiday,Yes
21/03/2018,70,4,1.3,39,2.3,2000,-11.1,0.0,0.0,0.0,Spring,No Holiday,Yes
21/03/2018,80,5,1.3,40,2.3,2000,-10.8,0.0,0.0,0.0,Spring,No Holiday,Yes
21/03/2018,209,6,1.4,42,1.7,2000,-10.1,0.0,0.0,0.0,Spring,No Holiday,Yes
21/03/2018,605,7,1.4,43,1.5,2000,-9.8,0.0,0.0,0.0,Spring,No Holiday,Yes
21/03/2018,1097,8,1.6,42,1.8,2000,-9.9,0.13,0.0,0.0,Spring,No Holiday,Yes
21/03/2018,614,9,2.5,40,1.9,2000,-9.7,0.41,0.0,0.0,Spring,No Holiday,Yes
21/03/2018,374,10,3.6,37,1.3,2000,-9.7,0.83,0.0,0.0,Spring,No Holiday,Yes
21/03/2018,339,11,4.8,35,2.1,2000,-9.4,1.38,0.0,0.0,Spring,No Holiday,Yes
21/03/2018,333,12,4.8,51,2.2,1715,-4.5,1.12,0.0,0.0,Spring,No Holiday,Yes
21/03/2018,196,13,4.0,64,2.0,1834,-2.2,0.75,0.0,0.0,Spring,No Holiday,Yes
21/03/2018,117,14,1.9,89,1.5,102,0.2,0.41,0.0,0.0,Spring,No Holiday,Yes
21/03/2018,184,15,2.2,85,1.3,2000,0.0,0.41,0.5,0.0,Spring,No Holiday,Yes
21/03/2018,241,16,2.4,79,1.9,1995,-0.8,0.37,0.0,0.0,Spring,No Holiday,Yes
21/03/2018,319,17,2.5,78,2.0,2000,-0.9,0.25,0.0,0.0,Spring,No Holiday,Yes
21/03/2018,615,18,2.0,77,1.3,2000,-1.6,0.07,0.0,0.0,Spring,No Holiday,Yes
21/03/2018,402,19,2.0,81,0.7,2000,-0.9,0.0,0.0,0.0,Spring,No Holiday,Yes
21/03/2018,120,20,1.7,85,1.3,396,-0.5,0.0,0.0,0.0,Spring,No Holiday,Yes
21/03/2018,231,21,1.2,92,0.7,1474,0.0,0.0,0.5,0.0,Spring,No Holiday,Yes
21/03/2018,320,22,1.2,87,0.9,1802,-0.7,0.0,0.0,0.0,Spring,No Holiday,Yes
21/03/2018,226,23,1.5,86,1.2,1495,-0.5,0.0,0.0,0.0,Spring,No Holiday,Yes
22/03/2018,243,0,1.6,86,1.7,1141,-0.4,0.0,0.0,0.0,Spring,No Holiday,Yes
22/03/2018,247,1,1.6,85,2.0,952,-0.6,0.0,0.0,0.0,Spring,No Holiday,Yes
22/03/2018,173,2,1.5,86,2.5,782,-0.5,0.0,0.0,0.0,Spring,No Holiday,Yes
22/03/2018,107,3,1.3,87,1.7,822,-0.6,0.0,0.0,0.0,Spring,No Holiday,Yes
22/03/2018,75,4,1.3,87,2.2,937,-0.6,0.0,0.0,0.0,Spring,No Holiday,Yes
22/03/2018,81,5,1.1,88,0.9,927,-0.6,0.0,0.0,0.0,Spring,No Holiday,Yes
22/03/2018,212,6,0.8,88,1.0,900,-0.9,0.0,0.0,0.0,Spring,No Holiday,Yes
22/03/2018,600,7,0.6,85,1.5,1321,-1.6,0.01,0.0,0.0,Spring,No Holiday,Yes
22/03/2018,1174,8,1.1,79,1.7,1480,-2.1,0.36,0.0,0.0,Spring,No Holiday,Yes
22/03/2018,653,9,2.5,67,1.3,1472,-3.0,1.11,0.0,0.0,Spring,No Holiday,Yes
22/03/2018,446,10,4.9,56,1.9,1480,-3.1,1.76,0.0,0.0,Spring,No Holiday,Yes
22/03/2018,565,11,6.9,46,2.1,1541,-3.9,2.33,0.0,0.0,Spring,No Holiday,Yes
22/03/2018,668,12,8.3,36,2.5,1665,-5.9,2.7,0.0,0.0,Spring,No Holiday,Yes
22/03/2018,648,13,9.9,29,3.2,1641,-7.3,2.91,0.0,0.0,Spring,No Holiday,Yes
22/03/2018,674,14,11.4,30,3.1,1672,-5.5,2.82,0.0,0.0,Spring,No Holiday,Yes
22/03/2018,758,15,10.7,34,4.5,1850,-4.5,2.51,0.0,0.0,Spring,No Holiday,Yes
22/03/2018,752,16,10.3,34,3.8,1850,-4.9,1.93,0.0,0.0,Spring,No Holiday,Yes
22/03/2018,999,17,9.6,38,3.2,1606,-4.0,1.35,0.0,0.0,Spring,No Holiday,Yes
22/03/2018,1495,18,7.9,46,3.1,1057,-3.0,0.58,0.0,0.0,Spring,No Holiday,Yes
22/03/2018,923,19,6.2,54,1.8,883,-2.4,0.08,0.0,0.0,Spring,No Holiday,Yes
22/03/2018,739,20,5.1,56,2.0,899,-2.9,0.0,0.0,0.0,Spring,No Holiday,Yes
22/03/2018,726,21,4.5,62,2.0,826,-2.1,0.0,0.0,0.0,Spring,No Holiday,Yes
22/03/2018,621,22,3.9,66,2.7,990,-1.8,0.0,0.0,0.0,Spring,No Holiday,Yes
22/03/2018,428,23,3.4,69,1.1,895,-1.7,0.0,0.0,0.0,Spring,No Holiday,Yes
23/03/2018,335,0,2.9,72,1.3,903,-1.6,0.0,0.0,0.0,Spring,No Holiday,Yes
23/03/2018,283,1,2.5,75,1.5,786,-1.4,0.0,0.0,0.0,Spring,No Holiday,Yes
23/03/2018,216,2,2.2,80,1.4,615,-0.8,0.0,0.0,0.0,Spring,No Holiday,Yes
23/03/2018,128,3,1.9,81,1.1,525,-1.0,0.0,0.0,0.0,Spring,No Holiday,Yes
23/03/2018,92,4,2.0,80,0.8,474,-1.0,0.0,0.0,0.0,Spring,No Holiday,Yes
23/03/2018,95,5,2.2,79,0.8,553,-1.0,0.0,0.0,0.0,Spring,No Holiday,Yes
23/03/2018,243,6,2.3,80,0.7,546,-0.8,0.0,0.0,0.0,Spring,No Holiday,Yes
23/03/2018,661,7,2.5,79,1.4,536,-0.7,0.01,0.0,0.0,Spring,No Holiday,Yes
23/03/2018,1216,8,2.6,77,1.3,567,-1.0,0.21,0.0,0.0,Spring,No Holiday,Yes
23/03/2018,664,9,3.3,72,1.4,618,-1.2,0.61,0.0,0.0,Spring,No Holiday,Yes
23/03/2018,461,10,5.4,64,1.6,637,-0.8,1.7,0.0,0.0,Spring,No Holiday,Yes
23/03/2018,584,11,7.1,50,1.7,799,-2.6,2.24,0.0,0.0,Spring,No Holiday,Yes
23/03/2018,690,12,9.3,37,2.3,940,-4.6,2.72,0.0,0.0,Spring,No Holiday,Yes
23/03/2018,682,13,10.9,36,2.1,1073,-3.6,2.87,0.0,0.0,Spring,No Holiday,Yes
23/03/2018,758,14,12.4,33,2.9,811,-3.4,2.71,0.0,0.0,Spring,No Holiday,Yes
23/03/2018,849,15,12.1,30,3.0,1120,-4.9,2.41,0.0,0.0,Spring,No Holiday,Yes
23/03/2018,901,16,12.2,24,2.8,1655,-7.8,1.98,0.0,0.0,Spring,No Holiday,Yes
23/03/2018,1108,17,11.2,27,3.5,1585,-7.1,1.19,0.0,0.0,Spring,No Holiday,Yes
23/03/2018,1611,18,9.7,36,3.6,948,-4.6,0.37,0.0,0.0,Spring,No Holiday,Yes
23/03/2018,932,19,8.3,48,3.0,779,-2.0,0.06,0.0,0.0,Spring,No Holiday,Yes
23/03/2018,724,20,6.7,48,2.6,774,-3.5,0.0,0.0,0.0,Spring,No Holiday,Yes
23/03/2018,676,21,5.8,60,2.2,650,-1.3,0.0,0.0,0.0,Spring,No Holiday,Yes
23/03/2018,638,22,5.3,63,1.8,591,-1.1,0.0,0.0,0.0,Spring,No Holiday,Yes
23/03/2018,422,23,5.0,42,1.7,717,-6.8,0.0,0.0,0.0,Spring,No Holiday,Yes
24/03/2018,403,0,4.7,46,1.7,746,-5.9,0.0,0.0,0.0,Spring,No Holiday,Yes
24/03/2018,360,1,4.7,51,1.1,728,-4.5,0.0,0.0,0.0,Spring,No Holiday,Yes
24/03/2018,305,2,5.0,50,1.7,669,-4.5,0.0,0.0,0.0,Spring,No Holiday,Yes
24/03/2018,197,3,5.0,51,0.8,659,-4.3,0.0,0.0,0.0,Spring,No Holiday,Yes
24/03/2018,122,4,5.1,54,1.2,550,-3.4,0.0,0.0,0.0,Spring,No Holiday,Yes
24/03/2018,82,5,4.7,54,1.3,543,-3.8,0.0,0.0,0.0,Spring,No Holiday,Yes
24/03/2018,113,6,4.2,50,0.6,633,-5.3,0.0,0.0,0.0,Spring,No Holiday,Yes
24/03/2018,198,7,4.0,54,0.9,587,-4.4,0.01,0.0,0.0,Spring,No Holiday,Yes
24/03/2018,424,8,4.5,49,0.4,580,-5.3,0.19,0.0,0.0,Spring,No Holiday,Yes
24/03/2018,456,9,6.5,40,2.5,588,-6.1,0.69,0.0,0.0,Spring,No Holiday,Yes
24/03/2018,494,10,7.2,43,1.5,559,-4.5,0.42,0.0,0.0,Spring,No Holiday,Yes
24/03/2018,589,11,9.0,56,2.0,399,0.6,1.11,0.0,0.0,Spring,No Holiday,Yes
24/03/2018,806,12,10.6,52,3.1,390,1.1,2.27,0.0,0.0,Spring,No Holiday,Yes
24/03/2018,880,13,12.4,50,2.5,379,2.2,2.48,0.0,0.0,Spring,No Holiday,Yes
24/03/2018,855,14,12.7,55,3.4,378,3.8,2.42,0.0,0.0,Spring,No Holiday,Yes
24/03/2018,1025,15,12.4,58,4.1,404,4.3,2.26,0.0,0.0,Spring,No Holiday,Yes
24/03/2018,947,16,12.3,61,3.4,359,4.9,1.82,0.0,0.0,Spring,No Holiday,Yes
24/03/2018,916,17,11.1,66,4.2,367,4.9,1.18,0.0,0.0,Spring,No Holiday,Yes
24/03/2018,736,18,9.0,76,3.0,288,4.9,0.45,0.0,0.0,Spring,No Holiday,Yes
24/03/2018,521,19,7.7,80,2.8,234,4.4,0.05,0.0,0.0,Spring,No Holiday,Yes
24/03/2018,513,20,7.1,83,3.3,203,4.4,0.0,0.0,0.0,Spring,No Holiday,Yes
24/03/2018,487,21,6.7,84,2.8,193,4.1,0.0,0.0,0.0,Spring,No Holiday,Yes
24/03/2018,460,22,6.5,85,2.3,167,4.1,0.0,0.0,0.0,Spring,No Holiday,Yes
24/03/2018,354,23,6.4,85,2.3,155,4.0,0.0,0.0,0.0,Spring,No Holiday,Yes
25/03/2018,372,0,6.4,84,1.4,171,3.8,0.0,0.0,0.0,Spring,No Holiday,Yes
25/03/2018,267,1,6.4,82,1.2,186,3.5,0.0,0.0,0.0,Spring,No Holiday,Yes
25/03/2018,195,2,6.0,82,1.3,198,3.1,0.0,0.0,0.0,Spring,No Holiday,Yes
25/03/2018,139,3,5.5,83,0.9,186,2.8,0.0,0.0,0.0,Spring,No Holiday,Yes
25/03/2018,90,4,5.3,82,1.0,200,2.4,0.0,0.0,0.0,Spring,No Holiday,Yes
25/03/2018,60,5,5.0,83,0.7,200,2.3,0.0,0.0,0.0,Spring,No Holiday,Yes
25/03/2018,71,6,4.6,84,0.7,193,2.1,0.0,0.0,0.0,Spring,No Holiday,Yes
25/03/2018,137,7,4.7,82,1.3,198,1.8,0.02,0.0,0.0,Spring,No Holiday,Yes
25/03/2018,225,8,5.0,79,1.1,203,1.6,0.23,0.0,0.0,Spring,No Holiday,Yes
25/03/2018,331,9,6.3,73,1.3,218,1.8,0.79,0.0,0.0,Spring,No Holiday,Yes
25/03/2018,359,10,8.4,65,1.8,229,2.1,1.67,0.0,0.0,Spring,No Holiday,Yes
25/03/2018,466,11,10.7,56,2.0,261,2.2,2.27,0.0,0.0,Spring,No Holiday,Yes
25/03/2018,626,12,12.7,45,1.3,321,1.0,2.63,0.0,0.0,Spring,No Holiday,Yes
25/03/2018,784,13,14.6,38,1.9,315,0.4,2.75,0.0,0.0,Spring,No Holiday,Yes
25/03/2018,882,14,16.1,37,2.4,315,1.3,2.62,0.0,0.0,Spring,No Holiday,Yes
25/03/2018,960,15,16.7,38,3.1,265,2.2,2.27,0.0,0.0,Spring,No Holiday,Yes
25/03/2018,1031,16,16.5,39,3.1,366,2.4,1.91,0.0,0.0,Spring,No Holiday,Yes
25/03/2018,911,17,15.8,40,2.3,481,2.2,1.28,0.0,0.0,Spring,No Holiday,Yes
25/03/2018,768,18,14.4,44,2.7,596,2.2,0.6,0.0,0.0,Spring,No Holiday,Yes
25/03/2018,571,19,12.6,59,2.5,384,4.7,0.08,0.0,0.0,Spring,No Holiday,Yes
25/03/2018,502,20,10.7,70,2.8,236,5.4,0.0,0.0,0.0,Spring,No Holiday,Yes
25/03/2018,456,21,9.8,74,2.2,219,5.3,0.0,0.0,0.0,Spring,No Holiday,Yes
25/03/2018,424,22,8.8,79,2.0,203,5.3,0.0,0.0,0.0,Spring,No Holiday,Yes
25/03/2018,336,23,8.0,82,1.3,196,5.1,0.0,0.0,0.0,Spring,No Holiday,Yes
26/03/2018,244,0,7.1,84,2.3,185,4.5,0.0,0.0,0.0,Spring,No Holiday,Yes
26/03/2018,185,1,6.3,87,1.8,153,4.2,0.0,0.0,0.0,Spring,No Holiday,Yes
26/03/2018,93,2,5.4,95,1.5,89,4.6,0.0,0.0,0.0,Spring,No Holiday,Yes
26/03/2018,62,3,5.5,96,1.6,72,4.9,0.0,0.0,0.0,Spring,No Holiday,Yes
26/03/2018,65,4,5.5,96,2.0,53,4.9,0.0,0.0,0.0,Spring,No Holiday,Yes
26/03/2018,98,5,5.4,97,1.5,38,4.9,0.0,0.0,0.0,Spring,No Holiday,Yes
26/03/2018,227,6,5.7,97,0.5,80,5.2,0.0,0.0,0.0,Spring,No Holiday,Yes
26/03/2018,581,7,6.0,96,0.6,94,5.4,0.0,0.0,0.0,Spring,No Holiday,Yes
26/03/2018,983,8,6.4,90,1.4,117,4.8,0.13,0.0,0.0,Spring,No Holiday,Yes
26/03/2018,540,9,7.6,82,0.7,147,4.7,0.55,0.0,0.0,Spring,No Holiday,Yes
26/03/2018,415,10,10.0,70,1.0,187,4.7,1.57,0.0,0.0,Spring,No Holiday,Yes
26/03/2018,422,11,12.6,60,2.4,281,5.0,2.23,0.0,0.0,Spring,No Holiday,Yes
26/03/2018,492,12,14.6,53,2.5,348,5.1,2.65,0.0,0.0,Spring,No Holiday,Yes
26/03/2018,504,13,16.0,47,2.5,459,4.6,2.8,0.0,0.0,Spring,No Holiday,Yes
26/03/2018,575,14,17.4,39,2.9,520,3.2,2.7,0.0,0.0,Spring,No Holiday,Yes
26/03/2018,604,15,17.6,33,3.6,985,1.1,2.44,0.0,0.0,Spring,No Holiday,Yes
26/03/2018,819,16,17.7,33,3.4,897,1.2,1.96,0.0,0.0,Spring,No Holiday,Yes
26/03/2018,925,17,17.1,31,3.3,1075,-0.1,1.33,0.0,0.0,Spring,No Holiday,Yes
26/03/2018,1477,18,16.0,33,2.9,1138,-0.2,0.6,0.0,0.0,Spring,No Holiday,Yes
26/03/2018,1031,19,14.3,37,3.1,1247,-0.2,0.1,0.0,0.0,Spring,No Holiday,Yes
26/03/2018,835,20,12.9,42,2.8,1047,0.2,0.0,0.0,0.0,Spring,No Holiday,Yes
26/03/2018,798,21,11.6,54,1.5,693,2.5,0.0,0.0,0.0,Spring,No Holiday,Yes
26/03/2018,662,22,10.7,58,1.4,600,2.7,0.0,0.0,0.0,Spring,No Holiday,Yes
26/03/2018,447,23,9.8,62,0.6,535,2.8,0.0,0.0,0.0,Spring,No Holiday,Yes
27/03/2018,380,0,9.0,68,1.1,426,3.3,0.0,0.0,0.0,Spring,No Holiday,Yes
27/03/2018,278,1,8.7,70,0.9,398,3.5,0.0,0.0,0.0,Spring,No Holiday,Yes
27/03/2018,163,2,8.3,70,0.8,394,3.1,0.0,0.0,0.0,Spring,No Holiday,Yes
27/03/2018,127,3,8.1,71,0.9,378,3.1,0.0,0.0,0.0,Spring,No Holiday,Yes
27/03/2018,95,4,7.8,70,0.3,395,2.6,0.0,0.0,0.0,Spring,No Holiday,Yes
27/03/2018,110,5,8.0,63,0.8,439,1.3,0.0,0.0,0.0,Spring,No Holiday,Yes
27/03/2018,231,6,8.1,66,0.6,415,2.1,0.0,0.0,0.0,Spring,No Holiday,Yes
27/03/2018,705,7,8.5,67,0.7,475,2.7,0.02,0.0,0.0,Spring,No Holiday,Yes
27/03/2018,1201,8,9.3,62,0.6,519,2.3,0.25,0.0,0.0,Spring,No Holiday,Yes
27/03/2018,699,9,11.6,51,0.8,498,1.7,0.84,0.0,0.0,Spring,No Holiday,Yes
27/03/2018,462,10,13.9,40,0.8,586,0.5,1.6,0.0,0.0,Spring,No Holiday,Yes
27/03/2018,560,11,15.8,40,1.9,647,2.2,1.95,0.0,0.0,Spring,No Holiday,Yes
27/03/2018,586,12,16.7,47,2.4,620,5.3,1.76,0.0,0.0,Spring,No Holiday,Yes
27/03/2018,563,13,18.6,46,2.1,642,6.7,2.54,0.0,0.0,Spring,No Holiday,Yes
27/03/2018,618,14,19.4,45,2.0,624,7.1,2.05,0.0,0.0,Spring,No Holiday,Yes
27/03/2018,636,15,19.9,45,2.7,676,7.6,1.79,0.0,0.0,Spring,No Holiday,Yes
27/03/2018,774,16,19.5,50,3.4,613,8.7,1.6,0.0,0.0,Spring,No Holiday,Yes
27/03/2018,960,17,18.4,54,3.2,605,8.9,1.05,0.0,0.0,Spring,No Holiday,Yes
27/03/2018,1521,18,16.8,60,3.1,580,8.9,0.46,0.0,0.0,Spring,No Holiday,Yes
27/03/2018,1020,19,15.0,67,2.6,452,8.9,0.07,0.0,0.0,Spring,No Holiday,Yes
27/03/2018,864,20,13.9,72,2.4,385,8.9,0.0,0.0,0.0,Spring,No Holiday,Yes
27/03/2018,866,21,13.4,73,1.5,325,8.6,0.0,0.0,0.0,Spring,No Holiday,Yes
27/03/2018,764,22,12.9,75,1.3,326,8.5,0.0,0.0,0.0,Spring,No Holiday,Yes
27/03/2018,527,23,12.4,74,1.5,356,7.8,0.0,0.0,0.0,Spring,No Holiday,Yes
28/03/2018,400,0,12.0,76,0.8,346,7.8,0.0,0.0,0.0,Spring,No Holiday,Yes
28/03/2018,337,1,11.6,74,1.2,374,7.1,0.0,0.0,0.0,Spring,No Holiday,Yes
28/03/2018,225,2,11.5,75,1.9,399,7.2,0.0,0.0,0.0,Spring,No Holiday,Yes
28/03/2018,150,3,10.9,79,0.8,383,7.3,0.0,0.0,0.0,Spring,No Holiday,Yes
28/03/2018,104,4,10.6,77,0.9,422,6.7,0.0,0.0,0.0,Spring,No Holiday,Yes
28/03/2018,107,5,10.2,80,0.8,366,6.8,0.0,0.0,0.0,Spring,No Holiday,Yes
28/03/2018,258,6,9.6,84,0.7,301,7.0,0.0,0.0,0.0,Spring,No Holiday,Yes
28/03/2018,741,7,9.6,82,1.1,284,6.6,0.04,0.0,0.0,Spring,No Holiday,Yes
28/03/2018,1353,8,10.3,77,0.7,341,6.4,0.37,0.0,0.0,Spring,No Holiday,Yes
28/03/2018,723,9,12.4,66,1.0,546,6.2,0.91,0.0,0.0,Spring,No Holiday,Yes
28/03/2018,494,10,14.7,62,2.9,684,7.4,1.59,0.0,0.0,Spring,No Holiday,Yes
28/03/2018,588,11,15.6,60,3.7,817,7.8,1.44,0.0,0.0,Spring,No Holiday,Yes
28/03/2018,629,12,16.5,57,3.8,881,7.9,1.55,0.0,0.0,Spring,No Holiday,Yes
28/03/2018,723,13,17.5,54,3.1,1065,8.0,1.63,0.0,0.0,Spring,No Holiday,Yes
28/03/2018,698,14,18.6,46,4.4,1664,6.7,2.14,0.0,0.0,Spring,No Holiday,Yes
28/03/2018,785,15,18.2,45,4.1,1908,6.0,1.86,0.0,0.0,Spring,No Holiday,Yes
28/03/2018,943,16,18.3,43,4.3,1931,5.4,1.3,0.0,0.0,Spring,No Holiday,Yes
28/03/2018,1221,17,17.6,45,4.2,1947,5.5,0.7,0.0,0.0,Spring,No Holiday,Yes
28/03/2018,1839,18,17.0,53,3.1,1855,7.3,0.35,0.0,0.0,Spring,No Holiday,Yes
28/03/2018,1288,19,16.0,60,2.8,1436,8.2,0.06,0.0,0.0,Spring,No Holiday,Yes
28/03/2018,1133,20,15.2,65,2.2,988,8.6,0.0,0.0,0.0,Spring,No Holiday,Yes
28/03/2018,1035,21,14.2,70,0.8,723,8.7,0.0,0.0,0.0,Spring,No Holiday,Yes
28/03/2018,907,22,13.6,73,2.0,644,8.8,0.0,0.0,0.0,Spring,No Holiday,Yes
28/03/2018,614,23,13.5,74,1.2,603,8.9,0.0,0.0,0.0,Spring,No Holiday,Yes
29/03/2018,466,0,13.4,77,1.5,537,9.4,0.0,0.0,0.0,Spring,No Holiday,Yes
29/03/2018,390,1,13.0,81,1.9,484,9.8,0.0,0.0,0.0,Spring,No Holiday,Yes
29/03/2018,254,2,12.9,83,1.6,369,10.0,0.0,0.0,0.0,Spring,No Holiday,Yes
29/03/2018,170,3,12.7,80,0.4,384,9.3,0.0,0.0,0.0,Spring,No Holiday,Yes
29/03/2018,109,4,12.8,81,0.2,418,9.6,0.0,0.0,0.0,Spring,No Holiday,Yes
29/03/2018,106,5,12.7,83,0.8,392,9.8,0.0,0.0,0.0,Spring,No Holiday,Yes
29/03/2018,274,6,12.6,83,0.5,332,9.7,0.0,0.0,0.0,Spring,No Holiday,Yes
29/03/2018,781,7,12.8,82,0.6,370,9.7,0.01,0.0,0.0,Spring,No Holiday,Yes
29/03/2018,1281,8,13.3,80,1.2,369,9.9,0.14,0.0,0.0,Spring,No Holiday,Yes
29/03/2018,757,9,13.5,79,1.9,382,9.9,0.2,0.0,0.0,Spring,No Holiday,Yes
29/03/2018,482,10,15.0,69,1.5,552,9.3,1.02,0.0,0.0,Spring,No Holiday,Yes
29/03/2018,583,11,16.1,63,1.2,555,9.0,1.08,0.0,0.0,Spring,No Holiday,Yes
29/03/2018,714,12,18.2,55,2.3,594,9.0,2.24,0.0,0.0,Spring,No Holiday,Yes
29/03/2018,716,13,19.5,48,1.9,596,8.1,2.32,0.0,0.0,Spring,No Holiday,Yes
29/03/2018,711,14,20.2,47,2.4,541,8.5,2.3,0.0,0.0,Spring,No Holiday,Yes
29/03/2018,781,15,20.8,42,3.1,576,7.4,2.1,0.0,0.0,Spring,No Holiday,Yes
29/03/2018,957,16,20.7,38,2.2,741,5.8,1.63,0.0,0.0,Spring,No Holiday,Yes
29/03/2018,1194,17,20.3,48,2.8,635,8.9,1.14,0.0,0.0,Spring,No Holiday,Yes
29/03/2018,1776,18,19.1,47,2.4,942,7.5,0.57,0.0,0.0,Spring,No Holiday,Yes
29/03/2018,1260,19,17.5,61,2.2,758,9.8,0.11,0.0,0.0,Spring,No Holiday,Yes
29/03/2018,1079,20,15.6,64,2.7,686,8.8,0.0,0.0,0.0,Spring,No Holiday,Yes
29/03/2018,1046,21,14.4,66,1.7,677,8.1,0.0,0.0,0.0,Spring,No Holiday,Yes
29/03/2018,949,22,13.3,71,2.1,581,8.1,0.0,0.0,0.0,Spring,No Holiday,Yes
29/03/2018,614,23,12.7,75,1.6,475,8.3,0.0,0.0,0.0,Spring,No Holiday,Yes
30/03/2018,490,0,11.8,78,0.6,438,8.0,0.0,0.0,0.0,Spring,No Holiday,Yes
30/03/2018,401,1,11.4,77,0.7,466,7.5,0.0,0.0,0.0,Spring,No Holiday,Yes
30/03/2018,261,2,10.8,72,0.4,639,5.9,0.0,0.0,0.0,Spring,No Holiday,Yes
30/03/2018,184,3,10.3,68,0.7,887,4.6,0.0,0.0,0.0,Spring,No Holiday,Yes
30/03/2018,115,4,9.9,67,1.1,820,4.0,0.0,0.0,0.0,Spring,No Holiday,Yes
30/03/2018,117,5,10.4,62,1.8,911,3.4,0.0,0.0,0.0,Spring,No Holiday,Yes
30/03/2018,284,6,10.3,70,1.2,555,5.0,0.0,0.0,0.0,Spring,No Holiday,Yes
30/03/2018,747,7,10.5,70,1.1,483,5.2,0.04,0.0,0.0,Spring,No Holiday,Yes
30/03/2018,1406,8,11.5,60,1.6,550,3.9,0.42,0.0,0.0,Spring,No Holiday,Yes
30/03/2018,772,9,13.7,46,1.3,972,2.2,1.08,0.0,0.0,Spring,No Holiday,Yes
30/03/2018,583,10,16.0,29,1.4,1708,-2.0,1.79,0.0,0.0,Spring,No Holiday,Yes
30/03/2018,739,11,17.8,26,2.6,1822,-1.9,2.37,0.0,0.0,Spring,No Holiday,Yes
30/03/2018,939,12,19.1,26,1.6,1704,-0.8,2.73,0.0,0.0,Spring,No Holiday,Yes
30/03/2018,860,13,20.3,27,1.4,1464,0.6,2.87,0.0,0.0,Spring,No Holiday,Yes
30/03/2018,965,14,21.0,28,2.8,1191,1.7,2.75,0.0,0.0,Spring,No Holiday,Yes
30/03/2018,1068,15,21.8,28,2.3,1162,2.4,2.4,0.0,0.0,Spring,No Holiday,Yes
30/03/2018,1156,16,20.7,36,3.6,811,5.0,1.82,0.0,0.0,Spring,No Holiday,Yes
30/03/2018,1460,17,19.4,45,2.9,778,7.1,1.13,0.0,0.0,Spring,No Holiday,Yes
30/03/2018,1935,18,17.4,57,3.1,657,8.7,0.52,0.0,0.0,Spring,No Holiday,Yes
30/03/2018,1268,19,15.2,60,3.2,1081,7.4,0.09,0.0,0.0,Spring,No Holiday,Yes
30/03/2018,1045,20,14.3,63,2.6,936,7.3,0.0,0.0,0.0,Spring,No Holiday,Yes
30/03/2018,948,21,13.7,73,1.8,658,8.9,0.0,0.0,0.0,Spring,No Holiday,Yes
30/03/2018,880,22,12.7,76,1.5,521,8.5,0.0,0.0,0.0,Spring,No Holiday,Yes
30/03/2018,678,23,12.1,77,1.4,540,8.1,0.0,0.0,0.0,Spring,No Holiday,Yes
31/03/2018,537,0,11.7,77,1.3,588,7.7,0.0,0.0,0.0,Spring,No Holiday,Yes
31/03/2018,502,1,11.5,77,2.0,593,7.6,0.0,0.0,0.0,Spring,No Holiday,Yes
31/03/2018,397,2,11.0,73,1.5,816,6.3,0.0,0.0,0.0,Spring,No Holiday,Yes
31/03/2018,264,3,10.7,74,1.7,712,6.2,0.0,0.0,0.0,Spring,No Holiday,Yes
31/03/2018,163,4,10.4,73,1.7,801,5.7,0.0,0.0,0.0,Spring,No Holiday,Yes
31/03/2018,108,5,9.8,73,0.8,1098,5.1,0.0,0.0,0.0,Spring,No Holiday,Yes
31/03/2018,142,6,9.4,75,0.9,1117,5.1,0.0,0.0,0.0,Spring,No Holiday,Yes
31/03/2018,264,7,9.5,72,0.2,1017,4.6,0.04,0.0,0.0,Spring,No Holiday,Yes
31/03/2018,489,8,10.4,65,0.8,979,4.0,0.41,0.0,0.0,Spring,No Holiday,Yes
31/03/2018,642,9,12.6,57,0.9,859,4.2,0.98,0.0,0.0,Spring,No Holiday,Yes
31/03/2018,618,10,14.7,53,0.9,831,5.2,1.59,0.0,0.0,Spring,No Holiday,Yes
31/03/2018,824,11,16.7,45,1.9,1054,4.6,2.07,0.0,0.0,Spring,No Holiday,Yes
31/03/2018,1072,12,18.2,38,4.2,1189,3.6,2.41,0.0,0.0,Spring,No Holiday,Yes
31/03/2018,1218,13,19.3,37,3.0,1257,4.2,2.53,0.0,0.0,Spring,No Holiday,Yes
31/03/2018,1381,14,20.1,30,3.0,1554,1.9,2.57,0.0,0.0,Spring,No Holiday,Yes
31/03/2018,1542,15,18.9,28,3.7,1769,0.0,2.09,0.0,0.0,Spring,No Holiday,Yes
31/03/2018,1578,16,18.0,32,3.0,1836,1.0,1.03,0.0,0.0,Spring,No Holiday,Yes
31/03/2018,1531,17,17.3,36,3.4,1722,2.0,0.8,0.0,0.0,Spring,No Holiday,Yes
31/03/2018,1391,18,16.6,33,2.6,1867,0.2,0.48,0.0,0.0,Spring,No Holiday,Yes
31/03/2018,1025,19,15.3,41,2.0,1751,2.1,0.08,0.0,0.0,Spring,No Holiday,Yes
31/03/2018,972,20,14.0,45,1.6,1729,2.2,0.0,0.0,0.0,Spring,No Holiday,Yes
31/03/2018,1010,21,13.3,48,1.6,1582,2.5,0.0,0.0,0.0,Spring,No Holiday,Yes
31/03/2018,922,22,12.8,52,1.5,1616,3.1,0.0,0.0,0.0,Spring,No Holiday,Yes
31/03/2018,655,23,12.4,63,1.3,1201,5.5,0.0,0.0,0.0,Spring,No Holiday,Yes
01/04/2018,579,0,12.1,70,0.8,1050,6.7,0.0,0.0,0.0,Spring,No Holiday,Yes
01/04/2018,453,1,11.7,74,0.5,979,7.2,0.0,0.0,0.0,Spring,No Holiday,Yes
01/04/2018,322,2,11.7,72,0.6,915,6.8,0.0,0.0,0.0,Spring,No Holiday,Yes
01/04/2018,221,3,11.9,71,0.7,853,6.7,0.0,0.0,0.0,Spring,No Holiday,Yes
01/04/2018,147,4,12.1,69,0.3,827,6.5,0.0,0.0,0.0,Spring,No Holiday,Yes
01/04/2018,96,5,12.3,65,0.5,1085,5.8,0.0,0.0,0.0,Spring,No Holiday,Yes
01/04/2018,110,6,12.4,61,0.4,1131,5.0,0.0,0.0,0.0,Spring,No Holiday,Yes
01/04/2018,169,7,12.5,62,0.4,1003,5.4,0.0,0.0,0.0,Spring,No Holiday,Yes
01/04/2018,342,8,12.9,64,1.5,778,6.2,0.06,0.0,0.0,Spring,No Holiday,Yes
01/04/2018,485,9,13.5,66,1.8,934,7.2,0.16,0.0,0.0,Spring,No Holiday,Yes
01/04/2018,566,10,14.7,61,2.0,945,7.2,0.64,0.0,0.0,Spring,No Holiday,Yes
01/04/2018,737,11,16.7,55,2.1,1182,7.6,1.37,0.0,0.0,Spring,No Holiday,Yes
01/04/2018,926,12,18.0,53,3.1,1350,8.2,1.53,0.0,0.0,Spring,No Holiday,Yes
01/04/2018,1156,13,17.9,60,2.2,1248,10.0,0.86,0.0,0.0,Spring,No Holiday,Yes
01/04/2018,1201,14,17.5,67,2.1,832,11.2,0.42,0.0,0.0,Spring,No Holiday,Yes
01/04/2018,1349,15,18.2,63,2.2,687,11.0,0.72,0.0,0.0,Spring,No Holiday,Yes
01/04/2018,1409,16,18.2,69,3.2,625,12.4,0.87,0.0,0.0,Spring,No Holiday,Yes
01/04/2018,1362,17,18.0,72,1.8,559,12.8,0.47,0.0,0.0,Spring,No Holiday,Yes
01/04/2018,1296,18,17.7,75,2.1,519,13.2,0.12,0.0,0.0,Spring,No Holiday,Yes
01/04/2018,1066,19,17.4,79,2.3,614,13.7,0.03,0.0,0.0,Spring,No Holiday,Yes
01/04/2018,984,20,17.1,80,1.5,480,13.6,0.0,0.0,0.0,Spring,No Holiday,Yes
01/04/2018,983,21,16.9,81,1.9,472,13.6,0.0,0.0,0.0,Spring,No Holiday,Yes
01/04/2018,841,22,16.7,83,2.4,416,13.7,0.0,0.0,0.0,Spring,No Holiday,Yes
01/04/2018,588,23,16.3,82,1.3,480,13.2,0.0,0.0,0.0,Spring,No Holiday,Yes
02/04/2018,468,0,16.1,80,1.9,605,12.6,0.0,0.0,0.0,Spring,No Holiday,Yes
02/04/2018,295,1,16.0,79,1.0,716,12.3,0.0,0.0,0.0,Spring,No Holiday,Yes
02/04/2018,155,2,15.7,81,1.4,694,12.4,0.0,0.0,0.0,Spring,No Holiday,Yes
02/04/2018,111,3,15.6,81,1.2,628,12.3,0.0,0.0,0.0,Spring,No Holiday,Yes
02/04/2018,86,4,15.7,79,1.2,628,12.0,0.0,0.0,0.0,Spring,No Holiday,Yes
02/04/2018,125,5,15.3,82,1.4,508,12.2,0.0,0.0,0.0,Spring,No Holiday,Yes
02/04/2018,359,6,14.9,81,0.4,580,11.6,0.0,0.0,0.0,Spring,No Holiday,Yes
02/04/2018,918,7,15.1,80,1.0,623,11.6,0.01,0.0,0.0,Spring,No Holiday,Yes
02/04/2018,1469,8,15.7,75,1.1,804,11.2,0.11,0.0,0.0,Spring,No Holiday,Yes
02/04/2018,806,9,16.6,70,1.5,945,11.0,0.3,0.0,0.0,Spring,No Holiday,Yes
02/04/2018,579,10,17.5,66,1.3,1059,11.0,0.55,0.0,0.0,Spring,No Holiday,Yes
02/04/2018,662,11,18.5,61,1.6,1301,10.8,0.95,0.0,0.0,Spring,No Holiday,Yes
02/04/2018,818,12,20.8,50,2.0,1240,9.9,1.82,0.0,0.0,Spring,No Holiday,Yes
02/04/2018,818,13,21.9,48,2.5,1113,10.3,2.14,0.0,0.0,Spring,No Holiday,Yes
02/04/2018,920,14,23.0,42,3.4,1315,9.3,2.1,0.0,0.0,Spring,No Holiday,Yes
02/04/2018,993,15,23.7,43,2.8,1347,10.3,2.28,0.0,0.0,Spring,No Holiday,Yes
02/04/2018,1218,16,23.0,47,4.1,1417,11.0,2.0,0.0,0.0,Spring,No Holiday,Yes
02/04/2018,1569,17,22.0,49,3.7,1582,10.7,1.28,0.0,0.0,Spring,No Holiday,Yes
02/04/2018,2401,18,20.7,54,4.1,1484,11.0,0.5,0.0,0.0,Spring,No Holiday,Yes
02/04/2018,1779,19,19.1,60,3.4,1592,11.1,0.1,0.0,0.0,Spring,No Holiday,Yes
02/04/2018,1517,20,18.2,65,1.8,1563,11.5,0.0,0.0,0.0,Spring,No Holiday,Yes
02/04/2018,1503,21,17.9,64,2.1,1652,10.9,0.0,0.0,0.0,Spring,No Holiday,Yes
02/04/2018,1213,22,17.4,66,2.3,1565,10.9,0.0,0.0,0.0,Spring,No Holiday,Yes
02/04/2018,803,23,16.8,70,0.9,1426,11.2,0.0,0.0,0.0,Spring,No Holiday,Yes
03/04/2018,532,0,16.8,69,0.8,1395,11.0,0.0,0.0,0.0,Spring,No Holiday,Yes
03/04/2018,430,1,17.1,72,1.7,1353,12.0,0.0,0.0,0.0,Spring,No Holiday,Yes
03/04/2018,275,2,17.0,73,1.6,1184,12.1,0.0,0.0,0.0,Spring,No Holiday,Yes
03/04/2018,156,3,17.0,74,1.7,1294,12.3,0.0,0.0,0.0,Spring,No Holiday,Yes
03/04/2018,124,4,16.9,74,1.2,1199,12.2,0.0,0.0,0.0,Spring,No Holiday,Yes
03/04/2018,163,5,16.9,73,1.6,1275,12.0,0.0,0.0,0.0,Spring,No Holiday,Yes
03/04/2018,388,6,16.8,74,1.2,1265,12.1,0.0,0.0,0.0,Spring,No Holiday,Yes
03/04/2018,1033,7,16.8,73,1.0,1366,11.9,0.01,0.0,0.0,Spring,No Holiday,Yes
03/04/2018,1677,8,17.3,71,0.5,1481,11.9,0.17,0.0,0.0,Spring,No Holiday,Yes
03/04/2018,867,9,18.3,67,2.4,1375,12.0,0.55,0.0,0.0,Spring,No Holiday,Yes
03/04/2018,664,10,18.9,66,2.0,1298,12.4,0.85,0.0,0.0,Spring,No Holiday,Yes
03/04/2018,696,11,19.0,67,1.9,1062,12.7,0.52,0.0,0.0,Spring,No Holiday,Yes
03/04/2018,913,12,19.6,63,2.9,1034,12.3,0.68,0.0,0.0,Spring,No Holiday,Yes
03/04/2018,870,13,20.1,61,2.6,1117,12.3,1.01,0.0,0.0,Spring,No Holiday,Yes
03/04/2018,931,14,21.0,53,3.2,1306,11.0,1.12,0.0,0.0,Spring,No Holiday,Yes
03/04/2018,961,15,19.9,58,2.5,1348,11.3,0.51,0.0,0.0,Spring,No Holiday,Yes
03/04/2018,1173,16,19.7,58,3.7,1302,11.1,0.78,0.0,0.0,Spring,No Holiday,Yes
03/04/2018,1436,17,19.7,57,2.6,1302,10.9,0.54,0.0,0.0,Spring,No Holiday,Yes
03/04/2018,2134,18,18.9,68,3.3,1326,12.8,0.12,0.0,0.0,Spring,No Holiday,Yes
03/04/2018,1415,19,18.0,74,3.1,1258,13.2,0.02,0.0,0.0,Spring,No Holiday,Yes
03/04/2018,1470,20,17.3,80,2.4,927,13.8,0.0,0.0,0.0,Spring,No Holiday,Yes
03/04/2018,1223,21,17.0,83,3.2,744,14.0,0.0,0.0,0.0,Spring,No Holiday,Yes
03/04/2018,1030,22,16.0,85,2.0,409,13.4,0.0,0.0,0.0,Spring,No Holiday,Yes
03/04/2018,454,23,15.0,94,1.6,163,14.0,0.0,0.0,0.0,Spring,No Holiday,Yes
04/04/2018,355,0,15.0,96,2.1,141,14.3,0.0,0.1,0.0,Spring,No Holiday,Yes
04/04/2018,113,1,14.8,96,1.7,209,14.1,0.0,0.0,0.0,Spring,No Holiday,Yes
04/04/2018,15,2,14.5,97,2.2,179,14.0,0.0,3.5,0.0,Spring,No Holiday,Yes
04/04/2018,22,3,14.3,97,1.2,228,13.8,0.0,7.0,0.0,Spring,No Holiday,Yes
04/04/2018,14,4,14.1,97,1.7,306,13.6,0.0,3.0,0.0,Spring,No Holiday,Yes
04/04/2018,19,5,11.9,97,3.4,305,11.4,0.0,3.0,0.0,Spring,No Holiday,Yes
04/04/2018,172,6,11.7,95,0.7,2000,10.9,0.0,2.0,0.0,Spring,No Holiday,Yes
04/04/2018,665,7,10.3,90,1.2,2000,8.7,0.01,0.0,0.0,Spring,No Holiday,Yes
04/04/2018,1284,8,10.3,86,2.5,2000,8.0,0.15,0.0,0.0,Spring,No Holiday,Yes
04/04/2018,378,9,10.4,81,1.4,2000,7.2,0.36,0.0,0.0,Spring,No Holiday,Yes
04/04/2018,505,10,10.7,81,1.4,2000,7.5,0.57,0.0,0.0,Spring,No Holiday,Yes
04/04/2018,744,11,12.8,65,2.0,2000,6.3,1.76,0.0,0.0,Spring,No Holiday,Yes
04/04/2018,928,12,15.3,54,2.1,1989,6.0,2.83,0.0,0.0,Spring,No Holiday,Yes
04/04/2018,951,13,16.7,47,1.4,2000,5.3,3.24,0.0,0.0,Spring,No Holiday,Yes
04/04/2018,1096,14,17.9,42,1.3,1981,4.7,3.04,0.0,0.0,Spring,No Holiday,Yes
04/04/2018,1209,15,17.9,44,2.2,2000,5.4,2.79,0.0,0.0,Spring,No Holiday,Yes
04/04/2018,1413,16,17.9,42,1.1,2000,4.7,2.25,0.0,0.0,Spring,No Holiday,Yes
04/04/2018,1745,17,17.2,46,2.2,2000,5.4,1.6,0.0,0.0,Spring,No Holiday,Yes
04/04/2018,2402,18,16.0,47,2.1,2000,4.6,0.79,0.0,0.0,Spring,No Holiday,Yes
04/04/2018,1626,19,14.3,53,2.1,2000,4.8,0.17,0.0,0.0,Spring,No Holiday,Yes
04/04/2018,1374,20,12.8,56,2.0,2000,4.2,0.0,0.0,0.0,Spring,No Holiday,Yes
04/04/2018,1256,21,11.8,57,1.9,2000,3.5,0.0,0.0,0.0,Spring,No Holiday,Yes
04/04/2018,1041,22,10.9,58,1.5,2000,2.9,0.0,0.0,0.0,Spring,No Holiday,Yes
04/04/2018,668,23,10.2,58,2.4,2000,2.2,0.0,0.0,0.0,Spring,No Holiday,Yes
05/04/2018,436,0,9.5,61,1.7,2000,2.3,0.0,0.0,0.0,Spring,No Holiday,Yes
05/04/2018,373,1,9.0,62,1.9,2000,2.0,0.0,0.0,0.0,Spring,No Holiday,Yes
05/04/2018,220,2,9.0,63,2.1,2000,2.3,0.0,0.0,0.0,Spring,No Holiday,Yes
05/04/2018,150,3,8.9,64,2.2,2000,2.4,0.0,0.0,0.0,Spring,No Holiday,Yes
05/04/2018,87,4,8.8,65,2.5,2000,2.5,0.0,0.0,0.0,Spring,No Holiday,Yes
05/04/2018,18,5,8.3,81,2.0,1060,5.2,0.0,0.1,0.0,Spring,No Holiday,Yes
05/04/2018,21,6,7.5,94,2.4,511,6.5,0.0,0.4,0.0,Spring,No Holiday,Yes
05/04/2018,38,7,7.1,94,2.2,572,6.1,0.0,1.5,0.0,Spring,No Holiday,Yes
05/04/2018,207,8,6.7,94,2.7,1127,5.7,0.05,2.0,0.0,Spring,No Holiday,Yes
05/04/2018,129,9,6.8,89,2.9,2000,5.1,0.07,0.0,0.0,Spring,No Holiday,Yes
05/04/2018,95,10,7.1,87,2.9,2000,5.0,0.15,0.0,0.0,Spring,No Holiday,Yes
05/04/2018,47,11,7.1,93,2.6,697,6.0,0.19,0.0,0.0,Spring,No Holiday,Yes
05/04/2018,70,12,7.3,95,2.2,676,6.5,0.3,0.5,0.0,Spring,No Holiday,Yes
05/04/2018,84,13,7.7,95,1.9,442,6.9,0.4,0.0,0.0,Spring,No Holiday,Yes
05/04/2018,46,14,8.0,95,1.5,514,7.2,0.35,0.0,0.0,Spring,No Holiday,Yes
05/04/2018,37,15,8.1,96,1.9,410,7.4,0.26,0.5,0.0,Spring,No Holiday,Yes
05/04/2018,31,16,8.1,96,1.5,281,7.4,0.21,1.0,0.0,Spring,No Holiday,Yes
05/04/2018,46,17,8.0,96,1.4,298,7.3,0.13,1.0,0.0,Spring,No Holiday,Yes
05/04/2018,75,18,7.6,96,2.0,660,6.9,0.04,0.0,0.0,Spring,No Holiday,Yes
05/04/2018,75,19,7.6,96,1.5,1309,6.9,0.0,1.5,0.0,Spring,No Holiday,Yes
05/04/2018,56,20,7.3,96,1.9,2000,6.6,0.0,0.0,0.0,Spring,No Holiday,Yes
05/04/2018,99,21,7.3,96,1.5,749,6.6,0.0,1.0,0.0,Spring,No Holiday,Yes
05/04/2018,77,22,7.2,96,1.0,700,6.5,0.0,0.0,0.0,Spring,No Holiday,Yes
05/04/2018,79,23,7.1,96,1.3,1497,6.5,0.0,0.5,0.0,Spring,No Holiday,Yes
06/04/2018,56,0,7.2,95,0.9,861,6.4,0.0,0.5,0.0,Spring,No Holiday,Yes
06/04/2018,50,1,7.2,95,0.2,683,6.4,0.0,0.5,0.0,Spring,No Holiday,Yes
06/04/2018,27,2,7.3,96,1.0,337,6.6,0.0,1.5,0.0,Spring,No Holiday,Yes
06/04/2018,18,3,7.2,96,0.8,349,6.5,0.0,2.0,0.0,Spring,No Holiday,Yes
06/04/2018,9,4,6.8,97,2.2,453,6.3,0.0,2.0,0.0,Spring,No Holiday,Yes
06/04/2018,54,5,6.3,97,1.7,787,5.8,0.0,0.5,0.0,Spring,No Holiday,Yes
06/04/2018,178,6,6.1,96,2.1,798,5.5,0.0,0.0,0.0,Spring,No Holiday,Yes
06/04/2018,591,7,5.7,95,3.4,1136,4.9,0.02,0.0,0.0,Spring,No Holiday,Yes
06/04/2018,1235,8,5.9,90,2.8,1820,4.3,0.32,0.0,0.0,Spring,No Holiday,Yes
06/04/2018,719,9,6.9,83,2.2,1666,4.2,0.83,0.0,0.0,Spring,No Holiday,Yes
06/04/2018,529,10,8.0,73,2.8,1641,3.4,1.44,0.0,0.0,Spring,No Holiday,Yes
06/04/2018,598,11,8.3,69,4.1,1217,2.9,1.81,0.0,0.0,Spring,No Holiday,Yes
06/04/2018,756,12,6.7,71,4.6,543,1.8,1.05,0.0,0.0,Spring,No Holiday,Yes
06/04/2018,683,13,7.9,58,4.3,488,0.1,1.88,0.0,0.0,Spring,No Holiday,Yes
06/04/2018,572,14,7.4,56,3.5,461,-0.8,1.04,0.0,0.0,Spring,No Holiday,Yes
06/04/2018,545,15,6.8,50,4.1,660,-2.9,0.56,0.0,0.0,Spring,No Holiday,Yes
06/04/2018,585,16,6.6,50,4.0,645,-3.1,0.81,0.0,0.0,Spring,No Holiday,Yes
06/04/2018,776,17,6.3,50,4.4,707,-3.3,0.64,0.0,0.0,Spring,No Holiday,Yes
06/04/2018,1114,18,5.9,43,5.3,859,-5.7,0.62,0.0,0.0,Spring,No Holiday,Yes
06/04/2018,659,19,4.8,48,3.8,1126,-5.3,0.17,0.0,0.0,Spring,No Holiday,Yes
06/04/2018,508,20,4.3,59,4.6,991,-3.0,0.0,0.0,0.0,Spring,No Holiday,Yes
06/04/2018,447,21,4.0,67,3.0,794,-1.5,0.0,0.0,0.0,Spring,No Holiday,Yes
06/04/2018,499,22,3.9,68,3.0,737,-1.4,0.0,0.0,0.0,Spring,No Holiday,Yes
06/04/2018,312,23,3.8,75,4.1,604,-0.2,0.0,0.0,0.0,Spring,No Holiday,Yes
07/04/2018,282,0,3.0,67,3.3,945,-2.5,0.0,0.0,0.0,Spring,No Holiday,Yes
07/04/2018,225,1,2.6,67,2.7,1053,-2.9,0.0,0.0,0.0,Spring,No Holiday,Yes
07/04/2018,123,2,1.8,81,2.9,325,-1.1,0.0,0.0,0.0,Spring,No Holiday,Yes
07/04/2018,122,3,1.5,82,3.5,372,-1.2,0.0,0.1,0.0,Spring,No Holiday,Yes
07/04/2018,80,4,1.6,70,3.6,1392,-3.2,0.0,0.1,0.0,Spring,No Holiday,Yes
07/04/2018,57,5,1.6,62,4.9,1372,-4.9,0.0,0.0,0.0,Spring,No Holiday,Yes
07/04/2018,108,6,1.7,58,3.8,1189,-5.6,0.0,0.0,0.0,Spring,No Holiday,Yes
07/04/2018,206,7,1.9,51,4.9,1297,-7.1,0.07,0.0,0.0,Spring,No Holiday,Yes
07/04/2018,399,8,2.4,44,4.3,1375,-8.6,0.41,0.0,0.0,Spring,No Holiday,Yes
07/04/2018,426,9,3.4,37,3.6,1668,-9.9,1.07,0.0,0.0,Spring,No Holiday,Yes
07/04/2018,453,10,4.3,31,4.9,1661,-11.3,1.77,0.0,0.0,Spring,No Holiday,Yes
07/04/2018,553,11,4.7,26,4.8,1927,-13.2,1.55,0.0,0.0,Spring,No Holiday,Yes
07/04/2018,697,12,6.0,23,4.2,1990,-13.6,2.0,0.0,0.0,Spring,No Holiday,Yes
07/04/2018,852,13,7.4,22,4.5,1964,-12.9,2.98,0.0,0.0,Spring,No Holiday,Yes
07/04/2018,919,14,8.1,24,4.7,1914,-11.3,2.99,0.0,0.0,Spring,No Holiday,Yes
07/04/2018,925,15,7.6,36,5.0,1928,-6.5,1.39,0.0,0.0,Spring,No Holiday,Yes
07/04/2018,897,16,7.9,34,4.7,1979,-7.0,1.09,0.0,0.0,Spring,No Holiday,Yes
07/04/2018,908,17,7.6,36,5.3,2000,-6.5,1.8,0.0,0.0,Spring,No Holiday,Yes
07/04/2018,714,18,6.4,43,3.7,2000,-5.2,0.92,0.0,0.0,Spring,No Holiday,Yes
07/04/2018,518,19,4.9,47,3.5,2000,-5.4,0.2,0.0,0.0,Spring,No Holiday,Yes
07/04/2018,458,20,4.2,44,4.1,2000,-6.9,0.0,0.0,0.0,Spring,No Holiday,Yes
07/04/2018,443,21,3.8,39,3.2,2000,-8.9,0.0,0.0,0.0,Spring,No Holiday,Yes
07/04/2018,426,22,3.5,41,2.8,2000,-8.5,0.0,0.0,0.0,Spring,No Holiday,Yes
07/04/2018,368,23,3.1,39,3.1,2000,-9.5,0.0,0.0,0.0,Spring,No Holiday,Yes
08/04/2018,325,0,2.9,46,2.2,2000,-7.6,0.0,0.0,0.0,Spring,No Holiday,Yes
08/04/2018,224,1,2.4,46,1.7,2000,-8.0,0.0,0.0,0.0,Spring,No Holiday,Yes
08/04/2018,191,2,2.2,49,1.9,2000,-7.4,0.0,0.0,0.0,Spring,No Holiday,Yes
08/04/2018,141,3,2.0,50,2.0,2000,-7.3,0.0,0.0,0.0,Spring,No Holiday,Yes
08/04/2018,90,4,1.7,51,1.3,2000,-7.3,0.0,0.0,0.0,Spring,No Holiday,Yes
08/04/2018,59,5,1.3,51,1.6,2000,-7.7,0.0,0.0,0.0,Spring,No Holiday,Yes
08/04/2018,101,6,0.9,52,1.1,2000,-7.8,0.0,0.0,0.0,Spring,No Holiday,Yes
08/04/2018,159,7,0.9,54,0.8,2000,-7.3,0.11,0.0,0.0,Spring,No Holiday,Yes
08/04/2018,332,8,2.9,53,1.5,1892,-5.7,0.68,0.0,0.0,Spring,No Holiday,Yes
08/04/2018,405,9,5.1,46,2.7,1888,-5.5,1.34,0.0,0.0,Spring,No Holiday,Yes
08/04/2018,494,10,6.3,39,2.8,2000,-6.6,1.55,0.0,0.0,Spring,No Holiday,Yes
08/04/2018,586,11,6.4,29,2.7,2000,-10.3,0.9,0.0,0.0,Spring,No Holiday,Yes
08/04/2018,709,12,6.9,30,1.8,1994,-9.5,0.85,0.0,0.0,Spring,No Holiday,Yes
08/04/2018,847,13,7.4,27,1.8,2000,-10.4,0.86,0.0,0.0,Spring,No Holiday,Yes
08/04/2018,777,14,7.9,27,1.0,1985,-9.9,0.75,0.0,0.0,Spring,No Holiday,Yes
08/04/2018,343,15,7.3,38,0.8,2000,-6.1,0.38,0.0,0.0,Spring,No Holiday,Yes
08/04/2018,137,16,6.1,65,1.5,1465,0.0,0.21,0.0,0.0,Spring,No Holiday,Yes
08/04/2018,58,17,4.3,80,2.6,1357,1.1,0.23,0.1,0.0,Spring,No Holiday,Yes
08/04/2018,22,18,3.0,89,1.5,283,1.3,0.07,1.9,0.0,Spring,No Holiday,Yes
08/04/2018,44,19,2.5,94,1.8,349,1.6,0.0,1.0,0.0,Spring,No Holiday,Yes
08/04/2018,93,20,2.7,90,1.5,639,1.2,0.0,0.0,0.0,Spring,No Holiday,Yes
08/04/2018,170,21,2.8,88,2.1,592,1.0,0.0,0.0,0.0,Spring,No Holiday,Yes
08/04/2018,177,22,2.7,88,2.0,621,0.9,0.0,0.0,0.0,Spring,No Holiday,Yes
08/04/2018,182,23,2.9,85,0.9,829,0.6,0.0,0.0,0.0,Spring,No Holiday,Yes
09/04/2018,197,0,3.2,84,0.6,785,0.7,0.0,0.0,0.0,Spring,No Holiday,Yes
09/04/2018,140,1,2.8,87,0.8,462,0.8,0.0,0.0,0.0,Spring,No Holiday,Yes
09/04/2018,97,2,2.2,88,0.5,508,0.4,0.0,0.0,0.0,Spring,No Holiday,Yes
09/04/2018,52,3,1.6,94,0.3,426,0.7,0.0,0.0,0.0,Spring,No Holiday,Yes
09/04/2018,43,4,1.1,95,0.5,345,0.3,0.0,0.0,0.0,Spring,No Holiday,Yes
09/04/2018,91,5,0.7,96,1.0,206,0.1,0.0,0.0,0.0,Spring,No Holiday,Yes
09/04/2018,239,6,0.1,97,0.6,77,-0.3,0.0,0.0,0.0,Spring,No Holiday,Yes
09/04/2018,651,7,0.6,97,1.3,66,0.1,0.05,0.0,0.0,Spring,No Holiday,Yes
09/04/2018,1163,8,1.0,97,0.9,148,0.5,0.22,0.0,0.0,Spring,No Holiday,Yes
09/04/2018,682,9,2.6,96,1.1,316,2.0,0.87,0.0,0.0,Spring,No Holiday,Yes
09/04/2018,506,10,5.2,73,1.0,668,0.7,2.08,0.0,0.0,Spring,No Holiday,Yes
09/04/2018,644,11,7.5,54,0.9,1013,-1.2,2.49,0.0,0.0,Spring,No Holiday,Yes
09/04/2018,799,12,10.4,44,1.7,1235,-1.3,2.93,0.0,0.0,Spring,No Holiday,Yes
09/04/2018,869,13,12.4,32,1.7,1441,-3.8,3.06,0.0,0.0,Spring,No Holiday,Yes
09/04/2018,921,14,13.9,26,2.5,1537,-5.3,2.99,0.0,0.0,Spring,No Holiday,Yes
09/04/2018,1038,15,14.2,24,1.8,1743,-6.1,2.6,0.0,0.0,Spring,No Holiday,Yes
09/04/2018,1185,16,15.3,24,1.5,1534,-5.1,2.0,0.0,0.0,Spring,No Holiday,Yes
09/04/2018,1479,17,15.3,26,0.9,1257,-4.1,1.39,0.0,0.0,Spring,No Holiday,Yes
09/04/2018,2401,18,14.8,24,1.3,1514,-5.6,0.69,0.0,0.0,Spring,No Holiday,Yes
09/04/2018,1599,19,13.4,33,1.2,1356,-2.5,0.15,0.0,0.0,Spring,No Holiday,Yes
09/04/2018,1362,20,11.7,34,0.9,1393,-3.6,0.0,0.0,0.0,Spring,No Holiday,Yes
09/04/2018,1232,21,10.3,38,0.5,1433,-3.4,0.0,0.0,0.0,Spring,No Holiday,Yes
09/04/2018,1069,22,9.6,41,0.5,1428,-3.0,0.0,0.0,0.0,Spring,No Holiday,Yes
09/04/2018,623,23,9.6,43,1.2,1333,-2.3,0.0,0.0,0.0,Spring,No Holiday,Yes
10/04/2018,485,0,9.0,46,1.2,1259,-2.0,0.0,0.0,0.0,Spring,No Holiday,Yes
10/04/2018,376,1,9.0,44,1.0,1314,-2.6,0.0,0.0,0.0,Spring,No Holiday,Yes
10/04/2018,250,2,8.8,43,1.0,1490,-3.1,0.0,0.0,0.0,Spring,No Holiday,Yes
10/04/2018,149,3,8.1,48,0.8,1455,-2.2,0.0,0.0,0.0,Spring,No Holiday,Yes
10/04/2018,102,4,7.5,48,1.0,1458,-2.8,0.0,0.0,0.0,Spring,No Holiday,Yes
10/04/2018,123,5,7.1,53,0.8,1392,-1.8,0.0,0.0,0.0,Spring,No Holiday,Yes
10/04/2018,370,6,6.9,51,0.9,1546,-2.5,0.0,0.0,0.0,Spring,No Holiday,Yes
10/04/2018,981,7,7.2,50,1.1,1454,-2.5,0.1,0.0,0.0,Spring,No Holiday,Yes
10/04/2018,1702,8,9.6,38,1.4,1527,-4.0,0.58,0.0,0.0,Spring,No Holiday,Yes
10/04/2018,982,9,11.9,35,1.1,1664,-3.1,0.95,0.0,0.0,Spring,No Holiday,Yes
10/04/2018,703,10,15.2,31,1.6,1757,-1.8,1.84,0.0,0.0,Spring,No Holiday,Yes
10/04/2018,839,11,18.5,27,1.3,1610,-0.8,2.59,0.0,0.0,Spring,No Holiday,Yes
10/04/2018,1023,12,20.5,37,4.6,1761,5.2,2.94,0.0,0.0,Spring,No Holiday,Yes
10/04/2018,967,13,21.9,34,5.1,1861,5.3,2.77,0.0,0.0,Spring,No Holiday,Yes
10/04/2018,913,14,21.2,35,7.4,1992,5.1,1.8,0.0,0.0,Spring,No Holiday,Yes
10/04/2018,933,15,21.4,33,4.8,1998,4.4,1.63,0.0,0.0,Spring,No Holiday,Yes
10/04/2018,1080,16,20.9,34,5.8,2000,4.4,1.37,0.0,0.0,Spring,No Holiday,Yes
10/04/2018,1004,17,20.6,39,5.6,2000,6.1,0.74,0.0,0.0,Spring,No Holiday,Yes
10/04/2018,1805,18,19.7,52,7.2,2000,9.5,0.2,0.0,0.0,Spring,No Holiday,Yes
10/04/2018,1153,19,19.2,55,5.8,2000,9.9,0.01,0.0,0.0,Spring,No Holiday,Yes
10/04/2018,336,20,19.1,58,6.1,2000,10.6,0.0,0.0,0.0,Spring,No Holiday,Yes
10/04/2018,133,21,17.5,70,7.3,1634,11.9,0.0,0.5,0.0,Spring,No Holiday,Yes
10/04/2018,75,22,15.8,83,5.4,691,12.9,0.0,1.5,0.0,Spring,No Holiday,Yes
10/04/2018,212,23,15.1,83,4.1,1147,12.2,0.0,3.0,0.0,Spring,No Holiday,Yes
11/04/2018,0,0,14.4,82,4.6,1041,11.3,0.0,0.0,0.0,Spring,No Holiday,No
11/04/2018,0,1,13.6,81,3.6,886,10.3,0.0,0.0,0.0,Spring,No Holiday,No
11/04/2018,0,2,12.7,80,3.9,885,9.3,0.0,0.0,0.0,Spring,No Holiday,No
11/04/2018,0,3,11.6,81,3.1,687,8.4,0.0,0.0,0.0,Spring,No Holiday,No
11/04/2018,0,4,10.2,83,3.5,554,7.4,0.0,0.0,0.0,Spring,No Holiday,No
11/04/2018,0,5,9.7,84,1.7,447,7.1,0.0,0.0,0.0,Spring,No Holiday,No
11/04/2018,0,6,9.0,86,2.0,442,6.7,0.0,0.0,0.0,Spring,No Holiday,No
11/04/2018,0,7,8.8,85,1.1,438,6.4,0.11,0.0,0.0,Spring,No Holiday,No
11/04/2018,0,8,9.7,77,1.6,519,5.8,0.68,0.0,0.0,Spring,No Holiday,No
11/04/2018,0,9,11.8,59,2.1,975,4.0,1.44,0.0,0.0,Spring,No Holiday,No
11/04/2018,0,10,13.3,51,4.1,1487,3.3,2.17,0.0,0.0,Spring,No Holiday,No
11/04/2018,0,11,14.9,44,4.0,1468,2.7,2.75,0.0,0.0,Spring,No Holiday,No
11/04/2018,0,12,15.7,46,3.9,1132,4.0,3.05,0.0,0.0,Spring,No Holiday,No
11/04/2018,0,13,15.6,38,4.7,1558,1.3,3.32,0.0,0.0,Spring,No Holiday,No
11/04/2018,0,14,16.4,28,3.4,1804,-2.1,3.16,0.0,0.0,Spring,No Holiday,No
11/04/2018,0,15,17.0,28,3.5,1804,-1.6,2.9,0.0,0.0,Spring,No Holiday,No
11/04/2018,0,16,16.9,23,4.4,1938,-4.4,2.39,0.0,0.0,Spring,No Holiday,No
11/04/2018,0,17,16.2,22,4.1,2000,-5.5,1.73,0.0,0.0,Spring,No Holiday,No
11/04/2018,0,18,15.2,21,2.9,2000,-7.0,0.94,0.0,0.0,Spring,No Holiday,No
11/04/2018,0,19,13.2,28,2.9,2000,-4.9,0.22,0.0,0.0,Spring,No Holiday,No
11/04/2018,0,20,11.9,33,2.0,2000,-3.8,0.0,0.0,0.0,Spring,No Holiday,No
11/04/2018,0,21,11.0,34,2.1,2000,-4.2,0.0,0.0,0.0,Spring,No Holiday,No
11/04/2018,0,22,10.3,42,1.0,1923,-2.0,0.0,0.0,0.0,Spring,No Holiday,No
11/04/2018,0,23,9.7,45,2.0,1969,-1.6,0.0,0.0,0.0,Spring,No Holiday,No
12/04/2018,504,0,9.5,40,2.4,1987,-3.4,0.0,0.0,0.0,Spring,No Holiday,Yes
12/04/2018,374,1,8.9,40,2.1,2000,-3.9,0.0,0.0,0.0,Spring,No Holiday,Yes
12/04/2018,269,2,8.1,45,1.0,2000,-3.1,0.0,0.0,0.0,Spring,No Holiday,Yes
12/04/2018,182,3,7.8,49,1.4,1972,-2.2,0.0,0.0,0.0,Spring,No Holiday,Yes
12/04/2018,98,4,7.5,53,1.0,1701,-1.4,0.0,0.0,0.0,Spring,No Holiday,Yes
12/04/2018,144,5,7.1,57,0.8,1746,-0.8,0.0,0.0,0.0,Spring,No Holiday,Yes
12/04/2018,375,6,7.1,55,1.8,1780,-1.3,0.0,0.0,0.0,Spring,No Holiday,Yes
12/04/2018,1054,7,7.6,54,1.7,1690,-1.1,0.13,0.0,0.0,Spring,No Holiday,Yes
12/04/2018,1789,8,8.9,48,1.1,1444,-1.5,0.69,0.0,0.0,Spring,No Holiday,Yes
12/04/2018,952,9,11.5,43,1.7,1818,-0.6,1.43,0.0,0.0,Spring,No Holiday,Yes
12/04/2018,686,10,13.8,39,2.3,1659,0.0,2.09,0.0,0.0,Spring,No Holiday,Yes
12/04/2018,829,11,16.2,30,2.4,1700,-1.4,2.68,0.0,0.0,Spring,No Holiday,Yes
12/04/2018,969,12,17.5,20,4.6,2000,-5.7,3.07,0.0,0.0,Spring,No Holiday,Yes
12/04/2018,1029,13,18.1,18,5.1,1939,-6.6,3.2,0.0,0.0,Spring,No Holiday,Yes
12/04/2018,990,14,18.8,27,4.9,1888,-0.6,3.13,0.0,0.0,Spring,No Holiday,Yes
12/04/2018,1074,15,19.4,24,3.9,2000,-1.7,2.86,0.0,0.0,Spring,No Holiday,Yes
12/04/2018,1273,16,18.8,23,4.2,1956,-2.7,2.39,0.0,0.0,Spring,No Holiday,Yes
12/04/2018,1664,17,18.6,22,3.7,1978,-3.5,1.72,0.0,0.0,Spring,No Holiday,Yes
12/04/2018,2359,18,17.9,16,3.7,2000,-8.3,0.92,0.0,0.0,Spring,No Holiday,Yes
12/04/2018,1641,19,15.9,14,2.8,2000,-11.6,0.25,0.0,0.0,Spring,No Holiday,Yes
12/04/2018,1319,20,14.2,15,2.6,2000,-12.1,0.0,0.0,0.0,Spring,No Holiday,Yes
12/04/2018,1241,21,13.4,15,2.7,2000,-12.7,0.0,0.0,0.0,Spring,No Holiday,Yes
12/04/2018,1142,22,13.5,15,2.2,2000,-12.6,0.0,0.0,0.0,Spring,No Holiday,Yes
12/04/2018,772,23,12.6,16,1.7,2000,-12.6,0.0,0.0,0.0,Spring,No Holiday,Yes
13/04/2018,525,0,11.4,22,1.5,2000,-9.6,0.0,0.0,0.0,Spring,No Holiday,Yes
13/04/2018,432,1,10.0,23,0.7,2000,-10.2,0.0,0.0,0.0,Spring,No Holiday,Yes
13/04/2018,257,2,9.7,23,1.4,2000,-10.4,0.0,0.0,0.0,Spring,No Holiday,Yes
13/04/2018,167,3,9.9,27,1.3,2000,-8.2,0.0,0.0,0.0,Spring,No Holiday,Yes
13/04/2018,112,4,9.7,29,1.8,2000,-7.5,0.0,0.0,0.0,Spring,No Holiday,Yes
13/04/2018,156,5,9.1,34,0.9,2000,-5.9,0.0,0.0,0.0,Spring,No Holiday,Yes
13/04/2018,368,6,8.3,35,0.3,2000,-6.2,0.0,0.0,0.0,Spring,No Holiday,Yes
13/04/2018,999,7,8.8,33,1.2,2000,-6.6,0.11,0.0,0.0,Spring,No Holiday,Yes
13/04/2018,1721,8,10.6,27,1.1,2000,-7.6,0.39,0.0,0.0,Spring,No Holiday,Yes
13/04/2018,982,9,13.2,22,1.1,2000,-8.0,0.93,0.0,0.0,Spring,No Holiday,Yes
13/04/2018,741,10,15.7,18,1.6,1980,-8.6,1.66,0.0,0.0,Spring,No Holiday,Yes
13/04/2018,867,11,16.9,15,1.7,1994,-9.9,1.8,0.0,0.0,Spring,No Holiday,Yes
13/04/2018,1095,12,18.2,15,1.6,2000,-8.9,2.27,0.0,0.0,Spring,No Holiday,Yes
13/04/2018,973,13,19.0,15,1.4,2000,-8.2,2.02,0.0,0.0,Spring,No Holiday,Yes
13/04/2018,1063,14,18.7,14,1.6,2000,-9.3,1.25,0.0,0.0,Spring,No Holiday,Yes
13/04/2018,1108,15,18.6,15,0.9,1991,-8.5,0.81,0.0,0.0,Spring,No Holiday,Yes
13/04/2018,1270,16,18.3,16,1.0,2000,-7.9,0.7,0.0,0.0,Spring,No Holiday,Yes
13/04/2018,1662,17,18.1,16,1.4,2000,-8.1,0.45,0.0,0.0,Spring,No Holiday,Yes
13/04/2018,2404,18,17.5,18,1.3,2000,-7.1,0.23,0.0,0.0,Spring,No Holiday,Yes
13/04/2018,1641,19,16.9,19,0.5,2000,-6.9,0.06,0.0,0.0,Spring,No Holiday,Yes
13/04/2018,1359,20,16.2,22,0.9,2000,-5.5,0.0,0.0,0.0,Spring,No Holiday,Yes
13/04/2018,1311,21,16.4,24,2.9,1983,-4.2,0.0,0.0,0.0,Spring,No Holiday,Yes
13/04/2018,1178,22,16.3,25,2.0,2000,-3.7,0.0,0.0,0.0,Spring,No Holiday,Yes
13/04/2018,849,23,15.5,27,3.5,2000,-3.4,0.0,0.0,0.0,Spring,No Holiday,Yes
14/04/2018,664,0,14.8,27,2.1,2000,-4.0,0.0,0.0,0.0,Spring,No Holiday,Yes
14/04/2018,513,1,14.1,25,1.8,2000,-5.6,0.0,0.0,0.0,Spring,No Holiday,Yes
14/04/2018,253,2,13.5,27,1.6,2000,-5.1,0.0,0.0,0.0,Spring,No Holiday,Yes
14/04/2018,62,3,12.1,41,1.0,2000,-0.7,0.0,0.2,0.0,Spring,No Holiday,Yes
14/04/2018,39,4,10.3,72,1.0,2000,5.4,0.0,0.8,0.0,Spring,No Holiday,Yes
14/04/2018,20,5,9.5,76,0.8,1962,5.4,0.0,0.0,0.0,Spring,No Holiday,Yes
14/04/2018,12,6,8.7,80,1.1,1518,5.4,0.0,1.0,0.0,Spring,No Holiday,Yes
14/04/2018,18,7,8.2,88,0.7,607,6.3,0.01,2.0,0.0,Spring,No Holiday,Yes
14/04/2018,17,8,7.7,88,1.4,516,5.8,0.08,1.0,0.0,Spring,No Holiday,Yes
14/04/2018,17,9,7.5,94,1.5,506,6.5,0.15,1.5,0.0,Spring,No Holiday,Yes
14/04/2018,43,10,7.7,94,1.0,685,6.7,0.28,1.5,0.0,Spring,No Holiday,Yes
14/04/2018,52,11,8.1,94,1.2,802,7.1,0.39,0.5,0.0,Spring,No Holiday,Yes
14/04/2018,75,12,8.6,94,1.1,389,7.6,0.49,0.0,0.0,Spring,No Holiday,Yes
14/04/2018,70,13,8.8,93,1.7,597,7.7,0.38,0.0,0.0,Spring,No Holiday,Yes
14/04/2018,122,14,8.9,94,1.3,1129,7.9,0.29,0.5,0.0,Spring,No Holiday,Yes
14/04/2018,203,15,8.6,88,3.2,1211,6.7,0.17,0.0,0.0,Spring,No Holiday,Yes
14/04/2018,445,16,8.9,87,1.8,2000,6.8,0.32,0.0,0.0,Spring,No Holiday,Yes
14/04/2018,675,17,9.3,81,2.4,2000,6.1,0.52,0.0,0.0,Spring,No Holiday,Yes
14/04/2018,706,18,9.6,79,1.8,2000,6.1,0.39,0.0,0.0,Spring,No Holiday,Yes
14/04/2018,612,19,9.5,76,2.3,2000,5.4,0.02,0.0,0.0,Spring,No Holiday,Yes
14/04/2018,640,20,9.4,76,2.6,1376,5.3,0.0,0.0,0.0,Spring,No Holiday,Yes
14/04/2018,633,21,9.1,76,3.5,1113,5.0,0.0,0.0,0.0,Spring,No Holiday,Yes
14/04/2018,586,22,8.8,77,3.2,1258,4.9,0.0,0.0,0.0,Spring,No Holiday,Yes
14/04/2018,503,23,8.4,77,3.8,1662,4.5,0.0,0.0,0.0,Spring,No Holiday,Yes
15/04/2018,475,0,7.8,78,1.8,1741,4.1,0.0,0.0,0.0,Spring,No Holiday,Yes
15/04/2018,349,1,7.1,78,3.6,1662,3.5,0.0,0.0,0.0,Spring,No Holiday,Yes
15/04/2018,254,2,6.7,80,2.8,1342,3.4,0.0,0.0,0.0,Spring,No Holiday,Yes
15/04/2018,183,3,6.4,83,2.3,1158,3.7,0.0,0.0,0.0,Spring,No Holiday,Yes
15/04/2018,110,4,6.0,84,1.7,951,3.4,0.0,0.0,0.0,Spring,No Holiday,Yes
15/04/2018,65,5,5.8,85,1.3,829,3.4,0.0,0.0,0.0,Spring,No Holiday,Yes
15/04/2018,102,6,5.6,85,1.2,769,3.2,0.0,0.0,0.0,Spring,No Holiday,Yes
15/04/2018,223,7,5.8,83,1.1,733,3.1,0.15,0.0,0.0,Spring,No Holiday,Yes
15/04/2018,401,8,7.0,78,0.9,656,3.4,0.56,0.0,0.0,Spring,No Holiday,Yes
15/04/2018,513,9,8.6,66,1.7,881,2.5,1.16,0.0,0.0,Spring,No Holiday,Yes
15/04/2018,582,10,10.3,62,2.1,914,3.3,1.76,0.0,0.0,Spring,No Holiday,Yes
15/04/2018,797,11,11.8,57,2.6,1041,3.5,2.18,0.0,0.0,Spring,No Holiday,Yes
15/04/2018,1105,12,12.5,53,3.4,1324,3.1,2.52,0.0,0.0,Spring,No Holiday,Yes
15/04/2018,1229,13,13.5,46,3.4,1325,2.0,2.71,0.0,0.0,Spring,No Holiday,Yes
15/04/2018,1083,14,13.7,50,3.7,1218,3.4,2.3,0.0,0.0,Spring,No Holiday,Yes
15/04/2018,62,15,13.1,54,4.1,1264,3.9,1.98,0.0,0.0,Spring,No Holiday,Yes
15/04/2018,124,16,12.0,61,3.6,1374,4.6,0.57,0.0,0.0,Spring,No Holiday,Yes
15/04/2018,42,17,11.8,60,2.9,1457,4.2,0.6,0.0,0.0,Spring,No Holiday,Yes
15/04/2018,343,18,11.9,58,2.2,1645,3.8,0.61,0.0,0.0,Spring,No Holiday,Yes
15/04/2018,317,19,11.0,62,2.1,1661,3.9,0.19,0.0,0.0,Spring,No Holiday,Yes
15/04/2018,297,20,10.3,62,2.0,1749,3.3,0.0,0.0,0.0,Spring,No Holiday,Yes
15/04/2018,464,21,9.6,66,1.7,1850,3.5,0.0,0.0,0.0,Spring,No Holiday,Yes
15/04/2018,620,22,9.0,65,1.7,1953,2.7,0.0,0.0,0.0,Spring,No Holiday,Yes
15/04/2018,467,23,8.6,69,2.2,1730,3.2,0.0,0.0,0.0,Spring,No Holiday,Yes
16/04/2018,401,0,8.3,59,2.1,1912,0.7,0.0,0.0,0.0,Spring,No Holiday,Yes
16/04/2018,226,1,7.6,62,1.2,1885,0.7,0.0,0.0,0.0,Spring,No Holiday,Yes
16/04/2018,126,2,7.1,64,0.9,1756,0.7,0.0,0.0,0.0,Spring,No Holiday,Yes
16/04/2018,107,3,6.4,67,1.4,1668,0.7,0.0,0.0,0.0,Spring,No Holiday,Yes
16/04/2018,75,4,5.9,68,0.7,1590,0.4,0.0,0.0,0.0,Spring,No Holiday,Yes
16/04/2018,132,5,5.3,73,0.8,1474,0.8,0.0,0.0,0.0,Spring,No Holiday,Yes
16/04/2018,405,6,5.0,70,0.7,1739,0.0,0.0,0.0,0.0,Spring,No Holiday,Yes
16/04/2018,1049,7,5.0,67,1.0,1774,-0.6,0.18,0.0,0.0,Spring,No Holiday,Yes
16/04/2018,1713,8,6.9,54,0.7,1706,-1.7,0.85,0.0,0.0,Spring,No Holiday,Yes
16/04/2018,922,9,10.1,42,0.8,1911,-2.2,1.57,0.0,0.0,Spring,No Holiday,Yes
16/04/2018,700,10,12.4,34,1.2,1943,-3.0,2.24,0.0,0.0,Spring,No Holiday,Yes
16/04/2018,855,11,14.1,32,1.3,2000,-2.3,2.67,0.0,0.0,Spring,No Holiday,Yes
16/04/2018,1052,12,15.5,33,2.5,1893,-0.7,3.1,0.0,0.0,Spring,No Holiday,Yes
16/04/2018,973,13,16.6,30,2.3,1876,-1.0,3.21,0.0,0.0,Spring,No Holiday,Yes
16/04/2018,1016,14,18.0,28,1.6,1820,-0.8,3.11,0.0,0.0,Spring,No Holiday,Yes
16/04/2018,1145,15,18.4,25,2.0,1809,-2.0,2.8,0.0,0.0,Spring,No Holiday,Yes
16/04/2018,1452,16,18.5,24,3.0,1773,-2.4,2.27,0.0,0.0,Spring,No Holiday,Yes
16/04/2018,1753,17,18.7,21,2.5,1871,-4.1,1.65,0.0,0.0,Spring,No Holiday,Yes
16/04/2018,2692,18,17.0,28,3.1,2000,-1.6,0.88,0.0,0.0,Spring,No Holiday,Yes
16/04/2018,1719,19,13.8,32,3.4,1992,-2.6,0.26,0.0,0.0,Spring,No Holiday,Yes
16/04/2018,1498,20,12.1,35,2.4,1954,-2.9,0.0,0.0,0.0,Spring,No Holiday,Yes
16/04/2018,1355,21,11.1,39,1.5,1734,-2.3,0.0,0.0,0.0,Spring,No Holiday,Yes
16/04/2018,1099,22,10.8,33,0.9,2000,-4.8,0.0,0.0,0.0,Spring,No Holiday,Yes
16/04/2018,733,23,9.7,33,0.4,2000,-5.8,0.0,0.0,0.0,Spring,No Holiday,Yes
17/04/2018,503,0,9.6,31,0.8,2000,-6.7,0.0,0.0,0.0,Spring,No Holiday,Yes
17/04/2018,421,1,9.0,36,1.0,1994,-5.3,0.0,0.0,0.0,Spring,No Holiday,Yes
17/04/2018,237,2,8.4,45,0.9,1987,-2.8,0.0,0.0,0.0,Spring,No Holiday,Yes
17/04/2018,164,3,7.8,49,1.0,1975,-2.2,0.0,0.0,0.0,Spring,No Holiday,Yes
17/04/2018,110,4,7.6,52,0.4,1935,-1.6,0.0,0.0,0.0,Spring,No Holiday,Yes
17/04/2018,143,5,7.4,56,0.6,1746,-0.8,0.0,0.0,0.0,Spring,No Holiday,Yes
17/04/2018,406,6,6.9,57,0.5,1775,-1.0,0.0,0.0,0.0,Spring,No Holiday,Yes
17/04/2018,1100,7,6.9,57,1.1,1633,-1.0,0.18,0.0,0.0,Spring,No Holiday,Yes
17/04/2018,1920,8,8.7,49,0.8,1520,-1.4,0.68,0.0,0.0,Spring,No Holiday,Yes
17/04/2018,1013,9,12.0,39,0.6,1386,-1.5,1.44,0.0,0.0,Spring,No Holiday,Yes
17/04/2018,731,10,14.7,31,1.1,1240,-2.2,2.04,0.0,0.0,Spring,No Holiday,Yes
17/04/2018,822,11,16.9,27,1.5,1354,-2.2,2.66,0.0,0.0,Spring,No Holiday,Yes
17/04/2018,1112,12,18.0,26,2.2,1459,-1.8,3.03,0.0,0.0,Spring,No Holiday,Yes
17/04/2018,1007,13,19.1,26,2.5,1134,-0.8,3.16,0.0,0.0,Spring,No Holiday,Yes
17/04/2018,1037,14,19.8,23,2.6,1472,-1.9,3.01,0.0,0.0,Spring,No Holiday,Yes
17/04/2018,1120,15,19.9,26,3.5,1628,-0.1,2.8,0.0,0.0,Spring,No Holiday,Yes
17/04/2018,1312,16,19.5,28,3.0,1605,0.4,2.24,0.0,0.0,Spring,No Holiday,Yes
17/04/2018,1632,17,18.3,29,4.3,1626,0.0,1.61,0.0,0.0,Spring,No Holiday,Yes
17/04/2018,1727,18,17.1,31,3.3,1501,-0.1,0.93,0.0,0.0,Spring,No Holiday,Yes
17/04/2018,1356,19,14.5,31,3.1,1558,-2.4,0.25,0.0,0.0,Spring,No Holiday,Yes
17/04/2018,1290,20,12.5,31,3.8,1746,-4.2,0.0,0.0,0.0,Spring,No Holiday,Yes
17/04/2018,1320,21,11.7,31,2.6,1617,-4.9,0.0,0.0,0.0,Spring,No Holiday,Yes
17/04/2018,1071,22,11.0,34,1.2,1529,-4.2,0.0,0.0,0.0,Spring,No Holiday,Yes
17/04/2018,680,23,10.1,41,1.1,1509,-2.5,0.0,0.0,0.0,Spring,No Holiday,Yes
18/04/2018,515,0,9.6,44,2.2,1417,-2.0,0.0,0.0,0.0,Spring,No Holiday,Yes
18/04/2018,375,1,8.9,45,2.1,1456,-2.4,0.0,0.0,0.0,Spring,No Holiday,Yes
18/04/2018,260,2,8.7,44,1.6,1684,-2.8,0.0,0.0,0.0,Spring,No Holiday,Yes
18/04/2018,164,3,7.9,45,0.7,1770,-3.3,0.0,0.0,0.0,Spring,No Holiday,Yes
18/04/2018,105,4,7.2,49,0.8,1546,-2.8,0.0,0.0,0.0,Spring,No Holiday,Yes
18/04/2018,154,5,6.7,50,1.6,1774,-3.0,0.0,0.0,0.0,Spring,No Holiday,Yes
18/04/2018,395,6,6.2,52,0.8,1609,-2.9,0.0,0.0,0.0,Spring,No Holiday,Yes
18/04/2018,1083,7,6.4,51,1.0,1398,-3.0,0.19,0.0,0.0,Spring,No Holiday,Yes
18/04/2018,1815,8,8.3,36,0.6,1335,-5.9,0.82,0.0,0.0,Spring,No Holiday,Yes
18/04/2018,987,9,11.2,31,1.7,1299,-5.3,1.59,0.0,0.0,Spring,No Holiday,Yes
18/04/2018,761,10,13.7,26,2.3,1476,-5.4,2.25,0.0,0.0,Spring,No Holiday,Yes
18/04/2018,845,11,15.5,22,1.4,1762,-6.1,2.82,0.0,0.0,Spring,No Holiday,Yes
18/04/2018,1047,12,16.5,17,3.3,1819,-8.6,3.13,0.0,0.0,Spring,No Holiday,Yes
18/04/2018,975,13,17.7,16,2.8,1824,-8.4,3.27,0.0,0.0,Spring,No Holiday,Yes
18/04/2018,967,14,18.9,15,1.8,1822,-8.3,3.17,0.0,0.0,Spring,No Holiday,Yes
18/04/2018,1149,15,19.0,21,3.3,1716,-3.8,2.88,0.0,0.0,Spring,No Holiday,Yes
18/04/2018,1346,16,18.5,22,2.7,1515,-3.6,2.27,0.0,0.0,Spring,No Holiday,Yes
18/04/2018,1738,17,17.8,26,3.3,1439,-1.9,1.63,0.0,0.0,Spring,No Holiday,Yes
18/04/2018,1918,18,16.6,33,3.4,1182,0.2,0.86,0.0,0.0,Spring,No Holiday,Yes
18/04/2018,842,19,14.7,40,2.4,1207,1.2,0.21,0.0,0.0,Spring,No Holiday,Yes
18/04/2018,1346,20,13.0,41,2.3,1164,0.0,0.0,0.0,0.0,Spring,No Holiday,Yes
18/04/2018,1209,21,12.1,40,2.0,1308,-1.1,0.0,0.0,0.0,Spring,No Holiday,Yes
18/04/2018,1003,22,11.3,42,1.6,1189,-1.1,0.0,0.0,0.0,Spring,No Holiday,Yes
18/04/2018,671,23,10.7,42,0.9,1236,-1.7,0.0,0.0,0.0,Spring,No Holiday,Yes
19/04/2018,520,0,9.8,44,1.4,1268,-1.8,0.0,0.0,0.0,Spring,No Holiday,Yes
19/04/2018,42,1,9.3,45,0.8,1263,-2.0,0.0,0.0,0.0,Spring,No Holiday,Yes
19/04/2018,281,2,8.8,49,0.7,1272,-1.3,0.0,0.0,0.0,Spring,No Holiday,Yes
19/04/2018,206,3,8.6,53,1.5,1185,-0.4,0.0,0.0,0.0,Spring,No Holiday,Yes
19/04/2018,125,4,8.3,53,1.1,1007,-0.7,0.0,0.0,0.0,Spring,No Holiday,Yes
19/04/2018,153,5,7.9,59,1.4,1005,0.3,0.0,0.0,0.0,Spring,No Holiday,Yes
19/04/2018,367,6,7.6,55,1.2,1021,-0.8,0.0,0.0,0.0,Spring,No Holiday,Yes
19/04/2018,254,7,7.7,48,0.4,1110,-2.6,0.19,0.0,0.0,Spring,No Holiday,Yes
19/04/2018,20,8,9.6,39,0.8,1003,-3.7,0.79,0.0,0.0,Spring,No Holiday,Yes
19/04/2018,316,9,12.4,29,1.5,1380,-5.1,1.49,0.0,0.0,Spring,No Holiday,Yes
19/04/2018,139,10,14.7,29,1.7,1070,-3.1,2.07,0.0,0.0,Spring,No Holiday,Yes
19/04/2018,795,11,16.1,23,2.5,1361,-5.0,2.52,0.0,0.0,Spring,No Holiday,Yes
19/04/2018,919,12,17.8,21,2.7,1335,-4.8,2.79,0.0,0.0,Spring,No Holiday,Yes
19/04/2018,930,13,19.2,17,2.2,1448,-6.4,2.89,0.0,0.0,Spring,No Holiday,Yes
19/04/2018,996,14,20.5,17,3.1,1512,-5.4,2.83,0.0,0.0,Spring,No Holiday,Yes
19/04/2018,1039,15,20.2,21,4.8,1161,-2.8,2.53,0.0,0.0,Spring,No Holiday,Yes
19/04/2018,1198,16,19.8,25,4.4,1132,-0.8,2.02,0.0,0.0,Spring,No Holiday,Yes
19/04/2018,1534,17,20.1,27,1.9,1088,0.4,1.38,0.0,0.0,Spring,No Holiday,Yes
19/04/2018,2198,18,19.1,31,3.0,958,1.5,0.7,0.0,0.0,Spring,No Holiday,Yes
19/04/2018,1489,19,17.4,34,2.2,779,1.3,0.16,0.0,0.0,Spring,No Holiday,Yes
19/04/2018,1313,20,15.5,38,1.7,745,1.2,0.0,0.0,0.0,Spring,No Holiday,Yes
19/04/2018,1165,21,14.2,44,2.4,1290,2.1,0.0,0.0,0.0,Spring,No Holiday,Yes
19/04/2018,1054,22,13.4,49,1.1,1326,2.8,0.0,0.0,0.0,Spring,No Holiday,Yes
19/04/2018,677,23,12.9,51,1.7,1200,2.9,0.0,0.0,0.0,Spring,No Holiday,Yes
20/04/2018,553,0,12.4,56,0.5,1028,3.8,0.0,0.0,0.0,Spring,No Holiday,Yes
20/04/2018,436,1,11.8,60,0.2,918,4.2,0.0,0.0,0.0,Spring,No Holiday,Yes
20/04/2018,305,2,11.7,63,0.5,904,4.8,0.0,0.0,0.0,Spring,No Holiday,Yes
20/04/2018,188,3,11.3,61,0.3,934,4.0,0.0,0.0,0.0,Spring,No Holiday,Yes
20/04/2018,134,4,11.4,60,0.8,932,3.8,0.0,0.0,0.0,Spring,No Holiday,Yes
20/04/2018,168,5,11.4,60,0.4,851,3.8,0.0,0.0,0.0,Spring,No Holiday,Yes
20/04/2018,414,6,11.2,63,0.7,821,4.4,0.0,0.0,0.0,Spring,No Holiday,Yes
20/04/2018,979,7,11.3,62,0.7,774,4.2,0.17,0.0,0.0,Spring,No Holiday,Yes
20/04/2018,1659,8,13.0,54,1.2,738,3.8,0.68,0.0,0.0,Spring,No Holiday,Yes
20/04/2018,962,9,15.8,42,0.9,683,2.8,1.37,0.0,0.0,Spring,No Holiday,Yes
20/04/2018,708,10,18.2,36,1.0,620,2.8,1.99,0.0,0.0,Spring,No Holiday,Yes
20/04/2018,805,11,20.6,34,2.2,705,4.1,2.51,0.0,0.0,Spring,No Holiday,Yes
20/04/2018,1019,12,22.5,33,1.8,894,5.4,2.88,0.0,0.0,Spring,No Holiday,Yes
20/04/2018,973,13,24.2,30,1.5,835,5.5,3.03,0.0,0.0,Spring,No Holiday,Yes
20/04/2018,970,14,25.9,28,2.2,808,5.9,2.92,0.0,0.0,Spring,No Holiday,Yes
20/04/2018,1080,15,26.1,27,1.8,581,5.6,2.59,0.0,0.0,Spring,No Holiday,Yes
20/04/2018,1206,16,25.7,30,3.4,600,6.8,2.07,0.0,0.0,Spring,No Holiday,Yes
20/04/2018,1543,17,25.6,30,2.3,671,6.7,1.47,0.0,0.0,Spring,No Holiday,Yes
20/04/2018,2268,18,24.7,33,2.3,687,7.3,0.78,0.0,0.0,Spring,No Holiday,Yes
20/04/2018,1578,19,22.9,35,1.8,714,6.6,0.22,0.0,0.0,Spring,No Holiday,Yes
20/04/2018,1358,20,21.1,43,1.8,788,8.0,0.0,0.0,0.0,Spring,No Holiday,Yes
20/04/2018,1213,21,19.2,50,1.5,842,8.5,0.0,0.0,0.0,Spring,No Holiday,Yes
20/04/2018,1183,22,18.2,52,1.3,818,8.1,0.0,0.0,0.0,Spring,No Holiday,Yes
20/04/2018,891,23,17.3,57,0.6,807,8.6,0.0,0.0,0.0,Spring,No Holiday,Yes
21/04/2018,707,0,16.3,59,0.2,756,8.2,0.0,0.0,0.0,Spring,No Holiday,Yes
21/04/2018,628,1,15.5,60,1.1,658,7.7,0.0,0.0,0.0,Spring,No Holiday,Yes
21/04/2018,436,2,14.7,63,1.8,611,7.7,0.0,0.0,0.0,Spring,No Holiday,Yes
21/04/2018,307,3,14.2,62,1.4,583,7.0,0.0,0.0,0.0,Spring,No Holiday,Yes
21/04/2018,166,4,13.6,67,1.6,521,7.5,0.0,0.0,0.0,Spring,No Holiday,Yes
21/04/2018,122,5,13.0,70,0.5,385,7.6,0.0,0.0,0.0,Spring,No Holiday,Yes
21/04/2018,184,6,12.3,67,0.5,483,6.3,0.0,0.0,0.0,Spring,No Holiday,Yes
21/04/2018,324,7,12.5,68,1.1,457,6.7,0.22,0.0,0.0,Spring,No Holiday,Yes
21/04/2018,600,8,14.6,54,0.9,431,5.3,0.89,0.0,0.0,Spring,No Holiday,Yes
21/04/2018,647,9,18.1,33,1.1,512,1.5,1.61,0.0,0.0,Spring,No Holiday,Yes
21/04/2018,702,10,20.6,24,2.0,950,-0.7,2.29,0.0,0.0,Spring,No Holiday,Yes
21/04/2018,872,11,23.1,19,2.0,1172,-1.8,2.85,0.0,0.0,Spring,No Holiday,Yes
21/04/2018,1130,12,24.3,14,3.3,1701,-4.9,3.19,0.0,0.0,Spring,No Holiday,Yes
21/04/2018,1315,13,24.6,10,2.7,2000,-9.0,3.31,0.0,0.0,Spring,No Holiday,Yes
21/04/2018,1511,14,25.0,14,3.8,1858,-4.3,3.29,0.0,0.0,Spring,No Holiday,Yes
21/04/2018,1730,15,25.0,13,4.1,2000,-5.3,2.98,0.0,0.0,Spring,No Holiday,Yes
21/04/2018,1942,16,24.8,13,3.3,1955,-5.5,2.5,0.0,0.0,Spring,No Holiday,Yes
21/04/2018,2032,17,23.2,12,3.6,2000,-7.8,1.69,0.0,0.0,Spring,No Holiday,Yes
21/04/2018,1986,18,22.2,11,3.0,2000,-9.7,0.98,0.0,0.0,Spring,No Holiday,Yes
21/04/2018,1711,19,20.7,15,2.0,2000,-6.9,0.34,0.0,0.0,Spring,No Holiday,Yes
21/04/2018,1581,20,19.1,18,1.2,2000,-5.8,0.0,0.0,0.0,Spring,No Holiday,Yes
21/04/2018,1491,21,17.8,21,1.2,2000,-4.8,0.0,0.0,0.0,Spring,No Holiday,Yes
21/04/2018,1292,22,16.7,28,1.0,1996,-1.9,0.0,0.0,0.0,Spring,No Holiday,Yes
21/04/2018,988,23,16.0,33,0.5,1996,-0.2,0.0,0.0,0.0,Spring,No Holiday,Yes
22/04/2018,826,0,15.9,35,0.3,1995,0.4,0.0,0.0,0.0,Spring,No Holiday,Yes
22/04/2018,578,1,15.9,39,0.2,2000,1.9,0.0,0.0,0.0,Spring,No Holiday,Yes
22/04/2018,410,2,15.4,41,0.5,1319,2.1,0.0,0.0,0.0,Spring,No Holiday,Yes
22/04/2018,289,3,15.2,31,0.3,2000,-1.8,0.0,0.0,0.0,Spring,No Holiday,Yes
22/04/2018,192,4,14.9,35,0.8,2000,-0.4,0.0,0.0,0.0,Spring,No Holiday,Yes
22/04/2018,136,5,14.8,38,0.6,2000,0.5,0.0,0.0,0.0,Spring,No Holiday,Yes
22/04/2018,155,6,14.6,42,0.5,2000,1.8,0.0,0.0,0.0,Spring,No Holiday,Yes
22/04/2018,278,7,15.0,41,0.3,2000,1.8,0.12,0.0,0.0,Spring,No Holiday,Yes
22/04/2018,429,8,16.3,40,0.8,1982,2.6,0.25,0.0,0.0,Spring,No Holiday,Yes
22/04/2018,247,9,16.9,45,0.9,1958,4.8,0.27,0.0,0.0,Spring,No Holiday,Yes
22/04/2018,486,10,16.3,62,0.8,1639,8.9,0.27,0.3,0.0,Spring,No Holiday,Yes
22/04/2018,424,11,17.4,54,0.9,1840,7.9,0.51,0.0,0.0,Spring,No Holiday,Yes
22/04/2018,631,12,18.9,44,0.9,1910,6.3,0.75,0.0,0.0,Spring,No Holiday,Yes
22/04/2018,842,13,20.5,35,1.1,2000,4.4,1.13,0.0,0.0,Spring,No Holiday,Yes
22/04/2018,384,14,20.7,32,1.5,1996,3.3,0.69,0.0,0.0,Spring,No Holiday,Yes
22/04/2018,234,15,19.6,44,2.4,1885,7.0,0.47,0.2,0.0,Spring,No Holiday,Yes
22/04/2018,103,16,19.1,52,0.9,1583,9.0,0.37,0.0,0.0,Spring,No Holiday,Yes
22/04/2018,46,17,17.9,65,1.2,965,11.2,0.13,1.0,0.0,Spring,No Holiday,Yes
22/04/2018,63,18,16.1,73,1.3,1298,11.2,0.11,0.5,0.0,Spring,No Holiday,Yes
22/04/2018,32,19,15.2,64,1.7,1185,8.4,0.02,0.5,0.0,Spring,No Holiday,Yes
22/04/2018,12,20,13.3,80,1.8,821,9.9,0.0,1.5,0.0,Spring,No Holiday,Yes
22/04/2018,24,21,12.0,86,2.3,681,9.7,0.0,2.5,0.0,Spring,No Holiday,Yes
22/04/2018,13,22,11.6,89,2.0,469,9.8,0.0,4.0,0.0,Spring,No Holiday,Yes
22/04/2018,18,23,11.3,94,1.6,368,10.3,0.0,3.0,0.0,Spring,No Holiday,Yes
23/04/2018,81,0,10.7,94,2.6,477,9.7,0.0,2.0,0.0,Spring,No Holiday,Yes
23/04/2018,41,1,10.6,87,2.3,1523,8.5,0.0,0.1,0.0,Spring,No Holiday,Yes
23/04/2018,21,2,10.2,90,2.2,490,8.6,0.0,0.9,0.0,Spring,No Holiday,Yes
23/04/2018,8,3,9.9,93,2.3,990,8.8,0.0,0.5,0.0,Spring,No Holiday,Yes
23/04/2018,2,4,9.5,95,2.4,410,8.7,0.0,3.5,0.0,Spring,No Holiday,Yes
23/04/2018,6,5,9.2,95,2.3,404,8.4,0.0,2.5,0.0,Spring,No Holiday,Yes
23/04/2018,5,6,9.1,95,2.7,373,8.3,0.0,7.0,0.0,Spring,No Holiday,Yes
23/04/2018,17,7,9.0,95,2.3,294,8.2,0.0,6.0,0.0,Spring,No Holiday,Yes
23/04/2018,25,8,8.8,95,2.8,519,8.0,0.03,5.0,0.0,Spring,No Holiday,Yes
23/04/2018,9,9,8.5,95,2.6,447,7.7,0.1,8.0,0.0,Spring,No Holiday,Yes
23/04/2018,12,10,8.6,95,2.5,578,7.8,0.2,4.0,0.0,Spring,No Holiday,Yes
23/04/2018,10,11,8.9,91,2.2,437,7.5,0.29,1.5,0.0,Spring,No Holiday,Yes
23/04/2018,10,12,9.0,96,1.9,481,8.3,0.43,5.5,0.0,Spring,No Holiday,Yes
23/04/2018,11,13,9.3,95,2.3,419,8.5,0.4,2.5,0.0,Spring,No Holiday,Yes
23/04/2018,17,14,9.4,96,2.6,304,8.7,0.39,4.0,0.0,Spring,No Holiday,Yes
23/04/2018,14,15,9.5,96,2.2,350,8.8,0.31,1.5,0.0,Spring,No Holiday,Yes
23/04/2018,41,16,9.6,96,1.7,1409,8.9,0.23,1.0,0.0,Spring,No Holiday,Yes
23/04/2018,42,17,9.4,95,1.9,660,8.6,0.11,0.5,0.0,Spring,No Holiday,Yes
23/04/2018,39,18,9.4,96,1.9,600,8.7,0.07,1.0,0.0,Spring,No Holiday,Yes
23/04/2018,50,19,9.4,95,1.8,531,8.6,0.03,1.5,0.0,Spring,No Holiday,Yes
23/04/2018,37,20,9.4,95,1.6,740,8.6,0.0,1.0,0.0,Spring,No Holiday,Yes
23/04/2018,82,21,9.4,94,2.1,869,8.4,0.0,1.5,0.0,Spring,No Holiday,Yes
23/04/2018,164,22,9.6,90,1.9,2000,8.0,0.0,0.0,0.0,Spring,No Holiday,Yes
23/04/2018,233,23,9.8,87,1.9,2000,7.7,0.0,0.0,0.0,Spring,No Holiday,Yes
24/04/2018,213,0,9.8,86,1.3,2000,7.5,0.0,0.0,0.0,Spring,No Holiday,Yes
24/04/2018,157,1,10.1,83,1.6,2000,7.3,0.0,0.0,0.0,Spring,No Holiday,Yes
24/04/2018,68,2,10.1,83,1.4,2000,7.3,0.0,0.1,0.0,Spring,No Holiday,Yes
24/04/2018,35,3,9.6,94,1.3,523,8.6,0.0,2.4,0.0,Spring,No Holiday,Yes
24/04/2018,34,4,9.5,94,1.2,2000,8.5,0.0,0.5,0.0,Spring,No Holiday,Yes
24/04/2018,77,5,9.4,93,1.3,2000,8.3,0.0,0.0,0.0,Spring,No Holiday,Yes
24/04/2018,262,6,9.6,87,2.0,2000,7.5,0.0,0.0,0.0,Spring,No Holiday,Yes
24/04/2018,751,7,9.8,84,1.3,2000,7.2,0.04,0.0,0.0,Spring,No Holiday,Yes
24/04/2018,1502,8,10.5,79,1.3,2000,7.0,0.29,0.0,0.0,Spring,No Holiday,Yes
24/04/2018,814,9,12.0,71,1.4,2000,6.8,0.92,0.0,0.0,Spring,No Holiday,Yes
24/04/2018,638,10,12.9,68,1.3,2000,7.1,0.97,0.0,0.0,Spring,No Holiday,Yes
24/04/2018,710,11,14.1,62,1.6,2000,6.9,1.08,0.0,0.0,Spring,No Holiday,Yes
24/04/2018,925,12,15.2,57,1.9,2000,6.7,1.33,0.0,0.0,Spring,No Holiday,Yes
24/04/2018,923,13,15.9,53,2.1,2000,6.3,1.54,0.0,0.0,Spring,No Holiday,Yes
24/04/2018,942,14,16.0,52,1.7,2000,6.1,1.22,0.0,0.0,Spring,No Holiday,Yes
24/04/2018,971,15,16.1,52,1.5,2000,6.2,0.93,0.0,0.0,Spring,No Holiday,Yes
24/04/2018,1118,16,15.5,52,1.7,2000,5.6,0.7,0.0,0.0,Spring,No Holiday,Yes
24/04/2018,1462,17,15.1,52,1.9,2000,5.3,0.64,0.0,0.0,Spring,No Holiday,Yes
24/04/2018,2318,18,14.1,43,1.6,2000,1.6,0.36,0.0,0.0,Spring,No Holiday,Yes
24/04/2018,1580,19,13.3,37,1.2,2000,-1.1,0.12,0.0,0.0,Spring,No Holiday,Yes
24/04/2018,1332,20,12.6,49,0.8,2000,2.1,0.0,0.0,0.0,Spring,No Holiday,Yes
24/04/2018,1372,21,11.5,47,1.1,2000,0.5,0.0,0.0,0.0,Spring,No Holiday,Yes
24/04/2018,1215,22,10.4,43,0.7,2000,-1.6,0.0,0.0,0.0,Spring,No Holiday,Yes
24/04/2018,725,23,9.6,44,0.7,2000,-2.0,0.0,0.0,0.0,Spring,No Holiday,Yes
25/04/2018,536,0,8.9,55,0.7,2000,0.3,0.0,0.0,0.0,Spring,No Holiday,Yes
25/04/2018,444,1,8.4,58,1.1,2000,0.6,0.0,0.0,0.0,Spring,No Holiday,Yes
25/04/2018,306,2,7.7,60,0.3,1993,0.4,0.0,0.0,0.0,Spring,No Holiday,Yes
25/04/2018,206,3,7.1,60,0.3,2000,-0.1,0.0,0.0,0.0,Spring,No Holiday,Yes
25/04/2018,117,4,6.4,66,0.5,2000,0.4,0.0,0.0,0.0,Spring,No Holiday,Yes
25/04/2018,148,5,6.0,63,0.5,1984,-0.5,0.0,0.0,0.0,Spring,No Holiday,Yes
25/04/2018,449,6,5.8,55,0.3,2000,-2.5,0.0,0.0,0.0,Spring,No Holiday,Yes
25/04/2018,1123,7,6.4,51,0.3,1963,-3.0,0.27,0.0,0.0,Spring,No Holiday,Yes
25/04/2018,1900,8,8.8,37,0.9,1939,-5.1,0.89,0.0,0.0,Spring,No Holiday,Yes
25/04/2018,1066,9,11.7,32,0.8,1862,-4.4,1.6,0.0,0.0,Spring,No Holiday,Yes
25/04/2018,756,10,14.8,29,0.6,1749,-3.0,2.2,0.0,0.0,Spring,No Holiday,Yes
25/04/2018,938,11,17.5,25,1.3,1843,-2.7,2.74,0.0,0.0,Spring,No Holiday,Yes
25/04/2018,1192,12,19.4,20,1.1,1663,-4.1,3.08,0.0,0.0,Spring,No Holiday,Yes
25/04/2018,1141,13,20.8,23,1.7,1467,-1.1,3.18,0.0,0.0,Spring,No Holiday,Yes
25/04/2018,1161,14,22.1,22,2.1,1470,-0.6,3.12,0.0,0.0,Spring,No Holiday,Yes
25/04/2018,1180,15,22.8,21,2.1,1542,-0.6,2.75,0.0,0.0,Spring,No Holiday,Yes
25/04/2018,1447,16,23.1,19,3.1,1871,-1.8,2.26,0.0,0.0,Spring,No Holiday,Yes
25/04/2018,1878,17,22.9,23,2.8,1985,0.6,1.64,0.0,0.0,Spring,No Holiday,Yes
25/04/2018,2807,18,21.2,32,3.8,1927,3.8,0.94,0.0,0.0,Spring,No Holiday,Yes
25/04/2018,1958,19,18.2,36,3.5,2000,2.8,0.29,0.0,0.0,Spring,No Holiday,Yes
25/04/2018,1651,20,16.8,29,4.3,1971,-1.3,0.01,0.0,0.0,Spring,No Holiday,Yes
25/04/2018,1593,21,15.9,35,1.4,1999,0.4,0.0,0.0,0.0,Spring,No Holiday,Yes
25/04/2018,1382,22,15.2,35,1.2,1999,-0.1,0.0,0.0,0.0,Spring,No Holiday,Yes
25/04/2018,906,23,14.0,45,0.6,1901,2.2,0.0,0.0,0.0,Spring,No Holiday,Yes
