Date,Rented Bike Count,Hour,Temperature(°C),Humidity(%),Wind speed (m/s),Visibility (10m),Dew point temperature(°C),Solar Radiation (MJ/m2),Rainfall(mm),Snowfall (cm),Seasons,Holiday,Functioning Day
26/04/2018,692,0,13.1,47,0.3,1877,2.0,0.0,0.0,0.0,Spring,No Holiday,Yes
26/04/2018,546,1,12.4,55,1.0,1836,3.5,0.0,0.0,0.0,Spring,No Holiday,Yes
26/04/2018,409,2,11.9,57,1.0,1793,3.6,0.0,0.0,0.0,Spring,No Holiday,Yes
26/04/2018,239,3,11.3,66,1.0,1506,5.1,0.0,0.0,0.0,Spring,No Holiday,Yes
26/04/2018,140,4,10.7,70,0.7,1404,5.4,0.0,0.0,0.0,Spring,No Holiday,Yes
26/04/2018,180,5,10.2,73,0.8,1137,5.5,0.0,0.0,0.0,Spring,No Holiday,Yes
26/04/2018,452,6,10.0,72,0.8,1217,5.1,0.01,0.0,0.0,Spring,No Holiday,Yes
26/04/2018,1124,7,10.7,68,0.8,1093,5.0,0.27,0.0,0.0,Spring,No Holiday,Yes
26/04/2018,1933,8,11.7,62,0.6,956,4.6,0.62,0.0,0.0,Spring,No Holiday,Yes
26/04/2018,1027,9,14.0,54,1.5,1054,4.8,1.37,0.0,0.0,Spring,No Holiday,Yes
26/04/2018,745,10,16.7,47,2.2,1147,5.3,2.26,0.0,0.0,Spring,No Holiday,Yes
26/04/2018,930,11,18.1,42,2.7,1112,4.9,2.17,0.0,0.0,Spring,No Holiday,Yes
26/04/2018,1197,12,19.6,36,2.2,962,4.1,2.55,0.0,0.0,Spring,No Holiday,Yes
26/04/2018,1084,13,20.6,30,2.4,1048,2.3,2.67,0.0,0.0,Spring,No Holiday,Yes
26/04/2018,1123,14,21.6,28,3.1,1414,2.2,2.84,0.0,0.0,Spring,No Holiday,Yes
26/04/2018,1227,15,21.9,23,2.6,1463,-0.1,2.66,0.0,0.0,Spring,No Holiday,Yes
26/04/2018,1386,16,21.7,23,2.5,1404,-0.3,1.97,0.0,0.0,Spring,No Holiday,Yes
26/04/2018,1796,17,20.7,30,3.3,1482,2.4,1.48,0.0,0.0,Spring,No Holiday,Yes
26/04/2018,2574,18,17.4,45,3.1,1092,5.3,0.75,0.0,0.0,Spring,No Holiday,Yes
26/04/2018,1891,19,15.2,45,3.3,1138,3.3,0.24,0.0,0.0,Spring,No Holiday,Yes
26/04/2018,1531,20,14.4,50,2.7,1216,4.0,0.01,0.0,0.0,Spring,No Holiday,Yes
26/04/2018,1447,21,13.4,60,2.2,1517,5.7,0.0,0.0,0.0,Spring,No Holiday,Yes
26/04/2018,1146,22,12.7,61,2.2,1949,5.3,0.0,0.0,0.0,Spring,No Holiday,Yes
26/04/2018,851,23,12.1,58,1.9,1719,4.0,0.0,0.0,0.0,Spring,No Holiday,Yes
27/04/2018,663,0,11.8,59,2.4,1535,4.0,0.0,0.0,0.0,Spring,No Holiday,Yes
27/04/2018,562,1,11.5,57,1.8,1471,3.2,0.0,0.0,0.0,Spring,No Holiday,Yes
27/04/2018,361,2,11.2,58,1.4,1255,3.2,0.0,0.0,0.0,Spring,No Holiday,Yes
27/04/2018,258,3,10.7,63,1.1,989,3.9,0.0,0.0,0.0,Spring,No Holiday,Yes
27/04/2018,140,4,10.2,65,1.5,970,3.9,0.0,0.0,0.0,Spring,No Holiday,Yes
27/04/2018,170,5,9.9,69,1.1,808,4.4,0.0,0.0,0.0,Spring,No Holiday,Yes
27/04/2018,427,6,9.9,66,1.5,931,3.8,0.0,0.0,0.0,Spring,No Holiday,Yes
27/04/2018,1129,7,10.1,63,0.7,1163,3.3,0.22,0.0,0.0,Spring,No Holiday,Yes
27/04/2018,1922,8,11.6,58,1.4,1150,3.6,0.79,0.0,0.0,Spring,No Holiday,Yes
27/04/2018,985,9,13.2,57,0.8,1003,4.8,1.39,0.0,0.0,Spring,No Holiday,Yes
27/04/2018,789,10,15.3,50,1.0,944,4.9,1.97,0.0,0.0,Spring,No Holiday,Yes
27/04/2018,986,11,17.7,44,1.5,945,5.2,2.51,0.0,0.0,Spring,No Holiday,Yes
27/04/2018,1142,12,19.5,40,1.1,1055,5.5,2.89,0.0,0.0,Spring,No Holiday,Yes
27/04/2018,1133,13,21.0,36,1.0,1164,5.3,2.99,0.0,0.0,Spring,No Holiday,Yes
27/04/2018,1115,14,22.2,32,2.8,1124,4.7,2.91,0.0,0.0,Spring,No Holiday,Yes
27/04/2018,1253,15,22.7,29,1.6,1223,3.7,2.66,0.0,0.0,Spring,No Holiday,Yes
27/04/2018,1446,16,23.2,33,2.4,869,6.0,2.12,0.0,0.0,Spring,No Holiday,Yes
27/04/2018,1877,17,21.8,41,3.0,662,7.9,1.44,0.0,0.0,Spring,No Holiday,Yes
27/04/2018,2577,18,20.3,47,2.5,705,8.6,0.77,0.0,0.0,Spring,No Holiday,Yes
27/04/2018,1812,19,18.7,53,2.7,753,8.9,0.24,0.0,0.0,Spring,No Holiday,Yes
27/04/2018,1499,20,16.9,41,3.1,1060,3.5,0.0,0.0,0.0,Spring,No Holiday,Yes
27/04/2018,1362,21,15.7,51,1.9,806,5.5,0.0,0.0,0.0,Spring,No Holiday,Yes
27/04/2018,1278,22,14.7,63,1.4,554,7.7,0.0,0.0,0.0,Spring,No Holiday,Yes
27/04/2018,975,23,14.0,66,1.2,519,7.7,0.0,0.0,0.0,Spring,No Holiday,Yes
28/04/2018,777,0,13.3,70,1.6,473,7.9,0.0,0.0,0.0,Spring,No Holiday,Yes
28/04/2018,672,1,12.7,74,1.8,392,8.1,0.0,0.0,0.0,Spring,No Holiday,Yes
28/04/2018,522,2,12.0,76,1.0,363,7.8,0.0,0.0,0.0,Spring,No Holiday,Yes
28/04/2018,325,3,11.6,76,1.0,364,7.5,0.0,0.0,0.0,Spring,No Holiday,Yes
28/04/2018,166,4,11.4,78,1.8,362,7.6,0.0,0.0,0.0,Spring,No Holiday,Yes
28/04/2018,152,5,10.9,81,1.7,348,7.7,0.0,0.0,0.0,Spring,No Holiday,Yes
28/04/2018,230,6,10.6,84,1.1,284,8.0,0.0,0.0,0.0,Spring,No Holiday,Yes
28/04/2018,376,7,10.8,78,0.5,335,7.1,0.26,0.0,0.0,Spring,No Holiday,Yes
28/04/2018,647,8,12.7,67,0.6,378,6.7,0.86,0.0,0.0,Spring,No Holiday,Yes
28/04/2018,795,9,15.1,56,1.7,493,6.3,1.57,0.0,0.0,Spring,No Holiday,Yes
28/04/2018,808,10,17.4,46,1.8,734,5.6,2.27,0.0,0.0,Spring,No Holiday,Yes
28/04/2018,1000,11,19.0,30,3.0,1719,1.0,2.84,0.0,0.0,Spring,No Holiday,Yes
28/04/2018,1278,12,20.5,31,2.5,1485,2.7,3.18,0.0,0.0,Spring,No Holiday,Yes
28/04/2018,1404,13,21.2,31,2.8,1295,3.3,3.25,0.0,0.0,Spring,No Holiday,Yes
28/04/2018,1597,14,21.3,25,3.8,1884,0.4,3.22,0.0,0.0,Spring,No Holiday,Yes
28/04/2018,1875,15,21.1,25,4.1,1885,0.2,2.96,0.0,0.0,Spring,No Holiday,Yes
28/04/2018,1945,16,20.4,25,4.7,1990,-0.3,2.45,0.0,0.0,Spring,No Holiday,Yes
28/04/2018,2043,17,20.1,29,3.3,1840,1.4,1.78,0.0,0.0,Spring,No Holiday,Yes
28/04/2018,1882,18,18.9,30,2.6,1995,0.9,1.05,0.0,0.0,Spring,No Holiday,Yes
28/04/2018,1590,19,16.9,33,1.3,1965,0.5,0.34,0.0,0.0,Spring,No Holiday,Yes
28/04/2018,1435,20,15.1,34,2.2,1981,-0.6,0.01,0.0,0.0,Spring,No Holiday,Yes
28/04/2018,1351,21,13.9,37,1.1,1751,-0.5,0.0,0.0,0.0,Spring,No Holiday,Yes
28/04/2018,1165,22,13.0,45,1.6,1713,1.3,0.0,0.0,0.0,Spring,No Holiday,Yes
28/04/2018,905,23,12.3,51,1.0,1648,2.4,0.0,0.0,0.0,Spring,No Holiday,Yes
29/04/2018,790,0,11.7,53,1.4,1620,2.4,0.0,0.0,0.0,Spring,No Holiday,Yes
29/04/2018,554,1,11.2,57,1.6,1533,2.9,0.0,0.0,0.0,Spring,No Holiday,Yes
29/04/2018,425,2,10.9,56,1.2,1460,2.4,0.0,0.0,0.0,Spring,No Holiday,Yes
29/04/2018,263,3,10.6,60,1.0,1163,3.1,0.0,0.0,0.0,Spring,No Holiday,Yes
29/04/2018,183,4,10.3,63,0.7,1277,3.5,0.0,0.0,0.0,Spring,No Holiday,Yes
29/04/2018,138,5,9.7,63,1.1,1304,2.9,0.0,0.0,0.0,Spring,No Holiday,Yes
29/04/2018,183,6,9.5,65,1.0,1325,3.2,0.01,0.0,0.0,Spring,No Holiday,Yes
29/04/2018,307,7,9.9,59,0.7,1707,2.2,0.25,0.0,0.0,Spring,No Holiday,Yes
29/04/2018,485,8,12.2,50,0.8,1412,2.0,0.84,0.0,0.0,Spring,No Holiday,Yes
29/04/2018,716,9,14.9,39,0.9,1354,1.0,1.56,0.0,0.0,Spring,No Holiday,Yes
29/04/2018,787,10,17.5,35,1.8,1570,1.8,2.26,0.0,0.0,Spring,No Holiday,Yes
29/04/2018,1060,11,19.6,28,2.0,1695,0.5,2.79,0.0,0.0,Spring,No Holiday,Yes
29/04/2018,1375,12,20.5,31,2.6,1299,2.7,2.79,0.0,0.0,Spring,No Holiday,Yes
29/04/2018,1635,13,21.9,27,2.2,1055,2.0,3.35,0.0,0.0,Spring,No Holiday,Yes
29/04/2018,1814,14,21.6,28,3.3,1172,2.2,2.93,0.0,0.0,Spring,No Holiday,Yes
29/04/2018,2019,15,22.8,24,3.3,1138,1.1,2.79,0.0,0.0,Spring,No Holiday,Yes
29/04/2018,2044,16,22.2,23,3.7,1183,0.0,2.28,0.0,0.0,Spring,No Holiday,Yes
29/04/2018,2094,17,21.9,28,3.1,1023,2.5,1.6,0.0,0.0,Spring,No Holiday,Yes
29/04/2018,1950,18,20.1,28,3.2,1114,1.0,0.89,0.0,0.0,Spring,No Holiday,Yes
29/04/2018,1712,19,18.1,38,2.8,932,3.5,0.16,0.0,0.0,Spring,No Holiday,Yes
29/04/2018,1485,20,16.9,42,2.7,942,3.8,0.0,0.0,0.0,Spring,No Holiday,Yes
29/04/2018,1382,21,16.1,44,1.2,913,3.8,0.0,0.0,0.0,Spring,No Holiday,Yes
29/04/2018,1128,22,15.6,43,2.3,1016,3.0,0.0,0.0,0.0,Spring,No Holiday,Yes
29/04/2018,820,23,15.2,51,1.0,858,5.1,0.0,0.0,0.0,Spring,No Holiday,Yes
30/04/2018,569,0,14.7,54,1.3,718,5.4,0.0,0.0,0.0,Spring,No Holiday,Yes
30/04/2018,362,1,14.4,60,1.7,580,6.7,0.0,0.0,0.0,Spring,No Holiday,Yes
30/04/2018,246,2,14.1,62,1.2,502,6.9,0.0,0.0,0.0,Spring,No Holiday,Yes
30/04/2018,157,3,14.3,61,1.0,475,6.8,0.0,0.0,0.0,Spring,No Holiday,Yes
30/04/2018,132,4,14.6,57,1.2,495,6.1,0.0,0.0,0.0,Spring,No Holiday,Yes
30/04/2018,185,5,14.8,63,0.7,492,7.8,0.0,0.0,0.0,Spring,No Holiday,Yes
30/04/2018,397,6,14.9,64,0.5,424,8.1,0.0,0.0,0.0,Spring,No Holiday,Yes
30/04/2018,1075,7,15.1,78,1.5,354,11.2,0.06,0.0,0.0,Spring,No Holiday,Yes
30/04/2018,1791,8,15.8,73,0.5,357,10.9,0.39,0.0,0.0,Spring,No Holiday,Yes
30/04/2018,983,9,17.5,65,1.0,416,10.8,1.0,0.0,0.0,Spring,No Holiday,Yes
30/04/2018,742,10,19.5,54,1.1,451,9.9,1.88,0.0,0.0,Spring,No Holiday,Yes
30/04/2018,901,11,20.3,52,0.9,468,10.1,1.96,0.0,0.0,Spring,No Holiday,Yes
30/04/2018,1094,12,22.2,50,2.0,564,11.2,2.65,0.0,0.0,Spring,No Holiday,Yes
30/04/2018,1019,13,23.3,45,1.8,684,10.6,2.96,0.0,0.0,Spring,No Holiday,Yes
30/04/2018,1055,14,24.0,47,2.3,520,11.9,2.87,0.0,0.0,Spring,No Holiday,Yes
30/04/2018,1168,15,24.1,48,2.7,419,12.3,2.47,0.0,0.0,Spring,No Holiday,Yes
30/04/2018,1344,16,24.8,45,1.8,549,12.0,2.05,0.0,0.0,Spring,No Holiday,Yes
30/04/2018,1706,17,24.0,53,3.5,536,13.8,1.39,0.0,0.0,Spring,No Holiday,Yes
30/04/2018,2558,18,23.0,54,2.9,679,13.1,0.81,0.0,0.0,Spring,No Holiday,Yes
30/04/2018,2064,19,21.2,65,2.9,559,14.3,0.25,0.0,0.0,Spring,No Holiday,Yes
30/04/2018,1703,20,20.0,69,2.4,533,14.1,0.0,0.0,0.0,Spring,No Holiday,Yes
30/04/2018,1711,21,19.1,73,1.2,413,14.1,0.0,0.0,0.0,Spring,No Holiday,Yes
30/04/2018,1456,22,18.4,78,1.6,377,14.4,0.0,0.0,0.0,Spring,No Holiday,Yes
30/04/2018,1044,23,17.9,79,0.4,323,14.1,0.0,0.0,0.0,Spring,No Holiday,Yes
01/05/2018,782,0,18.3,78,0.8,349,14.3,0.0,0.0,0.0,Spring,Holiday,Yes
01/05/2018,705,1,18.3,83,1.1,451,15.3,0.0,0.0,0.0,Spring,Holiday,Yes
01/05/2018,534,2,18.2,85,0.8,355,15.6,0.0,0.0,0.0,Spring,Holiday,Yes
01/05/2018,343,3,18.1,85,1.0,284,15.5,0.0,0.0,0.0,Spring,Holiday,Yes
01/05/2018,187,4,18.0,85,0.3,275,15.4,0.0,0.0,0.0,Spring,Holiday,Yes
01/05/2018,166,5,18.0,85,0.8,346,15.4,0.0,0.0,0.0,Spring,Holiday,Yes
01/05/2018,306,6,17.8,85,0.6,265,15.2,0.0,0.0,0.0,Spring,Holiday,Yes
01/05/2018,614,7,18.0,82,0.7,264,14.8,0.11,0.0,0.0,Spring,Holiday,Yes
01/05/2018,1067,8,18.8,76,0.6,301,14.4,0.36,0.0,0.0,Spring,Holiday,Yes
01/05/2018,1024,9,20.7,67,1.1,464,14.3,1.3,0.0,0.0,Spring,Holiday,Yes
01/05/2018,1002,10,22.2,61,1.2,531,14.3,1.72,0.0,0.0,Spring,Holiday,Yes
01/05/2018,1117,11,22.7,63,1.1,605,15.2,1.36,0.0,0.0,Spring,Holiday,Yes
01/05/2018,1315,12,22.1,67,2.7,462,15.6,0.81,0.0,0.0,Spring,Holiday,Yes
01/05/2018,1493,13,23.0,63,3.1,494,15.5,1.92,0.0,0.0,Spring,Holiday,Yes
01/05/2018,1536,14,23.0,64,2.8,520,15.8,1.59,0.0,0.0,Spring,Holiday,Yes
01/05/2018,1639,15,23.1,61,2.5,556,15.1,1.5,0.0,0.0,Spring,Holiday,Yes
01/05/2018,1759,16,22.6,63,3.1,551,15.1,0.88,0.0,0.0,Spring,Holiday,Yes
01/05/2018,1898,17,22.0,65,2.4,589,15.1,0.47,0.0,0.0,Spring,Holiday,Yes
01/05/2018,2082,18,21.6,67,2.0,584,15.2,0.24,0.0,0.0,Spring,Holiday,Yes
01/05/2018,1696,19,21.2,68,1.5,610,15.0,0.16,0.0,0.0,Spring,Holiday,Yes
01/05/2018,1656,20,20.6,72,1.3,587,15.3,0.0,0.0,0.0,Spring,Holiday,Yes
01/05/2018,1644,21,20.2,74,1.3,554,15.4,0.0,0.0,0.0,Spring,Holiday,Yes
01/05/2018,1400,22,19.9,75,0.8,516,15.3,0.0,0.0,0.0,Spring,Holiday,Yes
01/05/2018,855,23,19.8,73,0.9,442,14.8,0.0,0.0,0.0,Spring,Holiday,Yes
02/05/2018,612,0,19.7,76,0.5,386,15.3,0.0,0.0,0.0,Spring,No Holiday,Yes
02/05/2018,413,1,19.6,75,2.1,392,15.0,0.0,0.0,0.0,Spring,No Holiday,Yes
02/05/2018,245,2,19.0,80,1.6,346,15.4,0.0,0.0,0.0,Spring,No Holiday,Yes
02/05/2018,170,3,18.5,82,0.8,342,15.3,0.0,0.0,0.0,Spring,No Holiday,Yes
02/05/2018,93,4,18.4,81,0.4,300,15.0,0.0,0.0,0.0,Spring,No Holiday,Yes
02/05/2018,76,5,18.4,87,0.8,209,16.1,0.0,0.4,0.0,Spring,No Holiday,Yes
02/05/2018,67,6,17.9,93,0.9,202,16.7,0.0,0.1,0.0,Spring,No Holiday,Yes
02/05/2018,102,7,17.6,94,0.5,166,16.6,0.0,1.0,0.0,Spring,No Holiday,Yes
02/05/2018,555,8,17.5,94,0.9,203,16.5,0.06,0.0,0.0,Spring,No Holiday,Yes
02/05/2018,609,9,17.4,94,0.7,230,16.4,0.16,0.0,0.0,Spring,No Holiday,Yes
02/05/2018,486,10,17.7,88,1.1,322,15.6,0.36,0.0,0.0,Spring,No Holiday,Yes
02/05/2018,206,11,18.0,85,1.1,411,15.4,0.45,0.0,0.0,Spring,No Holiday,Yes
02/05/2018,63,12,17.3,95,0.7,155,16.4,0.16,3.5,0.0,Spring,No Holiday,Yes
02/05/2018,327,13,17.2,96,0.9,275,16.5,0.26,4.0,0.0,Spring,No Holiday,Yes
02/05/2018,376,14,17.5,94,0.3,436,16.5,0.35,0.0,0.0,Spring,No Holiday,Yes
02/05/2018,143,15,17.0,90,3.7,216,15.3,0.26,0.0,0.0,Spring,No Holiday,Yes
02/05/2018,400,16,15.4,95,4.7,378,14.5,0.11,0.5,0.0,Spring,No Holiday,Yes
02/05/2018,813,17,13.9,94,2.6,303,12.9,0.21,0.0,0.0,Spring,No Holiday,Yes
02/05/2018,518,18,13.6,89,2.3,638,11.8,0.09,0.0,0.0,Spring,No Holiday,Yes
02/05/2018,131,19,12.6,93,3.9,831,11.4,0.0,0.0,0.0,Spring,No Holiday,Yes
02/05/2018,123,20,11.1,91,4.0,716,9.6,0.0,0.5,0.0,Spring,No Holiday,Yes
02/05/2018,327,21,10.5,94,2.8,1627,9.5,0.0,1.0,0.0,Spring,No Holiday,Yes
02/05/2018,299,22,10.4,85,3.7,1671,7.9,0.0,0.0,0.0,Spring,No Holiday,Yes
02/05/2018,294,23,9.5,90,3.6,1017,7.9,0.0,1.0,0.0,Spring,No Holiday,Yes
03/05/2018,361,0,8.7,86,3.1,2000,6.4,0.0,0.0,0.0,Spring,No Holiday,Yes
03/05/2018,323,1,7.9,86,2.1,2000,5.6,0.0,0.0,0.0,Spring,No Holiday,Yes
03/05/2018,251,2,7.3,86,1.7,2000,5.1,0.0,0.0,0.0,Spring,No Holiday,Yes
03/05/2018,156,3,7.0,86,1.2,2000,4.8,0.0,0.0,0.0,Spring,No Holiday,Yes
03/05/2018,109,4,7.0,87,1.3,2000,4.9,0.0,0.0,0.0,Spring,No Holiday,Yes
03/05/2018,163,5,7.0,85,0.8,2000,4.6,0.0,0.0,0.0,Spring,No Holiday,Yes
03/05/2018,469,6,7.9,86,2.0,1070,5.6,0.01,0.0,0.0,Spring,No Holiday,Yes
03/05/2018,1160,7,8.4,83,1.4,1400,5.6,0.31,0.0,0.0,Spring,No Holiday,Yes
03/05/2018,1946,8,10.5,67,2.3,1221,4.6,0.98,0.0,0.0,Spring,No Holiday,Yes
03/05/2018,1061,9,12.8,52,3.9,1614,3.1,1.65,0.0,0.0,Spring,No Holiday,Yes
03/05/2018,762,10,13.8,47,4.8,1561,2.6,1.64,0.0,0.0,Spring,No Holiday,Yes
03/05/2018,794,11,14.7,45,3.0,1799,2.8,1.68,0.0,0.0,Spring,No Holiday,Yes
03/05/2018,871,12,14.1,59,3.9,1870,6.1,1.12,0.0,0.0,Spring,No Holiday,Yes
03/05/2018,516,13,13.4,56,3.7,1693,4.7,0.82,0.1,0.0,Spring,No Holiday,Yes
03/05/2018,367,14,12.7,75,3.8,1510,8.3,0.88,0.4,0.0,Spring,No Holiday,Yes
03/05/2018,590,15,12.2,56,4.8,2000,3.6,0.57,0.5,0.0,Spring,No Holiday,Yes
03/05/2018,911,16,12.8,53,3.3,2000,3.4,0.76,0.0,0.0,Spring,No Holiday,Yes
03/05/2018,1421,17,13.2,49,4.2,1999,2.7,0.69,0.0,0.0,Spring,No Holiday,Yes
03/05/2018,2310,18,13.4,49,2.4,1982,2.8,0.6,0.0,0.0,Spring,No Holiday,Yes
03/05/2018,1663,19,13.3,49,3.6,1919,2.7,0.45,0.0,0.0,Spring,No Holiday,Yes
03/05/2018,1401,20,12.6,47,3.2,1935,1.5,0.02,0.0,0.0,Spring,No Holiday,Yes
03/05/2018,1388,21,11.9,48,1.9,1918,1.2,0.0,0.0,0.0,Spring,No Holiday,Yes
03/05/2018,1202,22,11.2,60,2.3,1684,3.7,0.0,0.0,0.0,Spring,No Holiday,Yes
03/05/2018,832,23,10.6,62,2.1,1694,3.6,0.0,0.0,0.0,Spring,No Holiday,Yes
04/05/2018,624,0,10.0,63,2.1,1653,3.2,0.0,0.0,0.0,Spring,No Holiday,Yes
04/05/2018,480,1,9.7,63,2.1,1610,2.9,0.0,0.0,0.0,Spring,No Holiday,Yes
04/05/2018,352,2,9.6,65,1.5,1654,3.3,0.0,0.0,0.0,Spring,No Holiday,Yes
04/05/2018,224,3,9.6,66,0.9,1685,3.5,0.0,0.0,0.0,Spring,No Holiday,Yes
04/05/2018,138,4,9.5,66,1.1,1737,3.4,0.0,0.0,0.0,Spring,No Holiday,Yes
04/05/2018,186,5,9.2,63,0.8,1896,2.5,0.0,0.0,0.0,Spring,No Holiday,Yes
04/05/2018,521,6,9.0,57,1.7,1903,0.9,0.0,0.0,0.0,Spring,No Holiday,Yes
04/05/2018,1260,7,9.5,55,2.1,1912,0.8,0.32,0.0,0.0,Spring,No Holiday,Yes
04/05/2018,2041,8,11.3,46,1.2,1788,0.0,1.04,0.0,0.0,Spring,No Holiday,Yes
04/05/2018,1155,9,14.1,42,1.9,1893,1.3,1.78,0.0,0.0,Spring,No Holiday,Yes
04/05/2018,864,10,16.1,37,2.9,1629,1.3,2.4,0.0,0.0,Spring,No Holiday,Yes
04/05/2018,1021,11,17.2,35,3.6,1731,1.5,2.93,0.0,0.0,Spring,No Holiday,Yes
04/05/2018,1206,12,17.9,32,4.6,1874,0.9,3.28,0.0,0.0,Spring,No Holiday,Yes
04/05/2018,1222,13,18.9,30,3.8,1854,0.9,3.39,0.0,0.0,Spring,No Holiday,Yes
04/05/2018,1266,14,18.8,31,4.9,1940,1.2,3.31,0.0,0.0,Spring,No Holiday,Yes
04/05/2018,1323,15,19.9,26,3.8,1898,-0.1,3.0,0.0,0.0,Spring,No Holiday,Yes
04/05/2018,1501,16,18.6,30,5.1,1891,0.6,2.49,0.0,0.0,Spring,No Holiday,Yes
04/05/2018,1857,17,18.1,30,4.6,1925,0.2,1.86,0.0,0.0,Spring,No Holiday,Yes
04/05/2018,2661,18,17.1,35,3.4,1961,1.4,1.11,0.0,0.0,Spring,No Holiday,Yes
04/05/2018,1890,19,15.5,46,2.6,1782,3.9,0.34,0.0,0.0,Spring,No Holiday,Yes
04/05/2018,1389,20,14.1,46,3.4,1940,2.6,0.01,0.0,0.0,Spring,No Holiday,Yes
04/05/2018,1298,21,13.3,47,1.9,1805,2.2,0.0,0.0,0.0,Spring,No Holiday,Yes
04/05/2018,1256,22,12.7,55,2.0,1775,3.8,0.0,0.0,0.0,Spring,No Holiday,Yes
04/05/2018,935,23,12.4,58,2.5,1843,4.3,0.0,0.0,0.0,Spring,No Holiday,Yes
05/05/2018,796,0,12.2,59,1.2,1718,4.4,0.0,0.0,0.0,Spring,No Holiday,Yes
05/05/2018,716,1,12.1,54,1.3,1820,3.0,0.0,0.0,0.0,Spring,No Holiday,Yes
05/05/2018,508,2,12.1,53,1.1,1948,2.7,0.0,0.0,0.0,Spring,No Holiday,Yes
05/05/2018,392,3,11.6,53,1.1,1904,2.3,0.0,0.0,0.0,Spring,No Holiday,Yes
05/05/2018,252,4,12.1,51,1.6,1939,2.2,0.0,0.0,0.0,Spring,No Holiday,Yes
05/05/2018,190,5,12.2,52,2.3,1961,2.6,0.0,0.0,0.0,Spring,No Holiday,Yes
05/05/2018,247,6,12.3,55,2.1,1972,3.5,0.02,0.0,0.0,Spring,No Holiday,Yes
05/05/2018,352,7,12.9,55,2.3,1952,4.0,0.29,0.0,0.0,Spring,No Holiday,Yes
05/05/2018,579,8,14.4,51,2.3,1907,4.3,0.92,0.0,0.0,Spring,No Holiday,Yes
05/05/2018,759,9,16.1,50,2.6,1628,5.6,1.52,0.0,0.0,Spring,No Holiday,Yes
05/05/2018,877,10,18.1,46,2.9,1755,6.2,2.17,0.0,0.0,Spring,No Holiday,Yes
05/05/2018,1024,11,20.2,41,3.1,1789,6.5,2.56,0.0,0.0,Spring,No Holiday,Yes
05/05/2018,1258,12,21.9,35,3.4,1586,5.7,2.74,0.0,0.0,Spring,No Holiday,Yes
05/05/2018,1408,13,22.7,35,3.4,1794,6.4,2.51,0.0,0.0,Spring,No Holiday,Yes
05/05/2018,1669,14,23.6,34,3.3,1829,6.8,2.57,0.0,0.0,Spring,No Holiday,Yes
05/05/2018,1837,15,23.8,29,4.7,1876,4.6,2.72,0.0,0.0,Spring,No Holiday,Yes
05/05/2018,1223,16,23.2,30,4.5,1787,4.6,1.49,0.0,0.0,Spring,No Holiday,Yes
05/05/2018,2014,17,23.6,29,3.9,1948,4.5,1.68,0.0,0.0,Spring,No Holiday,Yes
05/05/2018,1929,18,22.5,31,3.4,1953,4.5,0.79,0.0,0.0,Spring,No Holiday,Yes
05/05/2018,1753,19,20.7,47,3.5,1952,8.9,0.28,0.0,0.0,Spring,No Holiday,Yes
05/05/2018,1562,20,19.7,53,2.0,1841,9.8,0.0,0.0,0.0,Spring,No Holiday,Yes
05/05/2018,1551,21,19.3,57,3.1,1924,10.5,0.0,0.0,0.0,Spring,No Holiday,Yes
05/05/2018,1360,22,19.1,61,2.7,1830,11.3,0.0,0.0,0.0,Spring,No Holiday,Yes
05/05/2018,1097,23,19.1,62,3.6,1757,11.6,0.0,0.0,0.0,Spring,No Holiday,Yes
06/05/2018,733,0,18.7,64,3.3,1654,11.7,0.0,0.0,0.0,Spring,No Holiday,Yes
06/05/2018,181,1,18.2,71,1.6,1328,12.8,0.0,0.0,0.0,Spring,No Holiday,Yes
06/05/2018,74,2,17.3,82,2.1,768,14.1,0.0,0.5,0.0,Spring,No Holiday,Yes
06/05/2018,43,3,16.2,94,1.7,400,15.2,0.0,1.5,0.0,Spring,No Holiday,Yes
06/05/2018,16,4,15.8,93,0.4,268,14.6,0.0,1.5,0.0,Spring,No Holiday,Yes
06/05/2018,11,5,15.4,96,0.3,208,14.7,0.0,2.0,0.0,Spring,No Holiday,Yes
06/05/2018,7,6,15.1,97,0.3,225,14.6,0.0,3.0,0.0,Spring,No Holiday,Yes
06/05/2018,16,7,15.1,97,0.5,311,14.6,0.03,2.5,0.0,Spring,No Holiday,Yes
06/05/2018,16,8,15.2,97,1.0,414,14.7,0.08,2.0,0.0,Spring,No Holiday,Yes
06/05/2018,12,9,15.4,97,0.8,413,14.9,0.18,1.0,0.0,Spring,No Holiday,Yes
06/05/2018,13,10,15.4,97,0.6,374,14.9,0.38,1.5,0.0,Spring,No Holiday,Yes
06/05/2018,10,11,15.5,97,0.8,459,15.0,0.4,3.5,0.0,Spring,No Holiday,Yes
06/05/2018,71,12,15.7,96,1.1,568,15.0,0.5,3.0,0.0,Spring,No Holiday,Yes
06/05/2018,211,13,16.4,94,0.9,1947,15.4,0.78,0.0,0.0,Spring,No Holiday,Yes
06/05/2018,384,14,17.2,85,1.3,2000,14.6,0.94,0.0,0.0,Spring,No Holiday,Yes
06/05/2018,770,15,17.8,77,1.6,2000,13.7,1.13,0.0,0.0,Spring,No Holiday,Yes
06/05/2018,1482,16,19.5,66,1.7,2000,12.9,1.71,0.0,0.0,Spring,No Holiday,Yes
06/05/2018,1737,17,20.2,62,1.1,2000,12.6,1.74,0.0,0.0,Spring,No Holiday,Yes
06/05/2018,1848,18,20.2,66,1.0,2000,13.6,1.1,0.0,0.0,Spring,No Holiday,Yes
06/05/2018,1639,19,19.0,70,0.7,2000,13.3,0.33,0.0,0.0,Spring,No Holiday,Yes
06/05/2018,1526,20,17.6,77,1.2,2000,13.5,0.01,0.0,0.0,Spring,No Holiday,Yes
06/05/2018,1450,21,16.8,79,0.6,2000,13.1,0.0,0.0,0.0,Spring,No Holiday,Yes
06/05/2018,1290,22,16.4,80,1.2,2000,12.9,0.0,0.0,0.0,Spring,No Holiday,Yes
06/05/2018,1016,23,15.9,83,0.6,2000,13.0,0.0,0.0,0.0,Spring,No Holiday,Yes
07/05/2018,778,0,15.5,85,0.9,2000,12.9,0.0,0.0,0.0,Spring,No Holiday,Yes
07/05/2018,609,1,15.1,84,0.3,1858,12.4,0.0,0.0,0.0,Spring,No Holiday,Yes
07/05/2018,404,2,14.8,85,0.4,1831,12.2,0.0,0.0,0.0,Spring,No Holiday,Yes
07/05/2018,249,3,14.7,82,0.8,1822,11.6,0.0,0.0,0.0,Spring,No Holiday,Yes
07/05/2018,185,4,14.4,85,0.8,1437,11.9,0.0,0.0,0.0,Spring,No Holiday,Yes
07/05/2018,170,5,14.2,85,0.5,1412,11.7,0.0,0.0,0.0,Spring,No Holiday,Yes
07/05/2018,221,6,14.0,87,0.8,1334,11.8,0.01,0.0,0.0,Spring,No Holiday,Yes
07/05/2018,389,7,14.2,81,0.3,1991,10.9,0.13,0.0,0.0,Spring,No Holiday,Yes
07/05/2018,600,8,14.8,80,0.3,1921,11.3,0.31,0.0,0.0,Spring,No Holiday,Yes
07/05/2018,737,9,15.9,72,0.5,1835,10.8,0.67,0.0,0.0,Spring,No Holiday,Yes
07/05/2018,895,10,17.5,63,0.6,1916,10.3,0.96,0.0,0.0,Spring,No Holiday,Yes
07/05/2018,1167,11,20.2,45,1.1,1894,7.8,2.33,0.0,0.0,Spring,No Holiday,Yes
07/05/2018,1414,12,22.9,35,0.8,1948,6.6,3.05,0.0,0.0,Spring,No Holiday,Yes
07/05/2018,1665,13,23.7,44,1.7,1897,10.7,2.35,0.0,0.0,Spring,No Holiday,Yes
07/05/2018,1970,14,24.1,42,1.2,1770,10.3,1.93,0.0,0.0,Spring,No Holiday,Yes
07/05/2018,2191,15,24.6,38,2.1,1478,9.3,1.85,0.0,0.0,Spring,No Holiday,Yes
07/05/2018,2213,16,24.5,38,2.2,1903,9.2,1.1,0.0,0.0,Spring,No Holiday,Yes
07/05/2018,2392,17,25.5,31,2.3,1974,7.1,1.5,0.0,0.0,Spring,No Holiday,Yes
07/05/2018,2268,18,25.1,32,2.4,1899,7.2,1.1,0.0,0.0,Spring,No Holiday,Yes
07/05/2018,1664,19,23.5,48,1.5,1929,11.8,0.4,0.0,0.0,Spring,No Holiday,Yes
07/05/2018,1912,20,20.9,61,2.7,1523,13.0,0.01,0.0,0.0,Spring,No Holiday,Yes
07/05/2018,1717,21,19.6,64,1.5,1297,12.5,0.0,0.0,0.0,Spring,No Holiday,Yes
07/05/2018,1336,22,18.6,69,1.7,1047,12.7,0.0,0.0,0.0,Spring,No Holiday,Yes
07/05/2018,994,23,17.5,69,1.5,978,11.7,0.0,0.0,0.0,Spring,No Holiday,Yes
08/05/2018,712,0,16.4,72,0.8,1046,11.3,0.0,0.0,0.0,Spring,No Holiday,Yes
08/05/2018,430,1,16.0,64,1.0,1600,9.1,0.0,0.0,0.0,Spring,No Holiday,Yes
08/05/2018,287,2,15.5,65,1.3,1953,8.9,0.0,0.0,0.0,Spring,No Holiday,Yes
08/05/2018,194,3,15.6,63,1.7,2000,8.5,0.0,0.0,0.0,Spring,No Holiday,Yes
08/05/2018,155,4,15.4,63,1.6,2000,8.3,0.0,0.0,0.0,Spring,No Holiday,Yes
08/05/2018,200,5,15.0,64,1.6,2000,8.2,0.0,0.0,0.0,Spring,No Holiday,Yes
08/05/2018,555,6,14.8,64,1.5,2000,8.0,0.02,0.0,0.0,Spring,No Holiday,Yes
08/05/2018,1280,7,15.3,60,2.0,2000,7.5,0.35,0.0,0.0,Spring,No Holiday,Yes
08/05/2018,1976,8,16.9,54,1.7,2000,7.5,1.08,0.0,0.0,Spring,No Holiday,Yes
08/05/2018,1128,9,18.5,51,1.4,1955,8.1,1.74,0.0,0.0,Spring,No Holiday,Yes
08/05/2018,792,10,20.0,48,1.9,2000,8.6,2.46,0.0,0.0,Spring,No Holiday,Yes
08/05/2018,956,11,21.0,45,1.6,2000,8.6,2.89,0.0,0.0,Spring,No Holiday,Yes
08/05/2018,1135,12,21.5,44,2.1,1986,8.7,3.15,0.0,0.0,Spring,No Holiday,Yes
08/05/2018,1117,13,21.7,44,2.1,2000,8.9,2.46,0.0,0.0,Spring,No Holiday,Yes
08/05/2018,1096,14,22.2,42,1.7,2000,8.6,2.29,0.0,0.0,Spring,No Holiday,Yes
08/05/2018,1267,15,22.4,39,1.9,2000,7.7,2.16,0.0,0.0,Spring,No Holiday,Yes
08/05/2018,1457,16,22.0,41,1.7,2000,8.1,2.04,0.0,0.0,Spring,No Holiday,Yes
08/05/2018,2020,17,21.7,38,2.0,2000,6.7,1.17,0.0,0.0,Spring,No Holiday,Yes
08/05/2018,2142,18,20.7,40,1.4,2000,6.6,1.06,0.0,0.0,Spring,No Holiday,Yes
08/05/2018,2241,19,17.9,42,2.1,2000,4.7,0.37,0.0,0.0,Spring,No Holiday,Yes
08/05/2018,1726,20,15.8,47,1.8,2000,4.4,0.01,0.0,0.0,Spring,No Holiday,Yes
08/05/2018,1513,21,14.5,49,1.9,2000,3.8,0.0,0.0,0.0,Spring,No Holiday,Yes
08/05/2018,1283,22,13.2,54,2.2,2000,4.0,0.0,0.0,0.0,Spring,No Holiday,Yes
08/05/2018,767,23,12.2,57,1.9,2000,3.9,0.0,0.0,0.0,Spring,No Holiday,Yes
09/05/2018,552,0,11.6,57,1.9,2000,3.3,0.0,0.0,0.0,Spring,No Holiday,Yes
09/05/2018,34,1,11.3,58,1.3,2000,3.3,0.0,0.0,0.0,Spring,No Holiday,Yes
09/05/2018,245,2,10.9,59,1.1,2000,3.1,0.0,0.0,0.0,Spring,No Holiday,Yes
09/05/2018,187,3,10.5,59,1.0,2000,2.8,0.0,0.0,0.0,Spring,No Holiday,Yes
09/05/2018,114,4,10.0,64,1.5,2000,3.4,0.0,0.0,0.0,Spring,No Holiday,Yes
09/05/2018,203,5,9.5,65,0.9,2000,3.2,0.0,0.0,0.0,Spring,No Holiday,Yes
09/05/2018,556,6,9.2,64,1.0,2000,2.7,0.02,0.0,0.0,Spring,No Holiday,Yes
09/05/2018,1333,7,10.0,59,1.1,2000,2.3,0.36,0.0,0.0,Spring,No Holiday,Yes
09/05/2018,2068,8,12.3,53,1.6,2000,2.9,1.09,0.0,0.0,Spring,No Holiday,Yes
09/05/2018,928,9,14.4,46,1.2,1899,2.9,1.77,0.0,0.0,Spring,No Holiday,Yes
09/05/2018,954,10,16.1,43,1.4,1985,3.5,2.41,0.0,0.0,Spring,No Holiday,Yes
09/05/2018,1015,11,17.6,40,1.4,1955,3.8,2.88,0.0,0.0,Spring,No Holiday,Yes
09/05/2018,1242,12,18.7,39,1.9,1925,4.4,3.21,0.0,0.0,Spring,No Holiday,Yes
09/05/2018,1188,13,20.1,36,1.1,1933,4.5,3.34,0.0,0.0,Spring,No Holiday,Yes
09/05/2018,1186,14,20.7,36,2.2,1788,5.0,3.1,0.0,0.0,Spring,No Holiday,Yes
09/05/2018,1324,15,21.2,35,2.9,1733,5.1,2.88,0.0,0.0,Spring,No Holiday,Yes
09/05/2018,1603,16,21.4,35,2.7,1838,5.2,2.38,0.0,0.0,Spring,No Holiday,Yes
09/05/2018,2034,17,21.3,34,2.7,1967,4.7,1.82,0.0,0.0,Spring,No Holiday,Yes
09/05/2018,3130,18,20.6,41,2.3,2000,6.8,1.1,0.0,0.0,Spring,No Holiday,Yes
09/05/2018,2405,19,18.8,47,2.8,1988,7.2,0.4,0.0,0.0,Spring,No Holiday,Yes
09/05/2018,1979,20,17.3,53,1.9,2000,7.6,0.01,0.0,0.0,Spring,No Holiday,Yes
09/05/2018,1940,21,16.4,56,0.8,2000,7.5,0.0,0.0,0.0,Spring,No Holiday,Yes
09/05/2018,1602,22,15.9,60,2.6,2000,8.1,0.0,0.0,0.0,Spring,No Holiday,Yes
09/05/2018,1073,23,15.2,62,1.4,2000,7.9,0.0,0.0,0.0,Spring,No Holiday,Yes
10/05/2018,0,0,14.5,63,0.9,2000,7.5,0.0,0.0,0.0,Spring,No Holiday,No
10/05/2018,0,1,13.9,66,1.0,1960,7.6,0.0,0.0,0.0,Spring,No Holiday,No
10/05/2018,0,2,13.1,73,1.9,1895,8.3,0.0,0.0,0.0,Spring,No Holiday,No
10/05/2018,0,3,12.9,74,1.7,1698,8.3,0.0,0.0,0.0,Spring,No Holiday,No
10/05/2018,0,4,12.0,79,0.6,1351,8.4,0.0,0.0,0.0,Spring,No Holiday,No
10/05/2018,0,5,11.5,80,0.9,974,8.1,0.0,0.0,0.0,Spring,No Holiday,No
10/05/2018,0,6,11.4,80,1.0,885,8.0,0.02,0.0,0.0,Spring,No Holiday,No
10/05/2018,0,7,12.1,71,1.6,876,6.9,0.34,0.0,0.0,Spring,No Holiday,No
10/05/2018,0,8,13.5,63,2.2,1211,6.5,1.01,0.0,0.0,Spring,No Holiday,No
10/05/2018,0,9,15.5,55,1.7,1318,6.4,1.76,0.0,0.0,Spring,No Holiday,No
10/05/2018,0,10,17.3,52,2.3,1235,7.3,2.38,0.0,0.0,Spring,No Holiday,No
10/05/2018,0,11,18.3,51,3.1,1015,7.9,2.84,0.0,0.0,Spring,No Holiday,No
10/05/2018,0,12,19.8,49,2.3,1320,8.7,3.17,0.0,0.0,Spring,No Holiday,No
10/05/2018,0,13,20.7,46,2.9,1078,8.6,3.26,0.0,0.0,Spring,No Holiday,No
10/05/2018,0,14,21.2,47,3.7,1142,9.4,3.22,0.0,0.0,Spring,No Holiday,No
10/05/2018,0,15,20.4,51,4.0,946,9.9,2.87,0.0,0.0,Spring,No Holiday,No
10/05/2018,0,16,19.6,54,3.9,1154,10.0,2.41,0.0,0.0,Spring,No Holiday,No
10/05/2018,0,17,19.2,54,3.4,1075,9.6,1.83,0.0,0.0,Spring,No Holiday,No
10/05/2018,0,18,18.0,61,3.5,790,10.3,1.05,0.0,0.0,Spring,No Holiday,No
10/05/2018,0,19,15.5,74,3.6,675,10.8,0.35,0.0,0.0,Spring,No Holiday,No
10/05/2018,0,20,13.6,82,2.1,520,10.5,0.02,0.0,0.0,Spring,No Holiday,No
10/05/2018,0,21,12.6,85,2.4,460,10.1,0.0,0.0,0.0,Spring,No Holiday,No
10/05/2018,0,22,12.3,85,2.3,452,9.8,0.0,0.0,0.0,Spring,No Holiday,No
10/05/2018,0,23,12.4,85,1.1,369,9.9,0.0,0.0,0.0,Spring,No Holiday,No
11/05/2018,724,0,12.5,84,1.5,334,9.8,0.0,0.0,0.0,Spring,No Holiday,Yes
11/05/2018,565,1,12.4,84,1.8,287,9.7,0.0,0.0,0.0,Spring,No Holiday,Yes
11/05/2018,378,2,12.1,85,1.4,321,9.6,0.0,0.0,0.0,Spring,No Holiday,Yes
11/05/2018,252,3,12.0,86,0.9,297,9.7,0.0,0.0,0.0,Spring,No Holiday,Yes
11/05/2018,154,4,11.9,85,0.7,315,9.4,0.0,0.0,0.0,Spring,No Holiday,Yes
11/05/2018,223,5,11.9,84,1.5,358,9.2,0.0,0.0,0.0,Spring,No Holiday,Yes
11/05/2018,486,6,12.0,83,0.4,321,9.1,0.01,0.0,0.0,Spring,No Holiday,Yes
11/05/2018,1156,7,12.4,82,1.0,314,9.4,0.1,0.0,0.0,Spring,No Holiday,Yes
11/05/2018,1881,8,13.1,78,1.2,330,9.3,0.41,0.0,0.0,Spring,No Holiday,Yes
11/05/2018,850,9,14.3,72,0.7,342,9.3,0.84,0.0,0.0,Spring,No Holiday,Yes
11/05/2018,816,10,16.4,64,2.4,423,9.5,2.05,0.0,0.0,Spring,No Holiday,Yes
11/05/2018,972,11,18.3,56,1.4,519,9.3,2.53,0.0,0.0,Spring,No Holiday,Yes
11/05/2018,1161,12,20.0,47,1.4,685,8.3,3.08,0.0,0.0,Spring,No Holiday,Yes
11/05/2018,1177,13,20.8,45,2.8,688,8.4,3.17,0.0,0.0,Spring,No Holiday,Yes
11/05/2018,1174,14,21.0,47,2.2,606,9.2,2.52,0.0,0.0,Spring,No Holiday,Yes
11/05/2018,1295,15,19.9,47,3.3,484,8.2,1.83,0.0,0.0,Spring,No Holiday,Yes
11/05/2018,1496,16,19.1,54,3.2,542,9.5,0.94,0.0,0.0,Spring,No Holiday,Yes
11/05/2018,1863,17,18.9,45,2.6,1084,6.6,0.8,0.0,0.0,Spring,No Holiday,Yes
11/05/2018,2701,18,17.9,37,3.1,1819,2.9,0.36,0.0,0.0,Spring,No Holiday,Yes
11/05/2018,1999,19,17.1,51,2.5,1223,6.8,0.06,0.0,0.0,Spring,No Holiday,Yes
11/05/2018,941,20,16.7,52,0.9,1328,6.7,0.0,0.0,0.0,Spring,No Holiday,Yes
11/05/2018,1644,21,16.4,52,1.5,1273,6.5,0.0,0.0,0.0,Spring,No Holiday,Yes
11/05/2018,1556,22,16.2,54,1.1,1327,6.8,0.0,0.0,0.0,Spring,No Holiday,Yes
11/05/2018,1185,23,16.2,50,1.6,1327,5.7,0.0,0.0,0.0,Spring,No Holiday,Yes
12/05/2018,862,0,16.1,54,1.3,1052,6.7,0.0,0.0,0.0,Spring,No Holiday,Yes
12/05/2018,669,1,15.9,51,1.8,866,5.7,0.0,0.0,0.0,Spring,No Holiday,Yes
12/05/2018,416,2,15.5,62,1.0,730,8.2,0.0,0.0,0.0,Spring,No Holiday,Yes
12/05/2018,358,3,15.2,63,0.5,700,8.1,0.0,0.0,0.0,Spring,No Holiday,Yes
12/05/2018,207,4,15.0,61,0.8,867,7.5,0.0,0.0,0.0,Spring,No Holiday,Yes
12/05/2018,70,5,15.0,61,1.2,903,7.5,0.0,0.0,0.0,Spring,No Holiday,Yes
12/05/2018,37,6,14.4,71,1.3,560,9.2,0.0,0.4,0.0,Spring,No Holiday,Yes
12/05/2018,43,7,13.3,81,1.5,525,10.1,0.04,0.1,0.0,Spring,No Holiday,Yes
12/05/2018,20,8,12.0,87,1.0,296,9.8,0.1,1.0,0.0,Spring,No Holiday,Yes
12/05/2018,16,9,11.8,95,1.0,168,11.0,0.14,3.0,0.0,Spring,No Holiday,Yes
12/05/2018,6,10,11.8,96,1.3,221,11.1,0.12,2.5,0.0,Spring,No Holiday,Yes
12/05/2018,18,11,12.0,96,1.0,184,11.3,0.14,3.5,0.0,Spring,No Holiday,Yes
12/05/2018,11,12,12.3,97,0.8,238,11.8,0.14,2.0,0.0,Spring,No Holiday,Yes
12/05/2018,19,13,12.6,97,0.6,327,12.1,0.14,3.0,0.0,Spring,No Holiday,Yes
12/05/2018,22,14,13.0,97,0.8,211,12.5,0.15,2.0,0.0,Spring,No Holiday,Yes
12/05/2018,17,15,13.3,97,0.8,194,12.8,0.12,3.0,0.0,Spring,No Holiday,Yes
12/05/2018,34,16,13.8,97,0.7,196,13.3,0.12,1.5,0.0,Spring,No Holiday,Yes
12/05/2018,24,17,14.3,98,0.7,270,13.9,0.08,1.5,0.0,Spring,No Holiday,Yes
12/05/2018,22,18,15.4,97,1.9,340,14.9,0.03,2.0,0.0,Spring,No Holiday,Yes
12/05/2018,29,19,15.5,97,0.7,403,15.0,0.0,2.0,0.0,Spring,No Holiday,Yes
12/05/2018,29,20,15.7,97,0.3,343,15.2,0.0,1.0,0.0,Spring,No Holiday,Yes
12/05/2018,25,21,15.8,97,0.6,193,15.3,0.0,0.5,0.0,Spring,No Holiday,Yes
12/05/2018,30,22,15.8,98,0.4,179,15.4,0.0,1.5,0.0,Spring,No Holiday,Yes
12/05/2018,50,23,15.8,98,1.6,235,15.4,0.0,1.0,0.0,Spring,No Holiday,Yes
13/05/2018,145,0,15.5,97,1.5,181,15.0,0.0,0.5,0.0,Spring,No Holiday,Yes
13/05/2018,178,1,15.1,97,1.7,173,14.6,0.0,0.2,0.0,Spring,No Holiday,Yes
13/05/2018,189,2,14.5,97,2.9,359,14.0,0.0,0.1,0.0,Spring,No Holiday,Yes
13/05/2018,141,3,14.2,98,1.5,135,13.8,0.0,0.2,0.0,Spring,No Holiday,Yes
13/05/2018,83,4,13.8,98,2.9,27,13.4,0.0,0.0,0.0,Spring,No Holiday,Yes
13/05/2018,72,5,13.5,98,0.8,105,13.1,0.0,0.0,0.0,Spring,No Holiday,Yes
13/05/2018,139,6,13.5,98,0.4,251,13.1,0.01,0.0,0.0,Spring,No Holiday,Yes
13/05/2018,220,7,13.7,98,1.6,468,13.3,0.1,0.0,0.0,Spring,No Holiday,Yes
13/05/2018,397,8,14.1,98,1.3,834,13.7,0.26,0.0,0.0,Spring,No Holiday,Yes
13/05/2018,579,9,14.8,95,1.0,986,14.0,0.53,0.0,0.0,Spring,No Holiday,Yes
13/05/2018,716,10,15.2,88,2.2,1090,13.2,0.55,0.0,0.0,Spring,No Holiday,Yes
13/05/2018,993,11,16.4,78,1.6,1209,12.5,1.37,0.0,0.0,Spring,No Holiday,Yes
13/05/2018,1434,12,18.3,65,1.2,1489,11.5,2.4,0.0,0.0,Spring,No Holiday,Yes
13/05/2018,1839,13,19.1,65,1.9,1145,12.3,2.26,0.0,0.0,Spring,No Holiday,Yes
13/05/2018,2055,14,19.7,64,2.9,929,12.6,1.99,0.0,0.0,Spring,No Holiday,Yes
13/05/2018,2329,15,19.7,63,2.5,941,12.4,2.01,0.0,0.0,Spring,No Holiday,Yes
13/05/2018,2379,16,19.5,65,2.9,857,12.7,1.97,0.0,0.0,Spring,No Holiday,Yes
13/05/2018,2410,17,19.4,63,2.6,1099,12.1,1.61,0.0,0.0,Spring,No Holiday,Yes
13/05/2018,2338,18,19.0,66,1.3,1111,12.4,0.95,0.0,0.0,Spring,No Holiday,Yes
13/05/2018,2023,19,17.6,73,2.0,886,12.6,0.34,0.0,0.0,Spring,No Holiday,Yes
13/05/2018,1714,20,15.6,81,2.3,827,12.3,0.02,0.0,0.0,Spring,No Holiday,Yes
13/05/2018,1571,21,14.1,86,0.9,535,11.7,0.0,0.0,0.0,Spring,No Holiday,Yes
13/05/2018,1155,22,13.5,87,2.2,433,11.3,0.0,0.0,0.0,Spring,No Holiday,Yes
13/05/2018,814,23,13.0,89,1.3,326,11.2,0.0,0.0,0.0,Spring,No Holiday,Yes
14/05/2018,581,0,12.7,89,1.2,340,10.9,0.0,0.0,0.0,Spring,No Holiday,Yes
14/05/2018,377,1,12.4,94,1.3,307,11.4,0.0,0.0,0.0,Spring,No Holiday,Yes
14/05/2018,241,2,12.1,94,1.6,191,11.1,0.0,0.0,0.0,Spring,No Holiday,Yes
14/05/2018,167,3,11.9,95,1.5,180,11.1,0.0,0.0,0.0,Spring,No Holiday,Yes
14/05/2018,121,4,11.9,94,1.3,210,10.9,0.0,0.0,0.0,Spring,No Holiday,Yes
14/05/2018,199,5,11.9,93,0.8,241,10.7,0.0,0.0,0.0,Spring,No Holiday,Yes
14/05/2018,552,6,12.1,89,0.3,252,10.3,0.02,0.0,0.0,Spring,No Holiday,Yes
14/05/2018,1251,7,12.6,85,0.4,292,10.1,0.23,0.0,0.0,Spring,No Holiday,Yes
14/05/2018,1997,8,13.8,79,0.9,313,10.2,0.44,0.0,0.0,Spring,No Holiday,Yes
14/05/2018,1106,9,15.1,74,0.6,437,10.4,0.76,0.0,0.0,Spring,No Holiday,Yes
14/05/2018,779,10,16.6,67,0.9,479,10.4,1.23,0.0,0.0,Spring,No Holiday,Yes
14/05/2018,946,11,18.5,65,1.4,463,11.7,2.07,0.0,0.0,Spring,No Holiday,Yes
14/05/2018,1095,12,20.0,62,1.8,428,12.4,2.38,0.0,0.0,Spring,No Holiday,Yes
14/05/2018,1051,13,21.8,59,1.9,404,13.4,2.74,0.0,0.0,Spring,No Holiday,Yes
14/05/2018,1124,14,23.1,56,1.6,391,13.8,2.67,0.0,0.0,Spring,No Holiday,Yes
14/05/2018,1171,15,24.0,59,1.6,353,15.4,2.24,0.0,0.0,Spring,No Holiday,Yes
14/05/2018,1433,16,24.3,54,2.6,346,14.3,1.81,0.0,0.0,Spring,No Holiday,Yes
14/05/2018,1891,17,24.4,51,1.9,466,13.5,1.42,0.0,0.0,Spring,No Holiday,Yes
14/05/2018,2906,18,23.6,48,3.1,666,11.9,0.85,0.0,0.0,Spring,No Holiday,Yes
14/05/2018,2236,19,22.7,56,1.8,598,13.4,0.31,0.0,0.0,Spring,No Holiday,Yes
14/05/2018,1965,20,21.4,64,2.1,411,14.3,0.02,0.0,0.0,Spring,No Holiday,Yes
14/05/2018,1885,21,20.5,67,1.4,357,14.1,0.0,0.0,0.0,Spring,No Holiday,Yes
14/05/2018,1648,22,19.6,71,0.6,325,14.1,0.0,0.0,0.0,Spring,No Holiday,Yes
14/05/2018,1071,23,18.8,73,0.8,291,13.8,0.0,0.0,0.0,Spring,No Holiday,Yes
15/05/2018,764,0,18.1,77,0.5,287,13.9,0.0,0.0,0.0,Spring,No Holiday,Yes
15/05/2018,563,1,17.5,78,0.6,277,13.6,0.0,0.0,0.0,Spring,No Holiday,Yes
15/05/2018,372,2,17.1,74,0.4,350,12.4,0.0,0.0,0.0,Spring,No Holiday,Yes
15/05/2018,241,3,16.6,74,0.4,402,11.9,0.0,0.0,0.0,Spring,No Holiday,Yes
15/05/2018,170,4,16.1,74,0.8,440,11.4,0.0,0.0,0.0,Spring,No Holiday,Yes
15/05/2018,182,5,15.7,76,0.6,330,11.4,0.0,0.0,0.0,Spring,No Holiday,Yes
15/05/2018,562,6,15.4,84,0.8,235,12.7,0.03,0.0,0.0,Spring,No Holiday,Yes
15/05/2018,1239,7,16.2,79,1.2,239,12.5,0.36,0.0,0.0,Spring,No Holiday,Yes
15/05/2018,2059,8,18.4,68,1.1,254,12.3,0.88,0.0,0.0,Spring,No Holiday,Yes
15/05/2018,1148,9,20.8,53,0.8,381,10.8,1.58,0.0,0.0,Spring,No Holiday,Yes
15/05/2018,832,10,22.7,37,0.9,879,7.2,2.18,0.0,0.0,Spring,No Holiday,Yes
15/05/2018,944,11,24.8,36,1.8,973,8.7,2.7,0.0,0.0,Spring,No Holiday,Yes
15/05/2018,1058,12,26.3,36,1.1,1133,10.0,2.88,0.0,0.0,Spring,No Holiday,Yes
15/05/2018,1080,13,27.8,34,1.5,1306,10.4,3.14,0.0,0.0,Spring,No Holiday,Yes
15/05/2018,1092,14,28.5,33,0.9,1348,10.6,2.51,0.0,0.0,Spring,No Holiday,Yes
15/05/2018,1210,15,29.1,38,1.7,1602,13.3,1.89,0.0,0.0,Spring,No Holiday,Yes
15/05/2018,1458,16,28.8,37,2.4,1629,12.6,1.44,0.0,0.0,Spring,No Holiday,Yes
15/05/2018,1951,17,28.5,43,1.7,1404,14.6,1.06,0.0,0.0,Spring,No Holiday,Yes
15/05/2018,2915,18,27.5,47,2.5,1113,15.1,0.43,0.0,0.0,Spring,No Holiday,Yes
15/05/2018,2248,19,26.9,49,0.9,1063,15.2,0.1,0.0,0.0,Spring,No Holiday,Yes
15/05/2018,1958,20,26.3,53,1.0,908,15.9,0.0,0.0,0.0,Spring,No Holiday,Yes
15/05/2018,1944,21,25.6,56,0.7,884,16.1,0.0,0.0,0.0,Spring,No Holiday,Yes
15/05/2018,1640,22,25.0,59,0.6,742,16.4,0.0,0.0,0.0,Spring,No Holiday,Yes
15/05/2018,848,23,24.8,60,1.0,795,16.5,0.0,0.0,0.0,Spring,No Holiday,Yes
16/05/2018,662,0,24.4,63,0.8,745,16.8,0.0,0.0,0.0,Spring,No Holiday,Yes
16/05/2018,502,1,24.1,67,0.5,686,17.5,0.0,0.0,0.0,Spring,No Holiday,Yes
16/05/2018,145,2,23.9,69,0.3,531,17.8,0.0,0.2,0.0,Spring,No Holiday,Yes
16/05/2018,166,3,22.6,89,0.7,327,20.6,0.0,0.8,0.0,Spring,No Holiday,Yes
16/05/2018,124,4,22.3,86,0.5,387,19.8,0.0,0.0,0.0,Spring,No Holiday,Yes
16/05/2018,52,5,22.3,87,0.6,399,20.0,0.0,0.0,0.0,Spring,No Holiday,Yes
16/05/2018,135,6,22.1,94,0.9,269,21.0,0.0,2.0,0.0,Spring,No Holiday,Yes
16/05/2018,367,7,22.0,95,0.7,342,21.1,0.0,0.0,0.0,Spring,No Holiday,Yes
16/05/2018,291,8,22.4,93,1.2,683,21.2,0.04,0.0,0.0,Spring,No Holiday,Yes
16/05/2018,97,9,22.8,93,3.1,569,21.6,0.06,4.0,0.0,Spring,No Holiday,Yes
16/05/2018,81,10,22.8,95,1.7,176,21.9,0.05,1.0,0.0,Spring,No Holiday,Yes
16/05/2018,243,11,22.7,93,4.8,832,21.5,0.17,0.0,0.0,Spring,No Holiday,Yes
16/05/2018,59,12,22.9,87,4.0,1497,20.6,0.22,0.0,0.0,Spring,No Holiday,Yes
16/05/2018,151,13,21.8,97,2.4,682,21.2,0.06,35.0,0.0,Spring,No Holiday,Yes
16/05/2018,248,14,22.0,96,2.9,1327,21.3,0.39,0.0,0.0,Spring,No Holiday,Yes
16/05/2018,240,15,22.0,96,2.9,313,21.3,0.2,0.0,0.0,Spring,No Holiday,Yes
16/05/2018,223,16,21.8,97,1.8,206,21.2,0.18,0.0,0.0,Spring,No Holiday,Yes
16/05/2018,304,17,21.9,97,3.2,207,21.3,0.14,0.5,0.0,Spring,No Holiday,Yes
16/05/2018,562,18,21.9,97,2.1,191,21.3,0.08,0.0,0.0,Spring,No Holiday,Yes
16/05/2018,404,19,21.9,97,2.2,196,21.3,0.01,0.0,0.0,Spring,No Holiday,Yes
16/05/2018,338,20,21.8,97,2.2,156,21.2,0.0,0.5,0.0,Spring,No Holiday,Yes
16/05/2018,398,21,21.8,97,1.3,160,21.2,0.0,0.5,0.0,Spring,No Holiday,Yes
16/05/2018,399,22,21.9,97,1.5,164,21.3,0.0,0.0,0.0,Spring,No Holiday,Yes
16/05/2018,225,23,22.0,97,0.9,158,21.4,0.0,0.0,0.0,Spring,No Holiday,Yes
17/05/2018,118,0,22.0,97,1.6,152,21.4,0.0,0.5,0.0,Spring,No Holiday,Yes
17/05/2018,144,1,22.0,97,2.1,192,21.4,0.0,0.5,0.0,Spring,No Holiday,Yes
17/05/2018,78,2,21.8,97,1.3,175,21.2,0.0,1.0,0.0,Spring,No Holiday,Yes
17/05/2018,38,3,21.8,98,0.6,113,21.4,0.0,2.5,0.0,Spring,No Holiday,Yes
17/05/2018,51,4,19.2,98,2.4,1965,18.8,0.0,19.0,0.0,Spring,No Holiday,Yes
17/05/2018,54,5,18.8,97,0.9,1927,18.3,0.0,0.0,0.0,Spring,No Holiday,Yes
17/05/2018,69,6,18.9,98,0.3,338,18.5,0.0,0.0,0.0,Spring,No Holiday,Yes
17/05/2018,80,7,19.1,98,0.3,125,18.7,0.0,0.0,0.0,Spring,No Holiday,Yes
17/05/2018,152,8,19.7,98,0.5,1958,19.3,0.12,13.5,0.0,Spring,No Holiday,Yes
17/05/2018,28,9,19.7,98,0.5,659,19.3,0.05,10.0,0.0,Spring,No Holiday,Yes
17/05/2018,141,10,20.1,98,1.2,885,19.7,0.13,2.0,0.0,Spring,No Holiday,Yes
17/05/2018,182,11,20.4,98,0.9,300,20.0,0.25,2.5,0.0,Spring,No Holiday,Yes
17/05/2018,467,12,21.7,96,0.8,1773,21.0,0.81,1.5,0.0,Spring,No Holiday,Yes
17/05/2018,592,13,23.4,83,1.7,1944,20.3,1.5,0.0,0.0,Spring,No Holiday,Yes
17/05/2018,352,14,23.4,81,0.6,1921,19.9,0.5,0.0,0.0,Spring,No Holiday,Yes
17/05/2018,186,15,22.8,95,1.6,294,21.9,0.11,0.5,0.0,Spring,No Holiday,Yes
17/05/2018,102,16,22.9,95,0.4,385,22.0,0.31,0.0,0.0,Spring,No Holiday,Yes
17/05/2018,131,17,22.7,96,0.4,249,22.0,0.11,2.5,0.0,Spring,No Holiday,Yes
17/05/2018,431,18,22.6,97,1.1,304,22.0,0.07,1.5,0.0,Spring,No Holiday,Yes
17/05/2018,29,19,22.3,96,2.6,191,21.6,0.0,0.0,0.0,Spring,No Holiday,Yes
17/05/2018,17,20,21.3,97,2.8,388,20.7,0.0,12.5,0.0,Spring,No Holiday,Yes
17/05/2018,18,21,20.5,97,1.1,726,20.0,0.0,4.0,0.0,Spring,No Holiday,Yes
17/05/2018,26,22,20.2,98,0.5,468,19.8,0.0,6.0,0.0,Spring,No Holiday,Yes
17/05/2018,35,23,20.0,98,1.8,589,19.6,0.0,2.5,0.0,Spring,No Holiday,Yes
18/05/2018,129,0,19.3,97,1.8,523,18.8,0.0,1.0,0.0,Spring,No Holiday,Yes
18/05/2018,116,1,19.0,97,1.5,278,18.5,0.0,1.0,0.0,Spring,No Holiday,Yes
18/05/2018,48,2,18.8,98,1.5,237,18.4,0.0,0.5,0.0,Spring,No Holiday,Yes
18/05/2018,47,3,18.3,98,1.6,320,17.9,0.0,2.0,0.0,Spring,No Holiday,Yes
18/05/2018,22,4,18.1,98,1.7,223,17.7,0.0,1.0,0.0,Spring,No Holiday,Yes
18/05/2018,29,5,17.8,98,1.0,457,17.4,0.0,0.5,0.0,Spring,No Holiday,Yes
18/05/2018,77,6,17.4,98,0.3,234,17.0,0.0,0.0,0.0,Spring,No Holiday,Yes
18/05/2018,210,7,16.6,98,0.6,219,16.2,0.01,0.5,0.0,Spring,No Holiday,Yes
18/05/2018,400,8,16.4,98,0.3,514,16.0,0.11,0.0,0.0,Spring,No Holiday,Yes
18/05/2018,427,9,16.6,98,0.6,301,16.2,0.18,0.5,0.0,Spring,No Holiday,Yes
18/05/2018,454,10,16.3,97,1.0,693,15.8,0.37,0.0,0.0,Spring,No Holiday,Yes
18/05/2018,352,11,16.6,96,0.7,539,15.9,0.41,0.0,0.0,Spring,No Holiday,Yes
18/05/2018,185,12,16.6,96,0.8,430,15.9,0.34,0.0,0.0,Spring,No Holiday,Yes
18/05/2018,509,13,16.7,93,1.0,1373,15.5,0.72,0.5,0.0,Spring,No Holiday,Yes
18/05/2018,697,14,16.7,88,1.5,1760,14.6,0.72,0.0,0.0,Spring,No Holiday,Yes
18/05/2018,906,15,16.7,85,1.2,2000,14.1,0.49,0.0,0.0,Spring,No Holiday,Yes
18/05/2018,1182,16,17.0,82,1.9,2000,13.8,0.84,0.0,0.0,Spring,No Holiday,Yes
18/05/2018,1551,17,17.2,81,1.2,2000,13.9,0.57,0.0,0.0,Spring,No Holiday,Yes
18/05/2018,2261,18,17.5,79,1.5,2000,13.8,0.57,0.0,0.0,Spring,No Holiday,Yes
18/05/2018,1751,19,17.0,76,1.5,2000,12.7,0.29,0.0,0.0,Spring,No Holiday,Yes
18/05/2018,1386,20,16.2,76,2.1,2000,11.9,0.02,0.0,0.0,Spring,No Holiday,Yes
18/05/2018,1263,21,15.3,73,2.3,2000,10.4,0.0,0.0,0.0,Spring,No Holiday,Yes
18/05/2018,1221,22,14.2,73,1.9,2000,9.4,0.0,0.0,0.0,Spring,No Holiday,Yes
18/05/2018,864,23,13.2,68,1.8,2000,7.4,0.0,0.0,0.0,Spring,No Holiday,Yes
19/05/2018,689,0,12.2,67,1.2,2000,6.2,0.0,0.0,0.0,Spring,No Holiday,Yes
19/05/2018,676,1,11.4,74,1.3,2000,6.9,0.0,0.0,0.0,Spring,No Holiday,Yes
19/05/2018,526,2,11.1,74,1.9,2000,6.6,0.0,0.0,0.0,Spring,No Holiday,Yes
19/05/2018,320,3,10.7,73,1.3,2000,6.0,0.0,0.0,0.0,Spring,No Holiday,Yes
19/05/2018,213,4,10.5,73,1.2,2000,5.8,0.0,0.0,0.0,Spring,No Holiday,Yes
19/05/2018,198,5,10.4,71,1.1,2000,5.3,0.0,0.0,0.0,Spring,No Holiday,Yes
19/05/2018,234,6,10.5,70,1.0,2000,5.2,0.03,0.0,0.0,Spring,No Holiday,Yes
19/05/2018,436,7,11.4,0,1.4,2000,4.5,0.46,0.0,0.0,Spring,No Holiday,Yes
19/05/2018,766,8,13.7,57,1.4,2000,5.3,1.28,0.0,0.0,Spring,No Holiday,Yes
19/05/2018,932,9,15.7,49,1.6,2000,5.0,2.0,0.0,0.0,Spring,No Holiday,Yes
19/05/2018,1051,10,17.2,45,2.1,2000,5.1,2.61,0.0,0.0,Spring,No Holiday,Yes
19/05/2018,1290,11,19.0,44,1.4,2000,6.4,3.12,0.0,0.0,Spring,No Holiday,Yes
19/05/2018,1573,12,20.5,42,2.1,2000,7.1,3.42,0.0,0.0,Spring,No Holiday,Yes
19/05/2018,1865,13,21.9,39,2.0,2000,7.3,3.52,0.0,0.0,Spring,No Holiday,Yes
19/05/2018,2128,14,22.8,39,2.6,1983,8.1,3.39,0.0,0.0,Spring,No Holiday,Yes
19/05/2018,2268,15,23.9,37,1.6,2000,8.3,3.07,0.0,0.0,Spring,No Holiday,Yes
19/05/2018,2479,16,24.5,34,1.5,2000,7.5,2.54,0.0,0.0,Spring,No Holiday,Yes
19/05/2018,2355,17,24.5,35,1.8,1927,8.0,1.93,0.0,0.0,Spring,No Holiday,Yes
19/05/2018,2439,18,24.0,34,1.7,2000,7.1,1.22,0.0,0.0,Spring,No Holiday,Yes
19/05/2018,2140,19,22.6,34,1.5,2000,5.9,0.51,0.0,0.0,Spring,No Holiday,Yes
19/05/2018,1872,20,20.9,34,1.4,2000,4.4,0.03,0.0,0.0,Spring,No Holiday,Yes
19/05/2018,1780,21,19.5,34,1.3,2000,3.2,0.0,0.0,0.0,Spring,No Holiday,Yes
19/05/2018,1595,22,18.4,34,1.2,2000,2.2,0.0,0.0,0.0,Spring,No Holiday,Yes
19/05/2018,1169,23,17.1,37,1.3,2000,2.2,0.0,0.0,0.0,Spring,No Holiday,Yes
20/05/2018,986,0,15.8,41,1.2,2000,2.5,0.0,0.0,0.0,Spring,No Holiday,Yes
20/05/2018,713,1,14.7,43,1.2,2000,2.2,0.0,0.0,0.0,Spring,No Holiday,Yes
20/05/2018,473,2,13.9,43,0.9,2000,1.5,0.0,0.0,0.0,Spring,No Holiday,Yes
20/05/2018,347,3,13.5,41,1.0,2000,0.4,0.0,0.0,0.0,Spring,No Holiday,Yes
20/05/2018,205,4,12.8,44,0.8,2000,0.8,0.0,0.0,0.0,Spring,No Holiday,Yes
20/05/2018,160,5,12.1,47,1.6,2000,1.1,0.0,0.0,0.0,Spring,No Holiday,Yes
20/05/2018,190,6,11.6,46,0.8,2000,0.3,0.05,0.0,0.0,Spring,No Holiday,Yes
20/05/2018,341,7,12.3,43,0.6,2000,0.0,0.3,0.0,0.0,Spring,No Holiday,Yes
20/05/2018,524,8,14.1,38,1.0,2000,0.0,0.72,0.0,0.0,Spring,No Holiday,Yes
20/05/2018,676,9,16.0,34,1.3,2000,0.1,1.0,0.0,0.0,Spring,No Holiday,Yes
20/05/2018,899,10,17.0,37,1.4,2000,2.1,0.94,0.0,0.0,Spring,No Holiday,Yes
20/05/2018,1013,11,18.7,30,1.9,2000,0.7,1.66,0.0,0.0,Spring,No Holiday,Yes
20/05/2018,1313,12,18.8,31,1.2,2000,1.2,0.92,0.0,0.0,Spring,No Holiday,Yes
20/05/2018,1559,13,19.9,33,1.4,2000,3.1,1.28,0.0,0.0,Spring,No Holiday,Yes
20/05/2018,1680,14,20.3,30,1.8,2000,2.1,1.01,0.0,0.0,Spring,No Holiday,Yes
20/05/2018,1999,15,21.0,28,1.7,2000,1.7,1.16,0.0,0.0,Spring,No Holiday,Yes
20/05/2018,2143,16,22.2,23,2.2,2000,0.0,1.66,0.0,0.0,Spring,No Holiday,Yes
20/05/2018,2310,17,22.4,23,2.4,2000,0.2,1.89,0.0,0.0,Spring,No Holiday,Yes
20/05/2018,2403,18,22.2,22,1.8,2000,-0.5,1.25,0.0,0.0,Spring,No Holiday,Yes
20/05/2018,2145,19,20.8,24,2.0,2000,-0.5,0.56,0.0,0.0,Spring,No Holiday,Yes
20/05/2018,1846,20,19.0,26,1.5,2000,-0.9,0.02,0.0,0.0,Spring,No Holiday,Yes
20/05/2018,1636,21,17.8,26,1.3,2000,-1.9,0.0,0.0,0.0,Spring,No Holiday,Yes
20/05/2018,1325,22,16.8,29,1.2,2000,-1.3,0.0,0.0,0.0,Spring,No Holiday,Yes
20/05/2018,943,23,15.8,30,1.1,2000,-1.7,0.0,0.0,0.0,Spring,No Holiday,Yes
21/05/2018,666,0,15.3,29,1.3,2000,-2.6,0.0,0.0,0.0,Spring,No Holiday,Yes
21/05/2018,420,1,14.5,31,1.1,2000,-2.4,0.0,0.0,0.0,Spring,No Holiday,Yes
21/05/2018,262,2,13.9,0,0.9,2000,-2.1,0.0,0.0,0.0,Spring,No Holiday,Yes
21/05/2018,165,3,13.0,0,0.8,2000,-2.5,0.0,0.0,0.0,Spring,No Holiday,Yes
21/05/2018,113,4,12.4,0,0.8,2000,-3.4,0.0,0.0,0.0,Spring,No Holiday,Yes
21/05/2018,200,5,11.9,0,1.3,2000,-2.7,0.0,0.0,0.0,Spring,No Holiday,Yes
21/05/2018,467,6,11.4,0,0.9,2000,-2.0,0.03,0.0,0.0,Spring,No Holiday,Yes
21/05/2018,1135,7,12.3,0,0.9,1989,-2.7,0.48,0.0,0.0,Spring,No Holiday,Yes
21/05/2018,1785,8,15.3,30,1.3,2000,-2.2,1.3,0.0,0.0,Spring,No Holiday,Yes
21/05/2018,1118,9,17.7,27,1.3,2000,-1.5,2.02,0.0,0.0,Spring,No Holiday,Yes
21/05/2018,962,10,19.3,27,1.4,2000,-0.1,2.63,0.0,0.0,Spring,No Holiday,Yes
21/05/2018,1129,11,20.9,27,1.7,2000,1.1,3.11,0.0,0.0,Spring,No Holiday,Yes
21/05/2018,1373,12,21.8,31,2.1,2000,3.9,3.39,0.0,0.0,Spring,No Holiday,Yes
21/05/2018,1456,13,22.8,31,1.9,1923,4.7,3.49,0.0,0.0,Spring,No Holiday,Yes
21/05/2018,1483,14,23.4,36,2.8,1947,7.4,3.11,0.0,0.0,Spring,No Holiday,Yes
21/05/2018,1612,15,23.3,38,1.5,1963,8.1,2.13,0.0,0.0,Spring,No Holiday,Yes
21/05/2018,1820,16,22.7,42,1.9,2000,9.1,1.13,0.0,0.0,Spring,No Holiday,Yes
21/05/2018,2214,17,22.2,45,2.4,2000,9.6,0.83,0.0,0.0,Spring,No Holiday,Yes
21/05/2018,3069,18,21.6,48,2.5,1884,10.1,0.61,0.0,0.0,Spring,No Holiday,Yes
21/05/2018,2450,19,19.5,56,1.6,1600,10.4,0.29,0.0,0.0,Spring,No Holiday,Yes
21/05/2018,2167,20,18.4,59,2.6,1476,10.2,0.04,0.0,0.0,Spring,No Holiday,Yes
21/05/2018,2065,21,17.7,63,0.5,1324,10.5,0.0,0.0,0.0,Spring,No Holiday,Yes
21/05/2018,1832,22,16.9,65,0.3,1281,10.2,0.0,0.0,0.0,Spring,No Holiday,Yes
21/05/2018,1273,23,16.3,70,0.7,1293,10.8,0.0,0.0,0.0,Spring,No Holiday,Yes
22/05/2018,957,0,16.0,71,0.5,1299,10.7,0.0,0.0,0.0,Spring,Holiday,Yes
22/05/2018,810,1,15.9,71,1.1,1312,10.6,0.0,0.0,0.0,Spring,Holiday,Yes
22/05/2018,590,2,15.7,74,1.0,1313,11.0,0.0,0.0,0.0,Spring,Holiday,Yes
22/05/2018,406,3,15.5,0,0.7,1420,10.4,0.0,0.0,0.0,Spring,Holiday,Yes
22/05/2018,248,4,15.6,0,0.5,1502,10.5,0.0,0.0,0.0,Spring,Holiday,Yes
22/05/2018,182,5,15.7,0,0.6,1610,10.6,0.0,0.0,0.0,Spring,Holiday,Yes
22/05/2018,277,6,15.5,0,0.5,1691,10.4,0.06,0.0,0.0,Spring,Holiday,Yes
22/05/2018,443,7,16.3,69,0.7,1750,10.5,0.34,0.0,0.0,Spring,Holiday,Yes
22/05/2018,694,8,18.2,63,0.8,1731,11.0,1.0,0.0,0.0,Spring,Holiday,Yes
22/05/2018,912,9,19.3,62,0.8,1894,11.8,1.14,0.0,0.0,Spring,Holiday,Yes
22/05/2018,1119,10,20.7,55,1.8,1698,11.3,1.43,0.0,0.0,Spring,Holiday,Yes
22/05/2018,1438,11,21.9,55,1.4,1820,12.4,1.87,0.0,0.0,Spring,Holiday,Yes
22/05/2018,1798,12,22.9,51,1.1,1591,12.2,1.8,0.0,0.0,Spring,Holiday,Yes
22/05/2018,2000,13,22.7,52,1.0,1399,12.3,0.94,0.0,0.0,Spring,Holiday,Yes
22/05/2018,1407,14,22.8,53,1.4,1630,12.7,0.98,0.0,0.0,Spring,Holiday,Yes
22/05/2018,163,15,21.1,72,2.7,663,15.8,0.31,0.1,0.0,Spring,Holiday,Yes
22/05/2018,86,16,19.5,80,1.2,553,15.9,0.53,0.4,0.0,Spring,Holiday,Yes
22/05/2018,50,17,18.6,84,1.8,499,15.8,0.28,1.0,0.0,Spring,Holiday,Yes
22/05/2018,30,18,17.9,93,1.2,258,16.7,0.13,2.0,0.0,Spring,Holiday,Yes
22/05/2018,45,19,17.6,93,0.3,331,16.4,0.06,1.5,0.0,Spring,Holiday,Yes
22/05/2018,30,20,17.2,85,1.4,467,14.6,0.0,0.5,0.0,Spring,Holiday,Yes
22/05/2018,58,21,17.0,85,1.1,597,14.4,0.0,0.5,0.0,Spring,Holiday,Yes
22/05/2018,29,22,16.8,87,0.6,447,14.6,0.0,0.5,0.0,Spring,Holiday,Yes
22/05/2018,18,23,16.3,96,1.1,198,15.6,0.0,2.5,0.0,Spring,Holiday,Yes
23/05/2018,32,0,15.8,97,2.4,181,15.3,0.0,3.5,0.0,Spring,No Holiday,Yes
23/05/2018,25,1,15.3,97,3.2,178,14.8,0.0,3.0,0.0,Spring,No Holiday,Yes
23/05/2018,34,2,15.0,97,2.5,236,14.5,0.0,3.0,0.0,Spring,No Holiday,Yes
23/05/2018,43,3,14.9,96,2.2,636,14.2,0.0,0.5,0.0,Spring,No Holiday,Yes
23/05/2018,59,4,15.0,97,1.4,1827,14.5,0.0,0.0,0.0,Spring,No Holiday,Yes
23/05/2018,152,5,14.6,87,2.2,2000,12.4,0.0,0.0,0.0,Spring,No Holiday,Yes
23/05/2018,436,6,13.9,83,3.2,2000,11.0,0.04,0.0,0.0,Spring,No Holiday,Yes
23/05/2018,1241,7,13.6,75,1.6,1987,9.2,0.47,0.0,0.0,Spring,No Holiday,Yes
23/05/2018,2035,8,14.6,70,3.1,2000,9.1,1.28,0.0,0.0,Spring,No Holiday,Yes
23/05/2018,1125,9,16.0,60,1.9,1992,8.2,1.98,0.0,0.0,Spring,No Holiday,Yes
23/05/2018,871,10,17.9,56,3.3,1919,8.9,2.63,0.0,0.0,Spring,No Holiday,Yes
23/05/2018,1012,11,18.9,42,3.8,2000,5.6,3.13,0.0,0.0,Spring,No Holiday,Yes
23/05/2018,1216,12,20.1,37,4.0,1910,4.9,3.44,0.0,0.0,Spring,No Holiday,Yes
23/05/2018,1167,13,20.9,33,3.9,1853,4.0,3.52,0.0,0.0,Spring,No Holiday,Yes
23/05/2018,1183,14,22.0,33,3.4,1966,4.9,3.41,0.0,0.0,Spring,No Holiday,Yes
23/05/2018,1332,15,23.0,29,2.9,1876,3.9,3.11,0.0,0.0,Spring,No Holiday,Yes
23/05/2018,1563,16,23.0,33,4.2,1880,5.8,2.57,0.0,0.0,Spring,No Holiday,Yes
23/05/2018,2069,17,22.4,39,3.2,1943,7.7,1.9,0.0,0.0,Spring,No Holiday,Yes
23/05/2018,3123,18,21.7,40,3.5,1987,7.4,1.18,0.0,0.0,Spring,No Holiday,Yes
23/05/2018,2454,19,18.8,52,3.4,2000,8.7,0.49,0.0,0.0,Spring,No Holiday,Yes
23/05/2018,2001,20,16.7,61,1.9,2000,9.1,0.05,0.0,0.0,Spring,No Holiday,Yes
23/05/2018,1833,21,15.4,61,1.1,1959,7.9,0.0,0.0,0.0,Spring,No Holiday,Yes
23/05/2018,1588,22,14.8,59,1.0,1740,6.8,0.0,0.0,0.0,Spring,No Holiday,Yes
23/05/2018,1080,23,14.6,54,1.5,1596,5.3,0.0,0.0,0.0,Spring,No Holiday,Yes
24/05/2018,778,0,13.7,51,1.3,1651,3.7,0.0,0.0,0.0,Spring,No Holiday,Yes
24/05/2018,578,1,12.9,62,0.6,1557,5.7,0.0,0.0,0.0,Spring,No Holiday,Yes
24/05/2018,385,2,12.5,54,0.7,1500,3.4,0.0,0.0,0.0,Spring,No Holiday,Yes
24/05/2018,265,3,12.1,64,0.8,1538,5.4,0.0,0.0,0.0,Spring,No Holiday,Yes
24/05/2018,161,4,11.7,64,1.6,1578,5.1,0.0,0.0,0.0,Spring,No Holiday,Yes
24/05/2018,205,5,11.3,64,1.2,1634,4.7,0.0,0.0,0.0,Spring,No Holiday,Yes
24/05/2018,530,6,11.4,67,1.0,1600,5.4,0.04,0.0,0.0,Spring,No Holiday,Yes
24/05/2018,1390,7,12.5,61,1.3,1818,5.1,0.42,0.0,0.0,Spring,No Holiday,Yes
24/05/2018,2081,8,15.2,50,1.6,1530,4.8,1.1,0.0,0.0,Spring,No Holiday,Yes
24/05/2018,1226,9,17.6,30,1.1,1531,0.0,1.79,0.0,0.0,Spring,No Holiday,Yes
24/05/2018,880,10,19.9,27,2.7,1775,0.3,2.44,0.0,0.0,Spring,No Holiday,Yes
24/05/2018,922,11,21.5,30,2.9,1779,3.1,2.92,0.0,0.0,Spring,No Holiday,Yes
24/05/2018,1087,12,22.1,36,5.3,1696,6.3,3.2,0.0,0.0,Spring,No Holiday,Yes
24/05/2018,1078,13,23.3,35,3.7,1874,6.9,3.28,0.0,0.0,Spring,No Holiday,Yes
24/05/2018,1059,14,23.2,36,4.9,1597,7.2,3.18,0.0,0.0,Spring,No Holiday,Yes
24/05/2018,1174,15,23.5,36,3.2,1786,7.5,2.91,0.0,0.0,Spring,No Holiday,Yes
24/05/2018,1455,16,23.5,36,4.0,1763,7.5,2.42,0.0,0.0,Spring,No Holiday,Yes
24/05/2018,1863,17,23.4,38,2.7,1885,8.2,1.76,0.0,0.0,Spring,No Holiday,Yes
24/05/2018,2825,18,22.6,39,2.8,1655,7.9,1.1,0.0,0.0,Spring,No Holiday,Yes
24/05/2018,2334,19,21.1,44,2.6,1512,8.3,0.41,0.0,0.0,Spring,No Holiday,Yes
24/05/2018,1902,20,20.0,46,2.6,1414,8.0,0.05,0.0,0.0,Spring,No Holiday,Yes
24/05/2018,1838,21,19.3,50,1.7,1381,8.6,0.0,0.0,0.0,Spring,No Holiday,Yes
24/05/2018,1678,22,18.6,54,2.3,1328,9.0,0.0,0.0,0.0,Spring,No Holiday,Yes
24/05/2018,1087,23,18.1,56,1.6,1095,9.1,0.0,0.0,0.0,Spring,No Holiday,Yes
25/05/2018,831,0,17.6,57,1.8,943,8.9,0.0,0.0,0.0,Spring,No Holiday,Yes
25/05/2018,610,1,16.9,61,1.0,844,9.3,0.0,0.0,0.0,Spring,No Holiday,Yes
25/05/2018,437,2,16.1,70,0.6,787,10.6,0.0,0.0,0.0,Spring,No Holiday,Yes
25/05/2018,286,3,15.4,71,0.5,780,10.1,0.0,0.0,0.0,Spring,No Holiday,Yes
25/05/2018,188,4,14.8,71,0.4,700,9.5,0.0,0.0,0.0,Spring,No Holiday,Yes
25/05/2018,201,5,14.3,75,0.6,635,9.9,0.0,0.0,0.0,Spring,No Holiday,Yes
25/05/2018,531,6,13.8,74,0.7,644,9.2,0.05,0.0,0.0,Spring,No Holiday,Yes
25/05/2018,1250,7,14.4,66,1.1,704,8.1,0.42,0.0,0.0,Spring,No Holiday,Yes
25/05/2018,1996,8,17.1,57,1.7,792,8.5,1.21,0.0,0.0,Spring,No Holiday,Yes
25/05/2018,1121,9,19.5,44,1.3,995,6.9,1.88,0.0,0.0,Spring,No Holiday,Yes
25/05/2018,819,10,21.4,30,2.5,1730,3.0,2.53,0.0,0.0,Spring,No Holiday,Yes
25/05/2018,959,11,23.1,30,2.5,1896,4.5,3.01,0.0,0.0,Spring,No Holiday,Yes
25/05/2018,1082,12,24.4,24,2.9,1811,2.5,3.28,0.0,0.0,Spring,No Holiday,Yes
25/05/2018,1106,13,25.6,26,2.7,1747,4.6,3.36,0.0,0.0,Spring,No Holiday,Yes
25/05/2018,1161,14,26.0,23,2.3,1923,3.2,2.92,0.0,0.0,Spring,No Holiday,Yes
25/05/2018,1306,15,25.1,25,2.7,1959,3.6,2.2,0.0,0.0,Spring,No Holiday,Yes
25/05/2018,1533,16,24.3,27,4.1,1892,4.0,1.78,0.0,0.0,Spring,No Holiday,Yes
25/05/2018,2013,17,23.6,28,3.1,1844,4.0,1.26,0.0,0.0,Spring,No Holiday,Yes
25/05/2018,2916,18,23.3,32,2.6,1772,5.6,1.05,0.0,0.0,Spring,No Holiday,Yes
25/05/2018,2227,19,22.0,40,1.6,1658,7.7,0.47,0.0,0.0,Spring,No Holiday,Yes
25/05/2018,1905,20,20.4,45,2.0,1457,8.0,0.06,0.0,0.0,Spring,No Holiday,Yes
25/05/2018,1740,21,19.1,50,1.4,1378,8.4,0.0,0.0,0.0,Spring,No Holiday,Yes
25/05/2018,1630,22,18.3,54,1.7,1394,8.8,0.0,0.0,0.0,Spring,No Holiday,Yes
25/05/2018,1209,23,17.6,55,0.5,1362,8.4,0.0,0.0,0.0,Spring,No Holiday,Yes
26/05/2018,987,0,17.0,59,1.1,1299,8.9,0.0,0.0,0.0,Spring,No Holiday,Yes
26/05/2018,837,1,16.2,63,0.7,1328,9.1,0.0,0.0,0.0,Spring,No Holiday,Yes
26/05/2018,572,2,15.8,66,0.6,1204,9.4,0.0,0.0,0.0,Spring,No Holiday,Yes
26/05/2018,419,3,15.3,69,0.5,1103,9.6,0.0,0.0,0.0,Spring,No Holiday,Yes
26/05/2018,232,4,14.8,73,0.5,994,9.9,0.0,0.0,0.0,Spring,No Holiday,Yes
26/05/2018,198,5,14.4,73,0.4,978,9.6,0.0,0.0,0.0,Spring,No Holiday,Yes
26/05/2018,299,6,14.2,72,0.6,947,9.2,0.04,0.0,0.0,Spring,No Holiday,Yes
26/05/2018,503,7,15.0,64,0.6,902,8.2,0.46,0.0,0.0,Spring,No Holiday,Yes
26/05/2018,763,8,17.8,52,0.6,1094,7.8,1.18,0.0,0.0,Spring,No Holiday,Yes
26/05/2018,992,9,20.6,43,1.1,1104,7.5,1.84,0.0,0.0,Spring,No Holiday,Yes
26/05/2018,1010,10,23.2,41,1.1,1440,9.2,2.45,0.0,0.0,Spring,No Holiday,Yes
26/05/2018,1164,11,24.8,34,0.9,1439,7.8,2.92,0.0,0.0,Spring,No Holiday,Yes
26/05/2018,1285,12,26.2,31,1.2,1161,7.7,3.18,0.0,0.0,Spring,No Holiday,Yes
26/05/2018,1441,13,27.8,31,2.0,1326,9.1,3.29,0.0,0.0,Spring,No Holiday,Yes
26/05/2018,1448,14,28.3,30,2.3,1025,9.0,3.14,0.0,0.0,Spring,No Holiday,Yes
26/05/2018,1575,15,29.4,30,2.0,882,10.0,2.82,0.0,0.0,Spring,No Holiday,Yes
26/05/2018,1690,16,29.0,31,2.9,889,10.1,2.26,0.0,0.0,Spring,No Holiday,Yes
26/05/2018,1886,17,27.9,34,3.8,1259,10.5,1.73,0.0,0.0,Spring,No Holiday,Yes
26/05/2018,2020,18,27.0,33,2.2,822,9.3,1.07,0.0,0.0,Spring,No Holiday,Yes
26/05/2018,1985,19,24.9,46,3.1,1341,12.4,0.43,0.0,0.0,Spring,No Holiday,Yes
26/05/2018,1909,20,22.3,50,2.7,1512,11.3,0.05,0.0,0.0,Spring,No Holiday,Yes
26/05/2018,1851,21,21.7,58,1.3,1173,13.0,0.0,0.0,0.0,Spring,No Holiday,Yes
26/05/2018,1683,22,21.2,60,1.0,1192,13.1,0.0,0.0,0.0,Spring,No Holiday,Yes
26/05/2018,1330,23,20.7,63,0.8,1130,13.3,0.0,0.0,0.0,Spring,No Holiday,Yes
27/05/2018,1089,0,20.1,65,1.6,1097,13.3,0.0,0.0,0.0,Spring,No Holiday,Yes
27/05/2018,799,1,19.8,61,1.4,943,12.0,0.0,0.0,0.0,Spring,No Holiday,Yes
27/05/2018,555,2,19.0,62,1.8,974,11.5,0.0,0.0,0.0,Spring,No Holiday,Yes
27/05/2018,423,3,18.5,62,0.8,1073,11.0,0.0,0.0,0.0,Spring,No Holiday,Yes
27/05/2018,208,4,17.9,59,1.3,1261,9.7,0.0,0.0,0.0,Spring,No Holiday,Yes
27/05/2018,174,5,17.6,0,0.8,1304,9.7,0.0,0.0,0.0,Spring,No Holiday,Yes
27/05/2018,234,6,17.3,62,1.4,1293,9.9,0.03,0.0,0.0,Spring,No Holiday,Yes
27/05/2018,341,7,17.6,0,1.4,1219,8.7,0.34,0.0,0.0,Spring,No Holiday,Yes
27/05/2018,608,8,18.3,51,2.0,1366,7.9,0.7,0.0,0.0,Spring,No Holiday,Yes
27/05/2018,762,9,19.5,43,1.5,1548,0.0,1.02,0.0,0.0,Spring,No Holiday,Yes
27/05/2018,821,10,21.6,33,2.0,1697,0.0,1.86,0.0,0.0,Spring,No Holiday,Yes
27/05/2018,1004,11,22.3,33,1.8,1853,0.0,1.54,0.0,0.0,Spring,No Holiday,Yes
27/05/2018,1404,12,23.4,38,2.8,1756,8.2,1.87,0.0,0.0,Spring,No Holiday,Yes
27/05/2018,1579,13,24.3,37,2.3,1583,8.6,2.22,0.0,0.0,Spring,No Holiday,Yes
27/05/2018,1730,14,24.2,36,4.0,1907,8.1,2.16,0.0,0.0,Spring,No Holiday,Yes
27/05/2018,2019,15,23.9,37,2.6,1889,8.3,1.82,0.0,0.0,Spring,No Holiday,Yes
27/05/2018,2242,16,24.0,36,1.6,1811,7.9,1.34,0.0,0.0,Spring,No Holiday,Yes
27/05/2018,2307,17,23.5,32,3.2,1925,0.0,1.01,0.0,0.0,Spring,No Holiday,Yes
27/05/2018,2267,18,23.0,36,2.8,1904,7.1,0.85,0.0,0.0,Spring,No Holiday,Yes
27/05/2018,2207,19,21.7,38,2.1,1857,6.7,0.27,0.0,0.0,Spring,No Holiday,Yes
27/05/2018,2044,20,20.6,41,2.3,1788,6.8,0.09,0.0,0.0,Spring,No Holiday,Yes
27/05/2018,1729,21,19.5,46,1.8,1734,7.5,0.0,0.0,0.0,Spring,No Holiday,Yes
27/05/2018,1374,22,18.6,50,1.0,1830,7.9,0.0,0.0,0.0,Spring,No Holiday,Yes
27/05/2018,1071,23,17.9,53,1.9,1774,8.1,0.0,0.0,0.0,Spring,No Holiday,Yes
28/05/2018,770,0,17.3,55,0.7,1741,8.1,0.0,0.0,0.0,Spring,No Holiday,Yes
28/05/2018,440,1,16.7,60,0.8,1806,8.8,0.0,0.0,0.0,Spring,No Holiday,Yes
28/05/2018,335,2,16.5,58,0.3,1759,8.1,0.0,0.0,0.0,Spring,No Holiday,Yes
28/05/2018,185,3,17.1,56,0.4,1583,8.2,0.0,0.0,0.0,Spring,No Holiday,Yes
28/05/2018,134,4,17.2,0,0.4,1619,8.8,0.0,0.0,0.0,Spring,No Holiday,Yes
28/05/2018,247,5,16.6,0,0.9,1361,9.7,0.0,0.0,0.0,Spring,No Holiday,Yes
28/05/2018,641,6,16.2,0,0.5,1588,9.3,0.05,0.0,0.0,Spring,No Holiday,Yes
28/05/2018,1502,7,16.8,0,0.8,1387,8.9,0.36,0.0,0.0,Spring,No Holiday,Yes
28/05/2018,2194,8,19.5,50,0.7,1329,8.7,1.19,0.0,0.0,Spring,No Holiday,Yes
28/05/2018,1131,9,21.7,48,1.1,1806,10.2,1.92,0.0,0.0,Spring,No Holiday,Yes
28/05/2018,828,10,23.3,49,1.1,1881,11.9,2.46,0.0,0.0,Spring,No Holiday,Yes
28/05/2018,986,11,25.1,45,0.9,1982,12.3,2.9,0.0,0.0,Spring,No Holiday,Yes
28/05/2018,1139,12,26.3,44,1.8,2000,13.0,3.24,0.0,0.0,Spring,No Holiday,Yes
28/05/2018,1124,13,27.7,39,1.9,1882,12.4,3.33,0.0,0.0,Spring,No Holiday,Yes
28/05/2018,1128,14,28.7,36,2.6,1853,12.1,3.21,0.0,0.0,Spring,No Holiday,Yes
28/05/2018,1258,15,28.4,43,3.1,900,14.6,2.28,0.0,0.0,Spring,No Holiday,Yes
28/05/2018,1497,16,28.1,43,3.4,845,14.3,2.32,0.0,0.0,Spring,No Holiday,Yes
28/05/2018,2060,17,26.9,45,3.5,990,13.9,1.64,0.0,0.0,Spring,No Holiday,Yes
28/05/2018,3245,18,26.0,39,2.7,1950,10.9,1.07,0.0,0.0,Spring,No Holiday,Yes
28/05/2018,2656,19,24.4,44,2.8,1979,11.3,0.45,0.0,0.0,Spring,No Holiday,Yes
28/05/2018,2252,20,23.0,49,2.4,1905,11.7,0.07,0.0,0.0,Spring,No Holiday,Yes
28/05/2018,2140,21,21.8,50,2.1,1950,10.9,0.0,0.0,0.0,Spring,No Holiday,Yes
28/05/2018,1881,22,21.1,54,0.6,2000,11.4,0.0,0.0,0.0,Spring,No Holiday,Yes
28/05/2018,1247,23,20.9,53,1.6,1712,10.9,0.0,0.0,0.0,Spring,No Holiday,Yes
29/05/2018,841,0,20.6,54,2.6,1737,0.0,0.0,0.0,0.0,Spring,No Holiday,Yes
29/05/2018,721,1,20.3,55,1.1,1756,0.0,0.0,0.0,0.0,Spring,No Holiday,Yes
29/05/2018,466,2,20.2,56,2.3,1498,0.0,0.0,0.0,0.0,Spring,No Holiday,Yes
29/05/2018,285,3,20.0,58,1.8,1279,11.4,0.0,0.0,0.0,Spring,No Holiday,Yes
29/05/2018,204,4,19.8,60,1.9,1364,11.8,0.0,0.0,0.0,Spring,No Holiday,Yes
29/05/2018,252,5,19.6,64,0.3,1483,12.5,0.0,0.0,0.0,Spring,No Holiday,Yes
29/05/2018,625,6,19.5,64,0.4,1268,12.5,0.02,0.0,0.0,Spring,No Holiday,Yes
29/05/2018,1427,7,19.9,63,1.1,934,12.6,0.24,0.0,0.0,Spring,No Holiday,Yes
29/05/2018,2234,8,20.5,66,1.7,1062,13.9,0.34,0.0,0.0,Spring,No Holiday,Yes
29/05/2018,1192,9,21.0,67,1.1,1012,14.6,0.54,0.0,0.0,Spring,No Holiday,Yes
29/05/2018,893,10,21.6,68,1.6,980,15.4,0.83,0.0,0.0,Spring,No Holiday,Yes
29/05/2018,949,11,23.1,63,2.6,949,15.6,1.68,0.0,0.0,Spring,No Holiday,Yes
29/05/2018,1184,12,23.1,64,2.6,1250,15.9,1.35,0.0,0.0,Spring,No Holiday,Yes
29/05/2018,1103,13,24.2,58,1.5,1030,15.4,1.66,0.0,0.0,Spring,No Holiday,Yes
29/05/2018,1174,14,25.5,53,2.0,981,15.2,2.5,0.0,0.0,Spring,No Holiday,Yes
29/05/2018,1234,15,25.7,56,1.8,1112,16.2,1.71,0.0,0.0,Spring,No Holiday,Yes
29/05/2018,1592,16,23.6,66,4.2,1208,16.8,0.89,0.0,0.0,Spring,No Holiday,Yes
29/05/2018,2022,17,23.9,65,1.9,1425,16.9,1.02,0.0,0.0,Spring,No Holiday,Yes
29/05/2018,2154,18,23.1,68,2.9,1506,16.8,0.42,0.0,0.0,Spring,No Holiday,Yes
29/05/2018,477,19,22.3,71,2.5,1268,16.7,0.14,0.0,0.0,Spring,No Holiday,Yes
29/05/2018,422,20,20.1,88,2.2,572,18.0,0.0,1.0,0.0,Spring,No Holiday,Yes
29/05/2018,1041,21,19.9,93,1.4,416,18.7,0.0,0.0,0.0,Spring,No Holiday,Yes
29/05/2018,1121,22,19.9,85,1.7,559,17.2,0.0,0.0,0.0,Spring,No Holiday,Yes
29/05/2018,742,23,19.5,89,1.7,304,17.6,0.0,0.0,0.0,Spring,No Holiday,Yes
30/05/2018,507,0,19.1,84,1.6,540,16.3,0.0,0.0,0.0,Spring,No Holiday,Yes
30/05/2018,570,1,18.8,84,0.5,488,16.0,0.0,0.0,0.0,Spring,No Holiday,Yes
30/05/2018,422,2,18.7,83,0.6,469,15.7,0.0,0.0,0.0,Spring,No Holiday,Yes
30/05/2018,238,3,18.4,86,0.6,360,16.0,0.0,0.0,0.0,Spring,No Holiday,Yes
30/05/2018,167,4,18.3,84,0.9,409,15.5,0.0,0.0,0.0,Spring,No Holiday,Yes
30/05/2018,239,5,18.4,84,0.6,352,15.6,0.0,0.0,0.0,Spring,No Holiday,Yes
30/05/2018,505,6,18.6,84,0.7,316,15.8,0.01,0.0,0.0,Spring,No Holiday,Yes
30/05/2018,1150,7,18.9,85,0.6,289,16.3,0.12,0.0,0.0,Spring,No Holiday,Yes
30/05/2018,1937,8,19.3,83,0.6,394,16.3,0.23,0.0,0.0,Spring,No Holiday,Yes
30/05/2018,1200,9,19.8,79,1.3,405,16.0,0.45,0.0,0.0,Spring,No Holiday,Yes
30/05/2018,916,10,21.4,71,1.7,476,15.9,1.43,0.0,0.0,Spring,No Holiday,Yes
30/05/2018,975,11,22.8,66,2.7,1270,16.1,2.76,0.0,0.0,Spring,No Holiday,Yes
30/05/2018,1187,12,23.2,64,3.0,1305,16.0,2.08,0.0,0.0,Spring,No Holiday,Yes
30/05/2018,1134,13,24.0,56,2.6,1282,14.6,2.94,0.0,0.0,Spring,No Holiday,Yes
30/05/2018,1119,14,24.3,58,2.9,1211,15.5,2.92,0.0,0.0,Spring,No Holiday,Yes
30/05/2018,1280,15,24.3,52,3.0,1447,13.8,2.55,0.0,0.0,Spring,No Holiday,Yes
30/05/2018,1571,16,24.7,47,3.0,1594,12.6,2.44,0.0,0.0,Spring,No Holiday,Yes
30/05/2018,2166,17,24.1,41,2.2,1980,10.0,1.9,0.0,0.0,Spring,No Holiday,Yes
30/05/2018,3251,18,23.6,42,2.1,2000,9.9,1.23,0.0,0.0,Spring,No Holiday,Yes
30/05/2018,2650,19,21.2,52,3.6,1856,10.9,0.55,0.0,0.0,Spring,No Holiday,Yes
30/05/2018,2224,20,19.1,64,2.6,1530,12.1,0.06,0.0,0.0,Spring,No Holiday,Yes
30/05/2018,2074,21,18.2,69,2.0,1286,12.4,0.0,0.0,0.0,Spring,No Holiday,Yes
30/05/2018,1732,22,17.3,76,1.7,801,13.0,0.0,0.0,0.0,Spring,No Holiday,Yes
30/05/2018,1158,23,16.4,80,1.5,642,12.9,0.0,0.0,0.0,Spring,No Holiday,Yes
31/05/2018,844,0,15.8,82,1.6,546,12.7,0.0,0.0,0.0,Spring,No Holiday,Yes
31/05/2018,610,1,15.5,82,1.5,513,12.4,0.0,0.0,0.0,Spring,No Holiday,Yes
31/05/2018,470,2,15.2,84,0.7,485,12.5,0.0,0.0,0.0,Spring,No Holiday,Yes
31/05/2018,328,3,15.0,84,1.3,473,12.3,0.0,0.0,0.0,Spring,No Holiday,Yes
31/05/2018,188,4,14.8,85,0.7,478,12.2,0.0,0.0,0.0,Spring,No Holiday,Yes
31/05/2018,265,5,14.4,82,1.2,708,11.3,0.0,0.0,0.0,Spring,No Holiday,Yes
31/05/2018,646,6,14.3,82,0.7,653,11.2,0.05,0.0,0.0,Spring,No Holiday,Yes
31/05/2018,1401,7,14.9,71,0.9,651,9.6,0.47,0.0,0.0,Spring,No Holiday,Yes
31/05/2018,2281,8,16.9,65,1.6,896,10.2,1.21,0.0,0.0,Spring,No Holiday,Yes
31/05/2018,1277,9,18.8,59,1.6,1233,10.6,1.9,0.0,0.0,Spring,No Holiday,Yes
31/05/2018,936,10,20.8,54,1.2,1129,11.1,2.45,0.0,0.0,Spring,No Holiday,Yes
31/05/2018,979,11,22.0,54,2.7,1189,12.2,2.89,0.0,0.0,Spring,No Holiday,Yes
31/05/2018,1134,12,23.7,44,1.3,1624,10.7,3.2,0.0,0.0,Spring,No Holiday,Yes
31/05/2018,1151,13,25.0,47,2.5,1120,12.8,3.34,0.0,0.0,Spring,No Holiday,Yes
31/05/2018,1164,14,25.9,43,2.7,1493,12.3,2.97,0.0,0.0,Spring,No Holiday,Yes
31/05/2018,1280,15,26.9,37,2.7,1850,10.9,2.9,0.0,0.0,Spring,No Holiday,Yes
31/05/2018,1550,16,27.3,38,2.9,1784,11.7,2.41,0.0,0.0,Spring,No Holiday,Yes
31/05/2018,2047,17,27.2,42,2.9,1828,13.1,1.79,0.0,0.0,Spring,No Holiday,Yes
31/05/2018,3119,18,26.4,42,3.1,1995,12.4,0.79,0.0,0.0,Spring,No Holiday,Yes
31/05/2018,2534,19,25.2,53,3.1,1983,0.0,0.51,0.0,0.0,Spring,No Holiday,Yes
31/05/2018,2164,20,23.1,58,2.9,1950,14.3,0.06,0.0,0.0,Spring,No Holiday,Yes
31/05/2018,2070,21,21.9,60,2.5,1551,13.7,0.0,0.0,0.0,Spring,No Holiday,Yes
31/05/2018,1900,22,21.1,59,2.1,1874,12.7,0.0,0.0,0.0,Spring,No Holiday,Yes
31/05/2018,1343,23,20.5,62,2.2,1903,12.9,0.0,0.0,0.0,Spring,No Holiday,Yes
01/06/2018,963,0,20.1,63,1.1,1698,12.8,0.0,0.0,0.0,Summer,No Holiday,Yes
01/06/2018,776,1,19.5,65,0.4,1662,12.7,0.0,0.0,0.0,Summer,No Holiday,Yes
01/06/2018,554,2,19.0,72,1.4,1258,13.8,0.0,0.0,0.0,Summer,No Holiday,Yes
01/06/2018,366,3,18.6,72,1.4,1340,13.4,0.0,0.0,0.0,Summer,No Holiday,Yes
01/06/2018,265,4,18.1,76,1.8,561,13.7,0.0,0.0,0.0,Summer,No Holiday,Yes
01/06/2018,306,5,17.8,75,1.0,1210,13.3,0.0,0.0,0.0,Summer,No Holiday,Yes
01/06/2018,672,6,17.5,76,1.2,1161,13.2,0.05,0.0,0.0,Summer,No Holiday,Yes
01/06/2018,1421,7,18.1,64,0.6,923,11.1,0.47,0.0,0.0,Summer,No Holiday,Yes
01/06/2018,2149,8,20.6,55,0.7,1200,11.2,1.21,0.0,0.0,Summer,No Holiday,Yes
01/06/2018,1219,9,23.1,52,1.7,1012,12.6,1.88,0.0,0.0,Summer,No Holiday,Yes
01/06/2018,862,10,25.3,45,1.3,1371,12.5,2.45,0.0,0.0,Summer,No Holiday,Yes
01/06/2018,1036,11,26.8,38,2.6,1879,11.2,2.99,0.0,0.0,Summer,No Holiday,Yes
01/06/2018,1076,12,28.2,34,2.6,1867,10.8,3.26,0.0,0.0,Summer,No Holiday,Yes
01/06/2018,1093,13,29.4,33,2.2,1535,11.4,3.3,0.0,0.0,Summer,No Holiday,Yes
01/06/2018,1071,14,29.6,31,3.7,1988,10.6,3.25,0.0,0.0,Summer,No Holiday,Yes
01/06/2018,1235,15,29.9,36,3.3,1866,13.2,2.94,0.0,0.0,Summer,No Holiday,Yes
01/06/2018,1488,16,29.9,34,3.2,1912,12.3,2.46,0.0,0.0,Summer,No Holiday,Yes
01/06/2018,2123,17,29.2,35,4.3,1967,12.1,1.87,0.0,0.0,Summer,No Holiday,Yes
01/06/2018,3088,18,28.5,36,3.0,1981,11.9,1.21,0.0,0.0,Summer,No Holiday,Yes
01/06/2018,2505,19,26.8,35,1.9,2000,10.0,0.54,0.0,0.0,Summer,No Holiday,Yes
01/06/2018,2163,20,25.0,39,2.8,2000,10.0,0.06,0.0,0.0,Summer,No Holiday,Yes
01/06/2018,2066,21,23.5,44,1.6,2000,10.5,0.0,0.0,0.0,Summer,No Holiday,Yes
01/06/2018,1991,22,22.7,44,1.5,2000,9.8,0.0,0.0,0.0,Summer,No Holiday,Yes
01/06/2018,1440,23,21.8,49,1.6,1965,10.6,0.0,0.0,0.0,Summer,No Holiday,Yes
02/06/2018,1165,0,20.9,53,1.4,1717,10.9,0.0,0.0,0.0,Summer,No Holiday,Yes
02/06/2018,989,1,20.2,57,0.4,1428,11.4,0.0,0.0,0.0,Summer,No Holiday,Yes
02/06/2018,677,2,19.6,60,1.9,1200,11.6,0.0,0.0,0.0,Summer,No Holiday,Yes
02/06/2018,475,3,18.9,63,1.5,1007,11.6,0.0,0.0,0.0,Summer,No Holiday,Yes
02/06/2018,312,4,18.3,66,1.3,929,11.8,0.0,0.0,0.0,Summer,No Holiday,Yes
02/06/2018,264,5,17.8,69,1.1,951,12.0,0.0,0.0,0.0,Summer,No Holiday,Yes
02/06/2018,342,6,17.7,68,1.3,842,11.7,0.05,0.0,0.0,Summer,No Holiday,Yes
02/06/2018,560,7,18.1,59,0.6,789,9.9,0.47,0.0,0.0,Summer,No Holiday,Yes
02/06/2018,898,8,20.4,54,1.0,828,10.7,1.23,0.0,0.0,Summer,No Holiday,Yes
02/06/2018,1005,9,23.3,43,1.2,1257,10.0,1.91,0.0,0.0,Summer,No Holiday,Yes
02/06/2018,1044,10,25.5,33,1.1,1815,0.0,2.52,0.0,0.0,Summer,No Holiday,Yes
02/06/2018,1094,11,27.3,35,2.3,1537,10.4,2.98,0.0,0.0,Summer,No Holiday,Yes
02/06/2018,1253,12,28.3,30,3.0,1675,9.0,3.29,0.0,0.0,Summer,No Holiday,Yes
02/06/2018,1334,13,29.6,24,2.4,1873,6.8,3.42,0.0,0.0,Summer,No Holiday,Yes
02/06/2018,1396,14,29.8,23,3.6,1945,6.4,3.32,0.0,0.0,Summer,No Holiday,Yes
02/06/2018,1535,15,29.8,24,2.9,1939,7.0,3.0,0.0,0.0,Summer,No Holiday,Yes
02/06/2018,1707,16,29.6,26,3.7,2000,8.0,2.58,0.0,0.0,Summer,No Holiday,Yes
02/06/2018,2025,17,28.9,22,2.7,1965,5.0,1.93,0.0,0.0,Summer,No Holiday,Yes
02/06/2018,2246,18,27.4,29,3.6,2000,7.7,1.19,0.0,0.0,Summer,No Holiday,Yes
02/06/2018,2337,19,25.4,33,2.7,2000,7.9,0.54,0.0,0.0,Summer,No Holiday,Yes
02/06/2018,2338,20,23.4,38,2.3,2000,8.2,0.06,0.0,0.0,Summer,No Holiday,Yes
02/06/2018,2238,21,22.1,44,2.5,2000,9.2,0.0,0.0,0.0,Summer,No Holiday,Yes
02/06/2018,1969,22,21.4,48,1.6,2000,9.9,0.0,0.0,0.0,Summer,No Holiday,Yes
02/06/2018,1490,23,20.6,52,0.5,2000,10.3,0.0,0.0,0.0,Summer,No Holiday,Yes
03/06/2018,1248,0,19.7,55,2.0,1986,10.3,0.0,0.0,0.0,Summer,No Holiday,Yes
03/06/2018,902,1,19.2,57,0.8,1985,10.4,0.0,0.0,0.0,Summer,No Holiday,Yes
03/06/2018,673,2,18.6,60,1.8,1841,10.6,0.0,0.0,0.0,Summer,No Holiday,Yes
03/06/2018,437,3,18.0,64,1.3,1560,11.0,0.0,0.0,0.0,Summer,No Holiday,Yes
03/06/2018,294,4,17.4,65,0.8,1093,10.7,0.0,0.0,0.0,Summer,No Holiday,Yes
03/06/2018,193,5,17.1,66,0.3,1370,10.6,0.0,0.0,0.0,Summer,No Holiday,Yes
03/06/2018,228,6,16.9,62,0.4,1768,9.5,0.06,0.0,0.0,Summer,No Holiday,Yes
03/06/2018,423,7,18.0,54,0.7,1997,8.5,0.51,0.0,0.0,Summer,No Holiday,Yes
03/06/2018,659,8,20.3,47,1.5,1785,8.6,1.05,0.0,0.0,Summer,No Holiday,Yes
03/06/2018,831,9,22.7,39,0.7,1880,8.0,1.91,0.0,0.0,Summer,No Holiday,Yes
03/06/2018,938,10,24.8,34,1.3,1869,7.8,2.09,0.0,0.0,Summer,No Holiday,Yes
03/06/2018,977,11,26.7,30,1.1,1782,7.6,2.83,0.0,0.0,Summer,No Holiday,Yes
03/06/2018,1134,12,28.7,27,1.7,1843,7.8,3.29,0.0,0.0,Summer,No Holiday,Yes
03/06/2018,1393,13,29.4,24,2.7,1905,6.7,3.18,0.0,0.0,Summer,No Holiday,Yes
03/06/2018,1399,14,29.8,26,2.2,1818,8.2,3.2,0.0,0.0,Summer,No Holiday,Yes
03/06/2018,1556,15,30.7,21,2.5,1876,5.8,2.95,0.0,0.0,Summer,No Holiday,Yes
03/06/2018,1834,16,30.4,28,3.6,1790,9.8,2.48,0.0,0.0,Summer,No Holiday,Yes
03/06/2018,2131,17,29.5,29,4.1,1944,9.5,1.84,0.0,0.0,Summer,No Holiday,Yes
03/06/2018,2349,18,29.3,25,2.4,1973,7.2,1.23,0.0,0.0,Summer,No Holiday,Yes
03/06/2018,2514,19,27.4,29,2.4,2000,7.7,0.5,0.0,0.0,Summer,No Holiday,Yes
03/06/2018,2460,20,25.3,32,2.2,1997,7.4,0.06,0.0,0.0,Summer,No Holiday,Yes
03/06/2018,2173,21,24.2,32,2.1,2000,6.4,0.0,0.0,0.0,Summer,No Holiday,Yes
03/06/2018,1741,22,23.0,38,1.2,1996,7.9,0.0,0.0,0.0,Summer,No Holiday,Yes
03/06/2018,1274,23,22.0,44,0.8,1978,9.1,0.0,0.0,0.0,Summer,No Holiday,Yes
04/06/2018,938,0,21.4,45,1.4,1964,8.9,0.0,0.0,0.0,Summer,No Holiday,Yes
04/06/2018,596,1,20.7,47,0.9,1987,8.9,0.0,0.0,0.0,Summer,No Holiday,Yes
04/06/2018,351,2,20.1,49,0.8,1978,9.0,0.0,0.0,0.0,Summer,No Holiday,Yes
04/06/2018,244,3,19.6,51,1.0,1923,9.1,0.0,0.0,0.0,Summer,No Holiday,Yes
04/06/2018,172,4,19.4,56,1.2,1752,10.3,0.0,0.0,0.0,Summer,No Holiday,Yes
04/06/2018,299,5,19.2,56,0.9,1772,10.2,0.0,0.0,0.0,Summer,No Holiday,Yes
04/06/2018,742,6,18.9,53,0.3,1871,9.1,0.04,0.0,0.0,Summer,No Holiday,Yes
04/06/2018,1505,7,19.5,52,0.8,1818,9.3,0.46,0.0,0.0,Summer,No Holiday,Yes
04/06/2018,2287,8,22.1,44,1.4,1435,9.2,1.16,0.0,0.0,Summer,No Holiday,Yes
04/06/2018,1243,9,23.3,37,0.4,1336,7.7,1.28,0.0,0.0,Summer,No Holiday,Yes
04/06/2018,970,10,25.1,40,2.7,1076,10.5,2.37,0.0,0.0,Summer,No Holiday,Yes
04/06/2018,1008,11,26.1,37,2.4,1079,10.2,2.79,0.0,0.0,Summer,No Holiday,Yes
04/06/2018,1152,12,26.3,36,3.1,1377,10.0,2.61,0.0,0.0,Summer,No Holiday,Yes
04/06/2018,1085,13,27.4,30,2.0,1768,8.2,3.03,0.0,0.0,Summer,No Holiday,Yes
04/06/2018,1148,14,26.5,43,3.9,1671,12.8,2.36,0.0,0.0,Summer,No Holiday,Yes
04/06/2018,1249,15,25.5,43,2.9,1996,11.9,1.71,0.0,0.0,Summer,No Holiday,Yes
04/06/2018,1671,16,25.5,43,3.2,1892,11.9,1.72,0.0,0.0,Summer,No Holiday,Yes
04/06/2018,2190,17,24.9,46,2.0,1855,12.4,0.91,0.0,0.0,Summer,No Holiday,Yes
04/06/2018,3380,18,24.4,48,1.9,1998,12.6,0.56,0.0,0.0,Summer,No Holiday,Yes
04/06/2018,2788,19,23.9,51,2.3,2000,13.1,0.12,0.0,0.0,Summer,No Holiday,Yes
04/06/2018,2508,20,23.4,43,1.1,2000,10.0,0.01,0.0,0.0,Summer,No Holiday,Yes
04/06/2018,2377,21,22.6,62,1.1,1363,14.9,0.0,0.0,0.0,Summer,No Holiday,Yes
04/06/2018,2000,22,22.0,64,1.8,1211,14.8,0.0,0.0,0.0,Summer,No Holiday,Yes
04/06/2018,1354,23,21.4,68,2.7,972,15.2,0.0,0.0,0.0,Summer,No Holiday,Yes
05/06/2018,927,0,20.5,71,2.8,1204,15.0,0.0,0.0,0.0,Summer,No Holiday,Yes
05/06/2018,742,1,20.0,67,0.7,1426,13.6,0.0,0.0,0.0,Summer,No Holiday,Yes
05/06/2018,448,2,19.7,66,0.5,1591,13.1,0.0,0.0,0.0,Summer,No Holiday,Yes
05/06/2018,314,3,19.1,72,0.6,1370,13.9,0.0,0.0,0.0,Summer,No Holiday,Yes
05/06/2018,214,4,18.5,72,0.6,1168,13.3,0.0,0.0,0.0,Summer,No Holiday,Yes
05/06/2018,282,5,18.1,73,0.5,1182,13.1,0.0,0.0,0.0,Summer,No Holiday,Yes
05/06/2018,733,6,17.8,73,0.4,1188,12.8,0.04,0.0,0.0,Summer,No Holiday,Yes
05/06/2018,1602,7,18.8,64,0.7,1099,11.8,0.48,0.0,0.0,Summer,No Holiday,Yes
05/06/2018,2322,8,21.5,58,1.1,1021,12.8,1.21,0.0,0.0,Summer,No Holiday,Yes
05/06/2018,1344,9,23.5,51,1.4,1169,12.7,1.82,0.0,0.0,Summer,No Holiday,Yes
05/06/2018,959,10,25.5,43,1.0,1568,11.9,2.49,0.0,0.0,Summer,No Holiday,Yes
05/06/2018,974,11,26.8,37,1.6,1639,10.8,2.91,0.0,0.0,Summer,No Holiday,Yes
05/06/2018,1111,12,28.2,35,1.2,1411,11.2,3.23,0.0,0.0,Summer,No Holiday,Yes
05/06/2018,1058,13,28.6,34,2.0,1274,11.1,2.82,0.0,0.0,Summer,No Holiday,Yes
05/06/2018,1120,14,28.9,34,2.7,1328,11.4,2.06,0.0,0.0,Summer,No Holiday,Yes
05/06/2018,1250,15,29.0,38,3.4,749,13.2,2.12,0.0,0.0,Summer,No Holiday,Yes
05/06/2018,1434,16,28.8,38,3.1,1027,13.0,2.14,0.0,0.0,Summer,No Holiday,Yes
05/06/2018,2115,17,28.1,37,3.6,1346,12.0,1.56,0.0,0.0,Summer,No Holiday,Yes
05/06/2018,3227,18,27.1,40,2.8,1811,12.3,1.0,0.0,0.0,Summer,No Holiday,Yes
05/06/2018,2615,19,25.5,43,3.1,1760,11.9,0.41,0.0,0.0,Summer,No Holiday,Yes
05/06/2018,2346,20,24.0,46,2.8,1896,11.6,0.06,0.0,0.0,Summer,No Holiday,Yes
05/06/2018,2404,21,23.3,51,1.7,1654,12.5,0.0,0.0,0.0,Summer,No Holiday,Yes
05/06/2018,2237,22,22.4,54,2.5,1778,12.6,0.0,0.0,0.0,Summer,No Holiday,Yes
05/06/2018,1646,23,21.9,56,0.7,1898,12.7,0.0,0.0,0.0,Summer,No Holiday,Yes
06/06/2018,1268,0,21.2,60,0.9,1789,13.1,0.0,0.0,0.0,Summer,Holiday,Yes
06/06/2018,1031,1,20.6,63,0.6,1670,13.3,0.0,0.0,0.0,Summer,Holiday,Yes
06/06/2018,792,2,20.1,65,1.0,1435,13.3,0.0,0.0,0.0,Summer,Holiday,Yes
06/06/2018,562,3,19.6,68,1.7,1260,13.5,0.0,0.0,0.0,Summer,Holiday,Yes
06/06/2018,332,4,19.2,68,0.8,1181,13.1,0.0,0.0,0.0,Summer,Holiday,Yes
06/06/2018,218,5,18.7,73,1.4,1065,13.7,0.0,0.0,0.0,Summer,Holiday,Yes
06/06/2018,351,6,18.5,73,1.1,1028,13.5,0.06,0.0,0.0,Summer,Holiday,Yes
06/06/2018,536,7,19.3,63,0.7,916,12.0,0.46,0.0,0.0,Summer,Holiday,Yes
06/06/2018,799,8,21.2,59,1.2,794,12.8,1.13,0.0,0.0,Summer,Holiday,Yes
06/06/2018,925,9,22.9,56,2.3,763,13.6,1.74,0.0,0.0,Summer,Holiday,Yes
06/06/2018,1087,10,24.3,53,2.9,949,14.1,2.37,0.0,0.0,Summer,Holiday,Yes
06/06/2018,1152,11,25.8,52,2.1,905,15.1,2.84,0.0,0.0,Summer,Holiday,Yes
06/06/2018,1400,12,27.3,51,2.8,703,16.2,3.16,0.0,0.0,Summer,Holiday,Yes
06/06/2018,1444,13,27.3,52,3.1,613,16.5,3.21,0.0,0.0,Summer,Holiday,Yes
06/06/2018,1603,14,27.4,50,3.5,615,16.0,3.01,0.0,0.0,Summer,Holiday,Yes
06/06/2018,1674,15,27.6,49,3.7,656,15.9,2.79,0.0,0.0,Summer,Holiday,Yes
06/06/2018,1940,16,27.9,47,2.8,824,15.5,2.36,0.0,0.0,Summer,Holiday,Yes
06/06/2018,2104,17,27.4,48,2.7,1084,15.4,1.8,0.0,0.0,Summer,Holiday,Yes
06/06/2018,2162,18,26.6,52,2.5,1368,15.9,1.09,0.0,0.0,Summer,Holiday,Yes
06/06/2018,2163,19,24.9,56,3.1,1469,15.5,0.51,0.0,0.0,Summer,Holiday,Yes
06/06/2018,2145,20,23.4,64,1.8,1144,16.1,0.07,0.0,0.0,Summer,Holiday,Yes
06/06/2018,1935,21,22.1,72,2.5,923,16.8,0.0,0.0,0.0,Summer,Holiday,Yes
06/06/2018,1624,22,20.8,78,1.8,763,16.8,0.0,0.0,0.0,Summer,Holiday,Yes
06/06/2018,1251,23,20.1,77,3.1,797,15.9,0.0,0.0,0.0,Summer,Holiday,Yes
07/06/2018,978,0,19.6,82,1.7,628,16.4,0.0,0.0,0.0,Summer,No Holiday,Yes
07/06/2018,606,1,19.1,86,1.8,522,16.6,0.0,0.0,0.0,Summer,No Holiday,Yes
07/06/2018,418,2,18.8,88,0.3,500,16.7,0.0,0.0,0.0,Summer,No Holiday,Yes
07/06/2018,275,3,18.4,88,1.6,465,16.3,0.0,0.0,0.0,Summer,No Holiday,Yes
07/06/2018,191,4,18.1,88,1.8,458,16.0,0.0,0.0,0.0,Summer,No Holiday,Yes
07/06/2018,288,5,17.8,91,2.2,393,16.3,0.0,0.0,0.0,Summer,No Holiday,Yes
07/06/2018,716,6,18.1,88,1.1,272,16.0,0.03,0.0,0.0,Summer,No Holiday,Yes
07/06/2018,1551,7,18.6,85,2.0,307,16.0,0.16,0.0,0.0,Summer,No Holiday,Yes
07/06/2018,2317,8,18.9,82,2.3,326,15.7,0.44,0.0,0.0,Summer,No Holiday,Yes
07/06/2018,1342,9,20.5,73,1.6,364,15.4,1.23,0.0,0.0,Summer,No Holiday,Yes
07/06/2018,914,10,22.0,69,2.0,488,16.0,2.04,0.0,0.0,Summer,No Holiday,Yes
07/06/2018,967,11,23.4,62,1.8,603,15.6,2.87,0.0,0.0,Summer,No Holiday,Yes
07/06/2018,1099,12,25.0,56,3.0,715,15.6,3.19,0.0,0.0,Summer,No Holiday,Yes
07/06/2018,1071,13,26.7,47,2.4,806,14.4,3.26,0.0,0.0,Summer,No Holiday,Yes
07/06/2018,1116,14,28.2,44,1.7,644,14.7,3.11,0.0,0.0,Summer,No Holiday,Yes
07/06/2018,1171,15,29.3,41,2.0,609,14.6,2.63,0.0,0.0,Summer,No Holiday,Yes
07/06/2018,1442,16,29.3,41,2.0,905,14.6,1.95,0.0,0.0,Summer,No Holiday,Yes
07/06/2018,2002,17,28.2,51,3.3,879,17.0,1.73,0.0,0.0,Summer,No Holiday,Yes
07/06/2018,3221,18,25.6,57,2.7,1217,16.4,0.96,0.0,0.0,Summer,No Holiday,Yes
07/06/2018,2649,19,24.0,60,2.8,1379,15.7,0.38,0.0,0.0,Summer,No Holiday,Yes
07/06/2018,2278,20,22.8,67,1.6,1219,16.3,0.06,0.0,0.0,Summer,No Holiday,Yes
07/06/2018,2161,21,21.5,69,2.6,942,15.5,0.0,0.0,0.0,Summer,No Holiday,Yes
07/06/2018,1939,22,20.9,71,1.0,763,15.4,0.0,0.0,0.0,Summer,No Holiday,Yes
07/06/2018,1290,23,20.3,77,1.3,770,16.1,0.0,0.0,0.0,Summer,No Holiday,Yes
08/06/2018,926,0,19.1,82,2.2,874,15.9,0.0,0.0,0.0,Summer,No Holiday,Yes
08/06/2018,769,1,18.8,84,1.7,658,16.0,0.0,0.0,0.0,Summer,No Holiday,Yes
08/06/2018,525,2,18.6,84,2.5,619,15.8,0.0,0.0,0.0,Summer,No Holiday,Yes
08/06/2018,365,3,18.6,83,2.9,889,15.6,0.0,0.0,0.0,Summer,No Holiday,Yes
08/06/2018,255,4,18.5,82,2.0,1072,15.3,0.0,0.0,0.0,Summer,No Holiday,Yes
08/06/2018,299,5,18.6,81,0.8,1205,15.2,0.0,0.0,0.0,Summer,No Holiday,Yes
08/06/2018,744,6,18.8,78,2.0,1259,14.8,0.01,0.0,0.0,Summer,No Holiday,Yes
08/06/2018,1544,7,19.1,73,2.0,1300,14.1,0.3,0.0,0.0,Summer,No Holiday,Yes
08/06/2018,2348,8,19.7,69,2.0,1448,13.8,0.54,0.0,0.0,Summer,No Holiday,Yes
08/06/2018,1283,9,21.2,62,1.7,1384,13.6,1.45,0.0,0.0,Summer,No Holiday,Yes
08/06/2018,1002,10,21.9,62,1.7,1664,14.2,1.36,0.0,0.0,Summer,No Holiday,Yes
08/06/2018,1095,11,21.9,64,2.4,1359,14.7,1.03,0.0,0.0,Summer,No Holiday,Yes
08/06/2018,1256,12,23.1,56,1.6,1222,13.8,1.71,0.0,0.0,Summer,No Holiday,Yes
08/06/2018,1314,13,24.2,58,1.9,1015,15.4,1.87,0.0,0.0,Summer,No Holiday,Yes
08/06/2018,1249,14,25.0,54,2.2,1146,15.0,1.86,0.0,0.0,Summer,No Holiday,Yes
08/06/2018,1416,15,26.2,51,3.3,1104,15.2,2.87,0.0,0.0,Summer,No Holiday,Yes
08/06/2018,1668,16,26.6,49,3.2,1200,15.0,2.35,0.0,0.0,Summer,No Holiday,Yes
08/06/2018,2314,17,26.9,49,2.3,1210,15.2,1.72,0.0,0.0,Summer,No Holiday,Yes
08/06/2018,3309,18,26.2,54,2.2,1183,16.1,0.88,0.0,0.0,Summer,No Holiday,Yes
08/06/2018,2797,19,24.5,63,3.1,970,16.9,0.46,0.0,0.0,Summer,No Holiday,Yes
08/06/2018,2476,20,22.6,71,1.8,856,17.0,0.11,0.0,0.0,Summer,No Holiday,Yes
08/06/2018,2337,21,21.2,77,1.7,638,16.9,0.0,0.0,0.0,Summer,No Holiday,Yes
08/06/2018,2140,22,20.5,78,0.9,550,16.5,0.0,0.0,0.0,Summer,No Holiday,Yes
08/06/2018,1672,23,20.0,79,1.4,510,16.2,0.0,0.0,0.0,Summer,No Holiday,Yes
09/06/2018,1247,0,19.7,83,1.5,390,16.7,0.0,0.0,0.0,Summer,No Holiday,Yes
09/06/2018,1029,1,19.7,81,0.6,419,16.3,0.0,0.0,0.0,Summer,No Holiday,Yes
09/06/2018,732,2,19.4,84,0.7,382,16.6,0.0,0.0,0.0,Summer,No Holiday,Yes
09/06/2018,535,3,19.1,84,0.6,421,16.3,0.0,0.0,0.0,Summer,No Holiday,Yes
09/06/2018,352,4,19.0,83,0.4,473,16.0,0.0,0.0,0.0,Summer,No Holiday,Yes
09/06/2018,262,5,19.0,85,0.4,467,16.4,0.0,0.0,0.0,Summer,No Holiday,Yes
09/06/2018,381,6,19.0,84,0.5,440,16.2,0.05,0.0,0.0,Summer,No Holiday,Yes
09/06/2018,616,7,20.2,73,1.1,708,15.1,0.41,0.0,0.0,Summer,No Holiday,Yes
09/06/2018,963,8,21.9,62,0.9,1071,14.2,1.03,0.0,0.0,Summer,No Holiday,Yes
09/06/2018,1102,9,24.0,55,1.8,1411,14.3,1.81,0.0,0.0,Summer,No Holiday,Yes
09/06/2018,1156,10,25.8,49,1.3,1442,14.2,2.42,0.0,0.0,Summer,No Holiday,Yes
09/06/2018,1200,11,27.2,46,1.7,1301,14.5,2.88,0.0,0.0,Summer,No Holiday,Yes
09/06/2018,1462,12,28.2,42,1.4,1563,14.0,2.84,0.0,0.0,Summer,No Holiday,Yes
09/06/2018,1583,13,28.8,42,2.0,1438,14.6,2.38,0.0,0.0,Summer,No Holiday,Yes
09/06/2018,1744,14,30.1,35,1.4,1583,12.9,2.53,0.0,0.0,Summer,No Holiday,Yes
09/06/2018,1890,15,29.6,40,2.5,1546,14.5,1.96,0.0,0.0,Summer,No Holiday,Yes
09/06/2018,2297,16,28.7,40,2.5,1474,13.7,1.0,0.0,0.0,Summer,No Holiday,Yes
09/06/2018,2355,17,28.2,39,2.9,1653,12.9,0.7,0.0,0.0,Summer,No Holiday,Yes
09/06/2018,1934,18,27.3,42,1.2,2000,13.2,0.19,0.0,0.0,Summer,No Holiday,Yes
09/06/2018,1058,19,25.7,47,1.8,2000,13.5,0.04,0.0,0.0,Summer,No Holiday,Yes
09/06/2018,246,20,23.7,62,1.6,1402,15.9,0.0,0.4,0.0,Summer,No Holiday,Yes
09/06/2018,225,21,22.4,72,1.5,1816,17.0,0.0,0.1,0.0,Summer,No Holiday,Yes
09/06/2018,776,22,21.0,75,1.3,2000,16.3,0.0,0.0,0.0,Summer,No Holiday,Yes
09/06/2018,766,23,20.7,66,1.6,2000,14.1,0.0,0.0,0.0,Summer,No Holiday,Yes
10/06/2018,483,0,20.2,66,1.5,2000,13.6,0.0,0.0,0.0,Summer,No Holiday,Yes
10/06/2018,375,1,19.7,71,1.2,1986,14.2,0.0,0.5,0.0,Summer,No Holiday,Yes
10/06/2018,162,2,19.2,69,1.3,2000,13.3,0.0,0.0,0.0,Summer,No Holiday,Yes
10/06/2018,150,3,18.6,78,0.8,1997,14.6,0.0,0.0,0.0,Summer,No Holiday,Yes
10/06/2018,174,4,18.3,72,1.7,2000,13.1,0.0,0.0,0.0,Summer,No Holiday,Yes
10/06/2018,138,5,18.4,70,1.4,2000,12.8,0.0,0.0,0.0,Summer,No Holiday,Yes
10/06/2018,216,6,18.3,71,0.9,2000,12.9,0.0,0.0,0.0,Summer,No Holiday,Yes
10/06/2018,313,7,18.4,68,0.6,2000,12.3,0.04,0.0,0.0,Summer,No Holiday,Yes
10/06/2018,619,8,19.0,65,2.0,2000,12.2,0.28,0.0,0.0,Summer,No Holiday,Yes
10/06/2018,786,9,19.2,65,1.4,2000,12.4,0.34,0.0,0.0,Summer,No Holiday,Yes
10/06/2018,942,10,20.2,62,1.8,2000,12.6,0.82,0.0,0.0,Summer,No Holiday,Yes
10/06/2018,1074,11,21.3,56,1.5,1989,12.1,1.18,0.0,0.0,Summer,No Holiday,Yes
10/06/2018,1442,12,23.2,50,2.2,1988,12.1,2.45,0.0,0.0,Summer,No Holiday,Yes
10/06/2018,1752,13,24.2,48,1.2,1968,12.4,2.19,0.0,0.0,Summer,No Holiday,Yes
10/06/2018,1985,14,24.1,51,1.1,2000,13.3,1.58,0.0,0.0,Summer,No Holiday,Yes
10/06/2018,2182,15,24.8,49,1.2,2000,13.3,1.34,0.0,0.0,Summer,No Holiday,Yes
10/06/2018,2333,16,24.8,51,1.6,2000,13.9,1.17,0.0,0.0,Summer,No Holiday,Yes
10/06/2018,2431,17,24.6,52,1.3,2000,14.0,0.82,0.0,0.0,Summer,No Holiday,Yes
10/06/2018,2367,18,24.1,53,1.3,2000,13.9,0.48,0.0,0.0,Summer,No Holiday,Yes
10/06/2018,2267,19,23.4,55,1.0,2000,13.8,0.12,0.0,0.0,Summer,No Holiday,Yes
10/06/2018,2300,20,22.8,55,1.3,2000,13.2,0.01,0.0,0.0,Summer,No Holiday,Yes
10/06/2018,2026,21,22.1,55,1.5,2000,12.6,0.0,0.0,0.0,Summer,No Holiday,Yes
10/06/2018,1634,22,21.5,55,1.8,2000,12.0,0.0,0.0,0.0,Summer,No Holiday,Yes
10/06/2018,1191,23,20.9,56,1.5,2000,11.7,0.0,0.0,0.0,Summer,No Holiday,Yes
11/06/2018,918,0,20.3,58,1.4,2000,11.7,0.0,0.0,0.0,Summer,No Holiday,Yes
11/06/2018,555,1,19.8,59,1.3,2000,11.5,0.0,0.0,0.0,Summer,No Holiday,Yes
11/06/2018,353,2,19.2,60,1.5,2000,11.2,0.0,0.0,0.0,Summer,No Holiday,Yes
11/06/2018,232,3,18.8,61,1.3,2000,11.1,0.0,0.0,0.0,Summer,No Holiday,Yes
11/06/2018,194,4,18.8,60,1.0,2000,10.8,0.0,0.0,0.0,Summer,No Holiday,Yes
11/06/2018,324,5,18.8,61,1.2,2000,11.1,0.0,0.0,0.0,Summer,No Holiday,Yes
11/06/2018,807,6,18.6,61,0.8,2000,10.9,0.03,0.0,0.0,Summer,No Holiday,Yes
11/06/2018,1629,7,19.1,59,1.1,2000,10.8,0.38,0.0,0.0,Summer,No Holiday,Yes
11/06/2018,2375,8,20.7,55,1.5,2000,11.3,1.23,0.0,0.0,Summer,No Holiday,Yes
11/06/2018,1307,9,22.2,48,1.7,1889,10.6,1.77,0.0,0.0,Summer,No Holiday,Yes
11/06/2018,992,10,23.7,47,1.3,2000,11.7,2.67,0.0,0.0,Summer,No Holiday,Yes
11/06/2018,1107,11,23.2,52,1.4,2000,12.7,1.53,0.0,0.0,Summer,No Holiday,Yes
11/06/2018,1204,12,23.2,52,1.2,2000,12.7,0.82,0.0,0.0,Summer,No Holiday,Yes
11/06/2018,1033,13,23.7,49,1.2,2000,12.3,1.04,0.0,0.0,Summer,No Holiday,Yes
11/06/2018,1075,14,23.9,47,1.0,2000,11.8,0.97,0.0,0.0,Summer,No Holiday,Yes
11/06/2018,1240,15,22.2,60,1.3,1907,14.0,0.34,0.0,0.0,Summer,No Holiday,Yes
11/06/2018,1220,16,22.0,60,1.8,2000,13.8,0.14,0.0,0.0,Summer,No Holiday,Yes
11/06/2018,1475,17,20.7,72,3.4,2000,15.4,0.11,0.0,0.0,Summer,No Holiday,Yes
11/06/2018,1491,18,19.8,80,3.9,2000,16.2,0.12,0.0,0.0,Summer,No Holiday,Yes
11/06/2018,873,19,19.4,85,1.2,1651,16.8,0.08,0.5,0.0,Summer,No Holiday,Yes
11/06/2018,1280,20,19.1,84,1.7,2000,16.3,0.04,0.0,0.0,Summer,No Holiday,Yes
11/06/2018,1647,21,19.0,82,1.0,2000,15.8,0.0,0.0,0.0,Summer,No Holiday,Yes
11/06/2018,1117,22,19.0,76,0.1,2000,14.6,0.0,0.0,0.0,Summer,No Holiday,Yes
11/06/2018,384,23,18.2,93,0.8,460,17.0,0.0,3.5,0.0,Summer,No Holiday,Yes
12/06/2018,470,0,18.0,94,0.7,1906,17.0,0.0,1.0,0.0,Summer,No Holiday,Yes
12/06/2018,454,1,17.7,92,0.9,1958,16.3,0.0,0.0,0.0,Summer,No Holiday,Yes
12/06/2018,385,2,17.7,87,1.2,2000,15.5,0.0,0.0,0.0,Summer,No Holiday,Yes
12/06/2018,206,3,17.5,87,0.5,1995,15.3,0.0,0.0,0.0,Summer,No Holiday,Yes
12/06/2018,144,4,17.5,84,0.8,2000,14.7,0.0,0.0,0.0,Summer,No Holiday,Yes
12/06/2018,296,5,17.2,87,0.6,2000,15.0,0.0,0.0,0.0,Summer,No Holiday,Yes
12/06/2018,740,6,16.7,85,1.0,2000,14.1,0.03,0.0,0.0,Summer,No Holiday,Yes
12/06/2018,1573,7,17.1,77,1.5,1748,13.0,0.49,0.0,0.0,Summer,No Holiday,Yes
12/06/2018,2495,8,19.0,67,1.1,1976,12.7,1.29,0.0,0.0,Summer,No Holiday,Yes
12/06/2018,1317,9,21.1,60,0.9,1998,13.0,2.18,0.0,0.0,Summer,No Holiday,Yes
12/06/2018,971,10,22.1,53,1.1,1999,12.0,2.28,0.0,0.0,Summer,No Holiday,Yes
12/06/2018,1092,11,22.9,54,2.6,1959,13.0,2.56,0.0,0.0,Summer,No Holiday,Yes
12/06/2018,1202,12,24.0,51,1.8,2000,13.2,2.29,0.0,0.0,Summer,No Holiday,Yes
12/06/2018,1215,13,25.7,46,0.8,2000,13.2,3.18,0.0,0.0,Summer,No Holiday,Yes
12/06/2018,1246,14,25.6,45,2.2,1961,12.7,1.39,0.0,0.0,Summer,No Holiday,Yes
12/06/2018,1427,15,26.2,42,2.7,1977,12.2,1.59,0.0,0.0,Summer,No Holiday,Yes
12/06/2018,1714,16,26.2,47,3.8,1996,13.9,2.45,0.0,0.0,Summer,No Holiday,Yes
12/06/2018,2270,17,26.4,47,3.0,1976,14.1,1.76,0.0,0.0,Summer,No Holiday,Yes
12/06/2018,3404,18,24.9,53,3.6,2000,14.6,1.28,0.0,0.0,Summer,No Holiday,Yes
12/06/2018,2873,19,23.1,58,2.4,1997,14.3,0.59,0.0,0.0,Summer,No Holiday,Yes
12/06/2018,2579,20,21.6,62,3.3,2000,13.9,0.09,0.0,0.0,Summer,No Holiday,Yes
12/06/2018,2505,21,20.6,70,1.8,1986,14.9,0.0,0.0,0.0,Summer,No Holiday,Yes
12/06/2018,2309,22,20.0,70,1.0,2000,14.3,0.0,0.0,0.0,Summer,No Holiday,Yes
12/06/2018,1657,23,19.5,72,0.6,1989,14.3,0.0,0.0,0.0,Summer,No Holiday,Yes
13/06/2018,1274,0,19.3,76,1.2,1968,14.9,0.0,0.0,0.0,Summer,No Holiday,Yes
13/06/2018,1088,1,18.9,77,0.7,1987,14.7,0.0,0.0,0.0,Summer,No Holiday,Yes
13/06/2018,847,2,18.4,75,0.6,1986,13.8,0.0,0.0,0.0,Summer,No Holiday,Yes
13/06/2018,591,3,18.5,73,1.0,1951,13.5,0.0,0.0,0.0,Summer,No Holiday,Yes
13/06/2018,421,4,18.7,74,0.9,1933,13.9,0.0,0.0,0.0,Summer,No Holiday,Yes
13/06/2018,290,5,18.6,76,0.4,1957,14.2,0.0,0.0,0.0,Summer,No Holiday,Yes
13/06/2018,416,6,18.7,75,0.9,1923,14.1,0.06,0.0,0.0,Summer,No Holiday,Yes
13/06/2018,657,7,19.4,69,0.3,1277,13.5,0.42,0.0,0.0,Summer,No Holiday,Yes
13/06/2018,959,8,20.7,65,1.5,1004,13.8,0.97,0.0,0.0,Summer,No Holiday,Yes
13/06/2018,1111,9,22.6,59,1.6,1030,14.1,1.8,0.0,0.0,Summer,No Holiday,Yes
13/06/2018,1269,10,23.0,57,2.2,1145,14.0,1.1,0.0,0.0,Summer,No Holiday,Yes
13/06/2018,1478,11,24.5,51,1.5,1333,13.6,1.97,0.0,0.0,Summer,No Holiday,Yes
13/06/2018,1747,12,24.5,56,2.3,1094,15.1,1.74,0.0,0.0,Summer,No Holiday,Yes
13/06/2018,1834,13,24.9,52,1.8,1554,14.3,1.7,0.0,0.0,Summer,No Holiday,Yes
13/06/2018,2088,14,26.6,50,2.4,1119,15.3,2.95,0.0,0.0,Summer,No Holiday,Yes
13/06/2018,2288,15,25.5,50,2.2,1025,14.3,0.47,0.0,0.0,Summer,No Holiday,Yes
13/06/2018,2474,16,25.8,50,1.7,1152,14.5,0.66,0.0,0.0,Summer,No Holiday,Yes
13/06/2018,2664,17,25.6,57,3.3,919,16.4,0.87,0.0,0.0,Summer,No Holiday,Yes
13/06/2018,2479,18,23.4,63,3.6,1245,15.9,0.5,0.0,0.0,Summer,No Holiday,Yes
13/06/2018,2404,19,22.8,64,2.3,1444,15.6,0.45,0.0,0.0,Summer,No Holiday,Yes
13/06/2018,2276,20,22.1,65,1.3,1611,15.2,0.09,0.0,0.0,Summer,No Holiday,Yes
13/06/2018,2166,21,21.8,67,0.0,1485,15.3,0.0,0.0,0.0,Summer,No Holiday,Yes
13/06/2018,1934,22,21.6,66,1.2,1438,14.9,0.0,0.0,0.0,Summer,No Holiday,Yes
13/06/2018,1394,23,21.5,62,0.1,1827,13.9,0.0,0.0,0.0,Summer,No Holiday,Yes
14/06/2018,1047,0,21.1,69,0.5,1086,15.1,0.0,0.0,0.0,Summer,No Holiday,Yes
14/06/2018,715,1,20.8,72,1.0,912,15.5,0.0,0.0,0.0,Summer,No Holiday,Yes
14/06/2018,453,2,20.8,73,0.8,829,15.7,0.0,0.0,0.0,Summer,No Holiday,Yes
14/06/2018,289,3,20.8,73,0.7,756,15.7,0.0,0.0,0.0,Summer,No Holiday,Yes
14/06/2018,193,4,21.0,72,0.8,677,15.7,0.0,0.0,0.0,Summer,No Holiday,Yes
14/06/2018,154,5,20.3,84,3.2,518,17.5,0.0,0.0,0.0,Summer,No Holiday,Yes
14/06/2018,100,6,19.5,95,1.4,179,18.6,0.0,1.5,0.0,Summer,No Holiday,Yes
14/06/2018,94,7,19.4,97,0.9,272,18.9,0.0,13.5,0.0,Summer,No Holiday,Yes
14/06/2018,187,8,18.9,97,1.2,492,18.4,0.06,11.5,0.0,Summer,No Holiday,Yes
14/06/2018,175,9,19.1,96,0.6,273,18.4,0.17,1.5,0.0,Summer,No Holiday,Yes
14/06/2018,532,10,19.7,94,1.1,497,18.7,0.61,1.0,0.0,Summer,No Holiday,Yes
14/06/2018,735,11,20.5,79,1.7,770,16.7,1.25,0.0,0.0,Summer,No Holiday,Yes
14/06/2018,945,12,21.2,75,0.7,876,16.5,1.07,0.0,0.0,Summer,No Holiday,Yes
14/06/2018,1056,13,22.8,67,1.2,930,16.3,1.55,0.0,0.0,Summer,No Holiday,Yes
14/06/2018,1153,14,23.8,62,1.2,1282,16.0,1.91,0.0,0.0,Summer,No Holiday,Yes
14/06/2018,1292,15,24.6,57,1.8,1664,15.5,1.54,0.0,0.0,Summer,No Holiday,Yes
14/06/2018,1550,16,25.0,56,0.7,1723,15.6,1.27,0.0,0.0,Summer,No Holiday,Yes
14/06/2018,1934,17,24.6,57,1.0,1866,15.5,0.45,0.0,0.0,Summer,No Holiday,Yes
14/06/2018,2962,18,24.0,61,1.5,1935,16.0,0.26,0.0,0.0,Summer,No Holiday,Yes
14/06/2018,1856,19,23.6,63,0.6,1956,16.1,0.19,0.0,0.0,Summer,No Holiday,Yes
14/06/2018,1557,20,22.6,74,1.2,1594,17.7,0.01,0.0,0.0,Summer,No Holiday,Yes
14/06/2018,1807,21,22.2,72,1.0,1786,16.9,0.0,0.0,0.0,Summer,No Holiday,Yes
14/06/2018,1737,22,21.8,72,1.0,1952,16.5,0.0,0.0,0.0,Summer,No Holiday,Yes
14/06/2018,1295,23,21.6,68,0.8,2000,15.4,0.0,0.0,0.0,Summer,No Holiday,Yes
15/06/2018,986,0,21.0,70,0.9,2000,15.3,0.0,0.0,0.0,Summer,No Holiday,Yes
15/06/2018,717,1,20.6,65,1.2,2000,13.7,0.0,0.0,0.0,Summer,No Holiday,Yes
15/06/2018,403,2,20.1,67,1.1,2000,13.7,0.0,0.1,0.0,Summer,No Holiday,Yes
15/06/2018,154,3,18.8,93,1.0,419,17.6,0.0,5.4,0.0,Summer,No Holiday,Yes
15/06/2018,72,4,18.0,93,1.6,627,16.8,0.0,10.5,0.0,Summer,No Holiday,Yes
15/06/2018,161,5,17.4,86,1.1,1820,15.0,0.0,0.5,0.0,Summer,No Holiday,Yes
15/06/2018,609,6,17.2,83,1.3,2000,14.2,0.07,0.0,0.0,Summer,No Holiday,Yes
15/06/2018,1467,7,18.2,75,1.4,2000,13.6,0.56,0.0,0.0,Summer,No Holiday,Yes
15/06/2018,2328,8,18.7,71,1.1,1992,13.3,0.61,0.0,0.0,Summer,No Holiday,Yes
15/06/2018,1170,9,20.1,65,1.4,2000,13.3,0.93,0.0,0.0,Summer,No Holiday,Yes
15/06/2018,1004,10,22.0,56,1.5,1989,12.8,1.91,0.0,0.0,Summer,No Holiday,Yes
15/06/2018,1118,11,22.9,57,1.4,1918,13.9,2.24,0.0,0.0,Summer,No Holiday,Yes
15/06/2018,1193,12,24.4,50,1.6,2000,13.2,3.07,0.0,0.0,Summer,No Holiday,Yes
15/06/2018,1035,13,25.3,48,1.8,1935,13.4,3.42,0.0,0.0,Summer,No Holiday,Yes
15/06/2018,1027,14,26.4,43,2.1,1944,12.8,3.23,0.0,0.0,Summer,No Holiday,Yes
15/06/2018,1461,15,26.7,40,1.6,1995,11.9,2.42,0.0,0.0,Summer,No Holiday,Yes
15/06/2018,1726,16,26.5,45,1.6,2000,13.5,1.91,0.0,0.0,Summer,No Holiday,Yes
15/06/2018,2460,17,26.1,45,1.4,2000,13.2,1.26,0.0,0.0,Summer,No Holiday,Yes
15/06/2018,2891,18,25.9,44,1.5,2000,12.7,1.36,0.0,0.0,Summer,No Holiday,Yes
15/06/2018,2984,19,24.3,48,1.5,2000,12.5,0.59,0.0,0.0,Summer,No Holiday,Yes
15/06/2018,2441,20,22.6,51,1.3,2000,11.9,0.06,0.0,0.0,Summer,No Holiday,Yes
15/06/2018,2337,21,21.4,54,1.5,2000,11.6,0.0,0.0,0.0,Summer,No Holiday,Yes
15/06/2018,2155,22,20.4,54,1.4,2000,10.7,0.0,0.0,0.0,Summer,No Holiday,Yes
15/06/2018,1593,23,19.6,55,1.4,2000,10.3,0.0,0.0,0.0,Summer,No Holiday,Yes
16/06/2018,1217,0,19.0,57,1.6,2000,10.2,0.0,0.0,0.0,Summer,No Holiday,Yes
16/06/2018,1056,1,18.4,59,1.3,2000,10.2,0.0,0.0,0.0,Summer,No Holiday,Yes
16/06/2018,764,2,17.9,60,0.8,2000,10.0,0.0,0.0,0.0,Summer,No Holiday,Yes
16/06/2018,518,3,17.4,61,1.2,2000,9.7,0.0,0.0,0.0,Summer,No Holiday,Yes
16/06/2018,317,4,16.9,63,1.0,2000,9.8,0.0,0.0,0.0,Summer,No Holiday,Yes
16/06/2018,277,5,16.6,65,1.2,2000,9.9,0.0,0.0,0.0,Summer,No Holiday,Yes
16/06/2018,381,6,16.3,66,0.7,2000,9.9,0.05,0.0,0.0,Summer,No Holiday,Yes
16/06/2018,583,7,17.0,60,1.1,1993,9.1,0.47,0.0,0.0,Summer,No Holiday,Yes
16/06/2018,892,8,18.7,57,1.0,1956,9.9,1.05,0.0,0.0,Summer,No Holiday,Yes
16/06/2018,1144,9,20.4,54,1.5,2000,10.7,1.88,0.0,0.0,Summer,No Holiday,Yes
16/06/2018,1166,10,21.8,46,0.9,1927,9.6,2.46,0.0,0.0,Summer,No Holiday,Yes
16/06/2018,1330,11,23.4,46,1.6,1954,11.1,2.96,0.0,0.0,Summer,No Holiday,Yes
16/06/2018,1525,12,24.8,43,1.2,1943,11.3,3.27,0.0,0.0,Summer,No Holiday,Yes
16/06/2018,1704,13,26.2,37,1.2,1936,10.3,3.36,0.0,0.0,Summer,No Holiday,Yes
16/06/2018,1783,14,27.1,40,1.8,1779,12.3,3.26,0.0,0.0,Summer,No Holiday,Yes
16/06/2018,1861,15,27.8,41,1.6,1851,13.3,2.89,0.0,0.0,Summer,No Holiday,Yes
16/06/2018,1991,16,28.3,41,2.6,1852,13.7,2.58,0.0,0.0,Summer,No Holiday,Yes
16/06/2018,2383,17,28.4,43,2.0,1806,14.6,1.93,0.0,0.0,Summer,No Holiday,Yes
16/06/2018,2451,18,28.0,46,2.3,1833,15.2,1.23,0.0,0.0,Summer,No Holiday,Yes
16/06/2018,2475,19,27.2,48,1.4,1994,15.2,0.57,0.0,0.0,Summer,No Holiday,Yes
16/06/2018,2497,20,25.0,60,2.4,1773,16.6,0.1,0.0,0.0,Summer,No Holiday,Yes
16/06/2018,2435,21,23.7,64,1.7,1707,16.4,0.0,0.0,0.0,Summer,No Holiday,Yes
16/06/2018,1995,22,22.8,69,1.7,1656,16.8,0.0,0.0,0.0,Summer,No Holiday,Yes
16/06/2018,1615,23,22.1,73,1.6,1180,17.0,0.0,0.0,0.0,Summer,No Holiday,Yes
17/06/2018,1394,0,21.5,76,1.4,1015,17.0,0.0,0.0,0.0,Summer,No Holiday,Yes
17/06/2018,929,1,20.9,79,2.0,932,17.1,0.0,0.0,0.0,Summer,No Holiday,Yes
17/06/2018,755,2,20.5,76,1.1,994,16.1,0.0,0.0,0.0,Summer,No Holiday,Yes
17/06/2018,491,3,19.9,80,1.6,741,16.3,0.0,0.0,0.0,Summer,No Holiday,Yes
17/06/2018,304,4,19.4,82,0.9,531,16.2,0.0,0.0,0.0,Summer,No Holiday,Yes
17/06/2018,238,5,19.0,85,0.8,567,16.4,0.0,0.0,0.0,Summer,No Holiday,Yes
17/06/2018,324,6,18.9,83,0.3,576,15.9,0.05,0.0,0.0,Summer,No Holiday,Yes
17/06/2018,475,7,19.6,75,0.9,884,15.0,0.42,0.0,0.0,Summer,No Holiday,Yes
17/06/2018,715,8,21.1,70,0.3,766,15.4,0.9,0.0,0.0,Summer,No Holiday,Yes
17/06/2018,944,9,22.5,66,1.2,605,15.8,0.97,0.0,0.0,Summer,No Holiday,Yes
17/06/2018,953,10,23.0,66,1.1,516,16.2,0.83,0.0,0.0,Summer,No Holiday,Yes
17/06/2018,1146,11,23.6,63,0.7,523,16.1,0.93,0.0,0.0,Summer,No Holiday,Yes
17/06/2018,1422,12,24.8,56,0.9,530,15.4,1.57,0.0,0.0,Summer,No Holiday,Yes
17/06/2018,1563,13,25.7,52,1.1,639,15.0,1.81,0.0,0.0,Summer,No Holiday,Yes
17/06/2018,1709,14,26.8,44,1.6,760,13.5,2.01,0.0,0.0,Summer,No Holiday,Yes
17/06/2018,1979,15,27.3,51,2.6,598,16.2,2.4,0.0,0.0,Summer,No Holiday,Yes
17/06/2018,2235,16,26.6,51,2.2,809,15.6,1.27,0.0,0.0,Summer,No Holiday,Yes
17/06/2018,2330,17,25.6,58,3.3,865,16.7,0.66,0.0,0.0,Summer,No Holiday,Yes
17/06/2018,2474,18,25.0,59,3.4,1324,16.4,0.54,0.0,0.0,Summer,No Holiday,Yes
17/06/2018,2481,19,24.2,62,1.9,1225,16.4,0.39,0.0,0.0,Summer,No Holiday,Yes
17/06/2018,2429,20,23.1,67,2.1,1060,16.6,0.03,0.0,0.0,Summer,No Holiday,Yes
17/06/2018,2055,21,22.7,66,0.9,1069,16.0,0.0,0.0,0.0,Summer,No Holiday,Yes
17/06/2018,1819,22,22.2,70,0.5,1056,16.4,0.0,0.0,0.0,Summer,No Holiday,Yes
17/06/2018,1323,23,21.7,74,1.4,920,16.8,0.0,0.0,0.0,Summer,No Holiday,Yes
18/06/2018,917,0,21.3,74,1.4,963,16.4,0.0,0.0,0.0,Summer,No Holiday,Yes
18/06/2018,547,1,21.0,74,0.5,990,16.1,0.0,0.0,0.0,Summer,No Holiday,Yes
18/06/2018,436,2,20.7,76,0.3,920,16.3,0.0,0.0,0.0,Summer,No Holiday,Yes
18/06/2018,202,3,20.5,77,0.5,865,16.3,0.0,0.0,0.0,Summer,No Holiday,Yes
18/06/2018,164,4,20.2,78,0.7,884,16.2,0.0,0.0,0.0,Summer,No Holiday,Yes
18/06/2018,383,5,20.0,80,0.3,824,16.4,0.0,0.0,0.0,Summer,No Holiday,Yes
18/06/2018,779,6,20.0,78,0.4,752,16.0,0.05,0.0,0.0,Summer,No Holiday,Yes
18/06/2018,1590,7,20.6,76,0.5,786,16.2,0.3,0.0,0.0,Summer,No Holiday,Yes
18/06/2018,2357,8,22.7,65,0.7,759,15.7,1.05,0.0,0.0,Summer,No Holiday,Yes
18/06/2018,1263,9,24.7,59,1.1,616,16.1,1.8,0.0,0.0,Summer,No Holiday,Yes
18/06/2018,822,10,26.1,53,0.9,554,15.7,2.14,0.0,0.0,Summer,No Holiday,Yes
18/06/2018,915,11,27.3,45,2.4,846,14.3,2.84,0.0,0.0,Summer,No Holiday,Yes
18/06/2018,988,12,28.4,45,2.2,649,15.3,2.92,0.0,0.0,Summer,No Holiday,Yes
18/06/2018,938,13,29.4,42,1.7,689,15.1,3.1,0.0,0.0,Summer,No Holiday,Yes
18/06/2018,997,14,29.8,36,2.0,1382,13.1,2.63,0.0,0.0,Summer,No Holiday,Yes
18/06/2018,1177,15,30.5,34,2.8,1590,12.8,2.87,0.0,0.0,Summer,No Holiday,Yes
18/06/2018,1401,16,30.5,34,2.9,1830,12.8,2.51,0.0,0.0,Summer,No Holiday,Yes
18/06/2018,2040,17,29.5,36,3.7,1786,12.8,1.94,0.0,0.0,Summer,No Holiday,Yes
18/06/2018,746,18,29.2,35,2.7,1900,12.1,1.27,0.0,0.0,Summer,No Holiday,Yes
18/06/2018,1557,19,28.1,38,2.6,2000,12.4,0.63,0.0,0.0,Summer,No Holiday,Yes
18/06/2018,2515,20,25.7,43,2.1,2000,12.1,0.12,0.0,0.0,Summer,No Holiday,Yes
18/06/2018,1702,21,23.8,48,2.0,2000,12.1,0.0,0.0,0.0,Summer,No Holiday,Yes
18/06/2018,1373,22,22.9,56,1.3,1927,13.6,0.0,0.0,0.0,Summer,No Holiday,Yes
18/06/2018,1732,23,22.3,59,1.1,1892,13.8,0.0,0.0,0.0,Summer,No Holiday,Yes
19/06/2018,1055,0,21.5,63,1.0,1740,14.1,0.0,0.0,0.0,Summer,No Holiday,Yes
19/06/2018,766,1,20.9,66,0.8,1528,14.3,0.0,0.0,0.0,Summer,No Holiday,Yes
19/06/2018,527,2,20.2,71,1.2,1414,14.7,0.0,0.0,0.0,Summer,No Holiday,Yes
19/06/2018,369,3,19.9,69,1.4,1179,14.0,0.0,0.0,0.0,Summer,No Holiday,Yes
19/06/2018,268,4,19.7,73,1.6,848,14.7,0.0,0.0,0.0,Summer,No Holiday,Yes
19/06/2018,317,5,19.4,77,0.8,831,15.2,0.0,0.0,0.0,Summer,No Holiday,Yes
19/06/2018,746,6,19.1,75,0.4,1039,14.5,0.08,0.0,0.0,Summer,No Holiday,Yes
19/06/2018,1616,7,19.9,72,0.6,840,14.6,0.32,0.0,0.0,Summer,No Holiday,Yes
19/06/2018,2430,8,21.1,66,1.0,797,14.4,0.62,0.0,0.0,Summer,No Holiday,Yes
19/06/2018,1381,9,22.4,62,0.9,761,14.7,0.93,0.0,0.0,Summer,No Holiday,Yes
19/06/2018,937,10,23.7,56,1.6,1074,14.3,1.34,0.0,0.0,Summer,No Holiday,Yes
19/06/2018,1014,11,24.6,53,1.4,1472,14.3,1.67,0.0,0.0,Summer,No Holiday,Yes
19/06/2018,1224,12,25.8,48,1.5,1487,13.9,2.31,0.0,0.0,Summer,No Holiday,Yes
19/06/2018,1230,13,26.6,46,2.9,1482,14.0,2.31,0.0,0.0,Summer,No Holiday,Yes
19/06/2018,1258,14,27.2,44,2.9,1377,13.8,2.59,0.0,0.0,Summer,No Holiday,Yes
19/06/2018,1363,15,26.7,42,2.6,1634,12.7,1.89,0.0,0.0,Summer,No Holiday,Yes
19/06/2018,1700,16,26.1,46,3.0,1728,13.5,1.55,0.0,0.0,Summer,No Holiday,Yes
19/06/2018,2328,17,25.1,51,2.4,1714,14.2,1.15,0.0,0.0,Summer,No Holiday,Yes
19/06/2018,3556,18,24.1,57,2.9,1301,15.0,0.56,0.0,0.0,Summer,No Holiday,Yes
19/06/2018,2809,19,23.3,59,2.6,1214,14.8,0.28,0.0,0.0,Summer,No Holiday,Yes
19/06/2018,2525,20,22.4,62,2.2,1041,14.7,0.05,0.0,0.0,Summer,No Holiday,Yes
19/06/2018,2378,21,21.6,66,2.4,962,14.9,0.0,0.0,0.0,Summer,No Holiday,Yes
19/06/2018,2096,22,20.8,71,2.1,800,15.3,0.0,0.0,0.0,Summer,No Holiday,Yes
19/06/2018,1456,23,20.1,73,1.9,771,15.1,0.0,0.0,0.0,Summer,No Holiday,Yes
20/06/2018,1030,0,19.7,71,2.0,1330,14.2,0.0,0.0,0.0,Summer,No Holiday,Yes
20/06/2018,803,1,19.6,73,1.4,958,14.6,0.0,0.0,0.0,Summer,No Holiday,Yes
20/06/2018,576,2,19.6,78,0.8,662,15.6,0.0,0.0,0.0,Summer,No Holiday,Yes
20/06/2018,340,3,19.4,79,0.8,563,15.6,0.0,0.0,0.0,Summer,No Holiday,Yes
20/06/2018,249,4,19.1,82,1.5,471,15.9,0.0,0.0,0.0,Summer,No Holiday,Yes
20/06/2018,336,5,19.1,83,2.0,457,16.1,0.0,0.0,0.0,Summer,No Holiday,Yes
20/06/2018,714,6,19.4,83,1.6,448,16.4,0.03,0.0,0.0,Summer,No Holiday,Yes
20/06/2018,1629,7,20.0,77,1.7,595,15.8,0.29,0.0,0.0,Summer,No Holiday,Yes
20/06/2018,2440,8,20.6,77,1.2,566,16.4,0.53,0.0,0.0,Summer,No Holiday,Yes
20/06/2018,1401,9,21.1,73,2.0,623,16.0,0.43,0.0,0.0,Summer,No Holiday,Yes
20/06/2018,1002,10,22.2,70,3.1,740,16.4,1.44,0.0,0.0,Summer,No Holiday,Yes
20/06/2018,1100,11,23.7,56,2.4,1070,14.3,2.33,0.0,0.0,Summer,No Holiday,Yes
20/06/2018,1252,12,25.2,53,3.3,976,14.9,3.38,0.0,0.0,Summer,No Holiday,Yes
20/06/2018,1184,13,26.2,51,3.2,1078,15.2,3.36,0.0,0.0,Summer,No Holiday,Yes
20/06/2018,1158,14,27.5,47,2.7,990,15.1,3.24,0.0,0.0,Summer,No Holiday,Yes
20/06/2018,1266,15,27.9,45,3.6,1558,14.8,3.04,0.0,0.0,Summer,No Holiday,Yes
20/06/2018,1600,16,28.2,48,3.9,1103,16.1,2.55,0.0,0.0,Summer,No Holiday,Yes
20/06/2018,2289,17,28.0,50,3.2,1137,16.6,1.93,0.0,0.0,Summer,No Holiday,Yes
20/06/2018,3384,18,27.0,55,3.1,1246,17.1,1.26,0.0,0.0,Summer,No Holiday,Yes
20/06/2018,2741,19,25.6,61,2.7,1236,17.5,0.6,0.0,0.0,Summer,No Holiday,Yes
20/06/2018,2519,20,23.3,68,3.6,895,17.0,0.11,0.0,0.0,Summer,No Holiday,Yes
20/06/2018,2246,21,21.6,74,3.3,758,16.7,0.0,0.0,0.0,Summer,No Holiday,Yes
20/06/2018,1979,22,20.6,78,3.0,684,16.6,0.0,0.0,0.0,Summer,No Holiday,Yes
20/06/2018,1401,23,20.1,82,3.6,494,16.9,0.0,0.0,0.0,Summer,No Holiday,Yes
21/06/2018,1083,0,20.0,83,2.6,547,17.0,0.0,0.0,0.0,Summer,No Holiday,Yes
21/06/2018,794,1,20.1,82,1.2,582,16.9,0.0,0.0,0.0,Summer,No Holiday,Yes
21/06/2018,539,2,20.2,82,0.9,575,17.0,0.0,0.0,0.0,Summer,No Holiday,Yes
21/06/2018,394,3,20.0,83,1.7,607,17.0,0.0,0.0,0.0,Summer,No Holiday,Yes
21/06/2018,215,4,19.6,87,1.2,465,17.3,0.0,0.0,0.0,Summer,No Holiday,Yes
21/06/2018,308,5,19.4,82,2.1,677,16.2,0.0,0.0,0.0,Summer,No Holiday,Yes
21/06/2018,709,6,19.5,80,1.6,709,15.9,0.04,0.0,0.0,Summer,No Holiday,Yes
21/06/2018,1543,7,19.9,74,1.7,683,15.1,0.21,0.0,0.0,Summer,No Holiday,Yes
21/06/2018,2370,8,21.4,65,1.9,821,14.5,1.15,0.0,0.0,Summer,No Holiday,Yes
21/06/2018,1360,9,22.7,59,2.0,940,14.2,1.77,0.0,0.0,Summer,No Holiday,Yes
21/06/2018,922,10,23.9,57,2.1,977,14.8,2.54,0.0,0.0,Summer,No Holiday,Yes
21/06/2018,1066,11,25.5,57,1.8,943,16.3,3.01,0.0,0.0,Summer,No Holiday,Yes
21/06/2018,1197,12,26.4,46,1.4,1103,13.8,3.26,0.0,0.0,Summer,No Holiday,Yes
21/06/2018,1147,13,27.3,33,3.4,1921,9.6,3.42,0.0,0.0,Summer,No Holiday,Yes
21/06/2018,1152,14,28.0,39,2.6,1833,12.7,3.14,0.0,0.0,Summer,No Holiday,Yes
21/06/2018,1276,15,28.3,40,3.2,1619,13.4,2.96,0.0,0.0,Summer,No Holiday,Yes
21/06/2018,1473,16,28.5,42,3.1,1622,14.3,2.62,0.0,0.0,Summer,No Holiday,Yes
21/06/2018,2176,17,28.4,43,3.3,1715,14.6,2.04,0.0,0.0,Summer,No Holiday,Yes
21/06/2018,3418,18,27.8,43,3.0,1933,14.0,1.35,0.0,0.0,Summer,No Holiday,Yes
21/06/2018,2811,19,26.9,42,2.4,2000,12.8,0.62,0.0,0.0,Summer,No Holiday,Yes
21/06/2018,2556,20,25.1,55,2.3,1779,15.4,0.08,0.0,0.0,Summer,No Holiday,Yes
21/06/2018,2436,21,23.8,63,1.5,1455,16.3,0.0,0.0,0.0,Summer,No Holiday,Yes
21/06/2018,2179,22,22.8,67,2.1,1042,16.3,0.0,0.0,0.0,Summer,No Holiday,Yes
21/06/2018,1497,23,21.9,59,2.6,1188,13.5,0.0,0.0,0.0,Summer,No Holiday,Yes
22/06/2018,1137,0,20.7,67,1.9,885,14.3,0.0,0.0,0.0,Summer,No Holiday,Yes
22/06/2018,912,1,20.2,75,1.4,525,15.6,0.0,0.0,0.0,Summer,No Holiday,Yes
22/06/2018,602,2,19.8,80,1.5,370,16.2,0.0,0.0,0.0,Summer,No Holiday,Yes
22/06/2018,413,3,19.3,85,1.6,345,16.7,0.0,0.0,0.0,Summer,No Holiday,Yes
22/06/2018,268,4,19.1,86,1.4,322,16.6,0.0,0.0,0.0,Summer,No Holiday,Yes
22/06/2018,336,5,18.6,85,1.0,384,16.0,0.0,0.0,0.0,Summer,No Holiday,Yes
22/06/2018,710,6,18.2,83,0.6,448,15.2,0.06,0.0,0.0,Summer,No Holiday,Yes
22/06/2018,1529,7,18.8,66,1.1,814,12.3,0.46,0.0,0.0,Summer,No Holiday,Yes
22/06/2018,2283,8,21.9,58,1.2,771,13.2,1.29,0.0,0.0,Summer,No Holiday,Yes
22/06/2018,1284,9,24.2,47,1.2,822,12.1,1.94,0.0,0.0,Summer,No Holiday,Yes
22/06/2018,902,10,26.3,34,0.9,1792,9.1,2.57,0.0,0.0,Summer,No Holiday,Yes
22/06/2018,1020,11,28.1,35,1.3,1608,11.1,3.02,0.0,0.0,Summer,No Holiday,Yes
22/06/2018,1116,12,29.8,28,1.3,1777,9.3,3.21,0.0,0.0,Summer,No Holiday,Yes
22/06/2018,1073,13,30.6,26,1.2,1792,8.9,3.17,0.0,0.0,Summer,No Holiday,Yes
22/06/2018,1087,14,31.6,25,2.3,1780,9.1,3.21,0.0,0.0,Summer,No Holiday,Yes
22/06/2018,1203,15,31.9,23,1.8,1977,8.1,2.57,0.0,0.0,Summer,No Holiday,Yes
22/06/2018,1466,16,30.8,31,3.8,1246,11.7,2.17,0.0,0.0,Summer,No Holiday,Yes
22/06/2018,2146,17,30.4,28,2.9,1834,9.8,1.9,0.0,0.0,Summer,No Holiday,Yes
22/06/2018,3365,18,29.3,27,3.4,1977,8.3,1.24,0.0,0.0,Summer,No Holiday,Yes
22/06/2018,2732,19,27.1,32,3.5,2000,8.9,0.52,0.0,0.0,Summer,No Holiday,Yes
22/06/2018,2493,20,25.4,31,2.5,2000,7.0,0.07,0.0,0.0,Summer,No Holiday,Yes
22/06/2018,2251,21,24.2,32,1.5,2000,6.4,0.0,0.0,0.0,Summer,No Holiday,Yes
22/06/2018,2103,22,23.3,32,1.1,2000,5.6,0.0,0.0,0.0,Summer,No Holiday,Yes
22/06/2018,1648,23,22.9,34,1.1,1810,6.1,0.0,0.0,0.0,Summer,No Holiday,Yes
23/06/2018,1322,0,22.7,36,1.5,2000,6.8,0.0,0.0,0.0,Summer,No Holiday,Yes
23/06/2018,1073,1,22.5,39,1.1,2000,7.8,0.0,0.0,0.0,Summer,No Holiday,Yes
23/06/2018,818,2,22.3,37,1.8,2000,6.8,0.0,0.0,0.0,Summer,No Holiday,Yes
23/06/2018,540,3,22.0,42,0.2,1891,8.4,0.0,0.0,0.0,Summer,No Holiday,Yes
23/06/2018,375,4,21.6,47,0.4,1985,9.7,0.0,0.0,0.0,Summer,No Holiday,Yes
23/06/2018,339,5,21.1,48,0.3,2000,9.6,0.0,0.0,0.0,Summer,No Holiday,Yes
23/06/2018,417,6,21.0,48,0.6,2000,9.5,0.01,0.0,0.0,Summer,No Holiday,Yes
23/06/2018,622,7,21.3,44,0.5,1911,8.5,0.2,0.0,0.0,Summer,No Holiday,Yes
23/06/2018,934,8,22.6,42,0.7,1887,9.0,0.62,0.0,0.0,Summer,No Holiday,Yes
23/06/2018,1072,9,24.3,37,1.1,1939,8.6,1.31,0.0,0.0,Summer,No Holiday,Yes
23/06/2018,1064,10,25.8,35,1.5,1900,9.1,1.66,0.0,0.0,Summer,No Holiday,Yes
23/06/2018,1229,11,27.5,31,1.9,1841,8.8,2.7,0.0,0.0,Summer,No Holiday,Yes
23/06/2018,1374,12,28.4,31,2.7,1849,9.6,2.93,0.0,0.0,Summer,No Holiday,Yes
23/06/2018,1483,13,27.9,41,3.9,1649,13.4,2.08,0.0,0.0,Summer,No Holiday,Yes
23/06/2018,1445,14,28.0,46,3.6,1401,15.2,2.88,0.0,0.0,Summer,No Holiday,Yes
23/06/2018,1589,15,28.4,43,3.1,1337,14.6,2.65,0.0,0.0,Summer,No Holiday,Yes
23/06/2018,1837,16,28.3,48,3.1,1232,16.2,2.41,0.0,0.0,Summer,No Holiday,Yes
23/06/2018,2101,17,28.1,49,3.2,1117,16.3,1.62,0.0,0.0,Summer,No Holiday,Yes
23/06/2018,2256,18,26.3,55,3.2,1119,16.5,0.64,0.0,0.0,Summer,No Holiday,Yes
23/06/2018,2288,19,25.7,59,2.8,1083,17.0,0.38,0.0,0.0,Summer,No Holiday,Yes
23/06/2018,2262,20,24.6,65,2.1,1018,17.5,0.1,0.0,0.0,Summer,No Holiday,Yes
23/06/2018,2175,21,23.8,68,2.2,694,17.5,0.0,0.0,0.0,Summer,No Holiday,Yes
23/06/2018,1932,22,23.0,74,2.4,473,18.1,0.0,0.0,0.0,Summer,No Holiday,Yes
23/06/2018,1402,23,22.5,77,2.7,396,18.2,0.0,0.0,0.0,Summer,No Holiday,Yes
24/06/2018,849,0,22.0,81,1.6,374,18.5,0.0,0.0,0.0,Summer,No Holiday,Yes
24/06/2018,545,1,21.5,83,1.3,345,18.4,0.0,0.0,0.0,Summer,No Holiday,Yes
24/06/2018,1254,2,20.9,87,1.8,222,18.6,0.0,0.0,0.0,Summer,No Holiday,Yes
24/06/2018,644,3,20.6,91,0.8,194,19.0,0.0,0.0,0.0,Summer,No Holiday,Yes
24/06/2018,286,4,20.5,90,0.8,223,18.7,0.0,0.0,0.0,Summer,No Holiday,Yes
24/06/2018,235,5,20.3,87,1.0,251,18.0,0.0,0.0,0.0,Summer,No Holiday,Yes
24/06/2018,258,6,20.2,87,2.0,255,17.9,0.01,0.0,0.0,Summer,No Holiday,Yes
24/06/2018,369,7,20.5,82,0.8,338,17.3,0.16,0.0,0.0,Summer,No Holiday,Yes
24/06/2018,561,8,21.3,78,0.7,351,17.3,0.51,0.0,0.0,Summer,No Holiday,Yes
24/06/2018,734,9,23.1,68,1.9,482,16.8,1.64,0.0,0.0,Summer,No Holiday,Yes
24/06/2018,763,10,25.0,60,1.5,570,16.6,2.33,0.0,0.0,Summer,No Holiday,Yes
24/06/2018,870,11,27.1,52,2.1,557,16.3,2.82,0.0,0.0,Summer,No Holiday,Yes
24/06/2018,1042,12,28.9,40,2.3,809,13.9,3.15,0.0,0.0,Summer,No Holiday,Yes
24/06/2018,1062,13,30.6,31,2.7,1240,11.5,3.24,0.0,0.0,Summer,No Holiday,Yes
24/06/2018,1064,14,31.6,34,2.9,1050,13.8,3.12,0.0,0.0,Summer,No Holiday,Yes
24/06/2018,1213,15,31.8,31,3.4,1400,12.5,2.85,0.0,0.0,Summer,No Holiday,Yes
24/06/2018,1471,16,31.3,32,3.2,1427,12.6,2.38,0.0,0.0,Summer,No Holiday,Yes
24/06/2018,1754,17,30.9,34,2.5,1640,13.2,1.79,0.0,0.0,Summer,No Holiday,Yes
24/06/2018,2094,18,29.8,35,3.3,1805,12.6,1.15,0.0,0.0,Summer,No Holiday,Yes
24/06/2018,2290,19,27.8,41,2.7,1990,13.3,0.45,0.0,0.0,Summer,No Holiday,Yes
24/06/2018,2387,20,26.1,49,1.9,1960,14.5,0.1,0.0,0.0,Summer,No Holiday,Yes
24/06/2018,2153,21,24.5,71,1.7,1295,18.8,0.0,0.0,0.0,Summer,No Holiday,Yes
24/06/2018,1801,22,23.9,72,0.8,1098,18.5,0.0,0.0,0.0,Summer,No Holiday,Yes
24/06/2018,1329,23,23.3,75,2.0,890,18.6,0.0,0.0,0.0,Summer,No Holiday,Yes
25/06/2018,962,0,22.9,79,0.6,715,19.0,0.0,0.0,0.0,Summer,No Holiday,Yes
25/06/2018,585,1,22.5,80,1.1,619,18.8,0.0,0.0,0.0,Summer,No Holiday,Yes
25/06/2018,424,2,22.3,80,0.8,709,18.6,0.0,0.0,0.0,Summer,No Holiday,Yes
25/06/2018,264,3,22.0,83,0.5,684,18.9,0.0,0.0,0.0,Summer,No Holiday,Yes
25/06/2018,199,4,21.8,82,0.7,702,18.5,0.0,0.0,0.0,Summer,No Holiday,Yes
25/06/2018,338,5,21.5,84,0.3,569,18.6,0.0,0.0,0.0,Summer,No Holiday,Yes
25/06/2018,785,6,21.3,81,0.7,604,17.8,0.05,0.0,0.0,Summer,No Holiday,Yes
25/06/2018,1620,7,22.1,74,0.3,830,17.2,0.37,0.0,0.0,Summer,No Holiday,Yes
25/06/2018,2331,8,23.8,66,0.9,960,17.0,0.74,0.0,0.0,Summer,No Holiday,Yes
25/06/2018,1293,9,25.4,61,1.0,1079,17.3,1.28,0.0,0.0,Summer,No Holiday,Yes
25/06/2018,878,10,26.4,55,0.9,901,16.6,1.16,0.0,0.0,Summer,No Holiday,Yes
25/06/2018,968,11,27.8,46,1.3,912,15.1,1.77,0.0,0.0,Summer,No Holiday,Yes
25/06/2018,1039,12,29.8,42,2.1,1220,15.5,2.9,0.0,0.0,Summer,No Holiday,Yes
25/06/2018,1073,13,31.2,36,2.0,1022,14.3,2.91,0.0,0.0,Summer,No Holiday,Yes
25/06/2018,1016,14,32.3,35,1.8,982,14.8,2.71,0.0,0.0,Summer,No Holiday,Yes
25/06/2018,1184,15,32.7,31,1.7,1243,13.3,2.3,0.0,0.0,Summer,No Holiday,Yes
25/06/2018,1407,16,32.2,39,2.8,928,16.4,1.74,0.0,0.0,Summer,No Holiday,Yes
25/06/2018,2008,17,31.5,42,2.3,990,17.0,1.36,0.0,0.0,Summer,No Holiday,Yes
25/06/2018,3238,18,30.7,43,1.6,931,16.6,0.74,0.0,0.0,Summer,No Holiday,Yes
25/06/2018,2779,19,29.8,45,1.5,956,16.5,0.32,0.0,0.0,Summer,No Holiday,Yes
25/06/2018,2456,20,28.8,54,1.1,964,18.5,0.09,0.0,0.0,Summer,No Holiday,Yes
25/06/2018,2372,21,27.9,55,0.5,1083,18.0,0.0,0.0,0.0,Summer,No Holiday,Yes
25/06/2018,2046,22,27.4,55,0.3,1001,17.5,0.0,0.0,0.0,Summer,No Holiday,Yes
25/06/2018,1437,23,27.2,55,0.7,920,17.3,0.0,0.0,0.0,Summer,No Holiday,Yes
26/06/2018,1052,0,26.9,61,1.5,805,18.7,0.0,0.0,0.0,Summer,No Holiday,Yes
26/06/2018,783,1,26.7,50,1.8,884,15.4,0.0,0.0,0.0,Summer,No Holiday,Yes
26/06/2018,524,2,26.1,51,1.7,760,15.1,0.0,0.0,0.0,Summer,No Holiday,Yes
26/06/2018,353,3,25.4,50,1.1,870,14.2,0.0,0.0,0.0,Summer,No Holiday,Yes
26/06/2018,143,4,24.7,49,1.0,1293,13.2,0.0,0.0,0.0,Summer,No Holiday,Yes
26/06/2018,45,5,23.7,64,0.9,876,16.4,0.0,0.1,0.0,Summer,No Holiday,Yes
26/06/2018,37,6,22.5,83,0.8,537,19.4,0.0,0.4,0.0,Summer,No Holiday,Yes
26/06/2018,49,7,21.2,87,0.8,376,18.9,0.03,1.5,0.0,Summer,No Holiday,Yes
26/06/2018,53,8,20.8,94,1.0,159,19.7,0.05,3.5,0.0,Summer,No Holiday,Yes
26/06/2018,19,9,20.3,96,1.1,143,19.6,0.06,6.5,0.0,Summer,No Holiday,Yes
26/06/2018,9,10,20.3,97,1.0,103,19.8,0.12,9.5,0.0,Summer,No Holiday,Yes
26/06/2018,11,11,20.4,97,1.4,129,19.9,0.09,16.0,0.0,Summer,No Holiday,Yes
26/06/2018,10,12,20.5,97,1.8,257,20.0,0.15,5.0,0.0,Summer,No Holiday,Yes
26/06/2018,24,13,20.5,97,1.2,338,20.0,0.11,14.5,0.0,Summer,No Holiday,Yes
26/06/2018,26,14,21.0,97,0.7,381,20.4,0.26,2.5,0.0,Summer,No Holiday,Yes
26/06/2018,65,15,21.5,97,0.6,311,20.9,0.21,4.5,0.0,Summer,No Holiday,Yes
26/06/2018,56,16,23.3,96,3.4,441,22.6,0.08,1.0,0.0,Summer,No Holiday,Yes
26/06/2018,113,17,24.0,95,5.0,362,23.1,0.07,2.0,0.0,Summer,No Holiday,Yes
26/06/2018,156,18,24.1,95,4.4,261,23.2,0.03,1.0,0.0,Summer,No Holiday,Yes
26/06/2018,203,19,24.2,94,4.7,242,23.1,0.03,1.5,0.0,Summer,No Holiday,Yes
26/06/2018,199,20,24.1,94,4.5,214,23.0,0.0,0.5,0.0,Summer,No Holiday,Yes
26/06/2018,275,21,23.5,94,4.6,227,22.4,0.0,1.5,0.0,Summer,No Holiday,Yes
26/06/2018,443,22,22.4,95,4.1,222,21.5,0.0,0.0,0.0,Summer,No Holiday,Yes
26/06/2018,552,23,21.6,89,4.3,698,19.7,0.0,0.0,0.0,Summer,No Holiday,Yes
27/06/2018,513,0,20.5,94,3.7,896,19.4,0.0,0.0,0.0,Summer,No Holiday,Yes
27/06/2018,254,1,20.0,96,3.0,182,19.3,0.0,0.1,0.0,Summer,No Holiday,Yes
27/06/2018,164,2,19.6,97,2.6,201,19.1,0.0,0.4,0.0,Summer,No Holiday,Yes
27/06/2018,152,3,19.4,97,2.9,282,18.9,0.0,0.0,0.0,Summer,No Holiday,Yes
27/06/2018,110,4,19.2,97,1.0,217,18.7,0.0,0.5,0.0,Summer,No Holiday,Yes
27/06/2018,162,5,19.1,97,1.2,402,18.6,0.0,0.0,0.0,Summer,No Holiday,Yes
27/06/2018,417,6,19.2,97,1.5,157,18.7,0.0,0.0,0.0,Summer,No Holiday,Yes
27/06/2018,1084,7,19.3,98,1.0,188,18.9,0.06,0.0,0.0,Summer,No Holiday,Yes
27/06/2018,1995,8,19.7,97,1.5,200,19.2,0.25,0.0,0.0,Summer,No Holiday,Yes
27/06/2018,1238,9,20.0,96,1.6,287,19.3,0.39,0.0,0.0,Summer,No Holiday,Yes
27/06/2018,862,10,21.4,85,1.1,596,18.7,1.34,0.0,0.0,Summer,No Holiday,Yes
27/06/2018,1015,11,23.4,73,1.3,827,18.2,2.38,0.0,0.0,Summer,No Holiday,Yes
27/06/2018,1145,12,24.1,73,2.2,992,18.9,2.15,0.0,0.0,Summer,No Holiday,Yes
27/06/2018,1234,13,24.9,69,2.2,850,18.8,2.14,0.0,0.0,Summer,No Holiday,Yes
27/06/2018,1243,14,24.7,72,2.9,720,19.3,1.45,0.0,0.0,Summer,No Holiday,Yes
27/06/2018,1362,15,25.5,68,2.4,638,19.1,1.61,0.0,0.0,Summer,No Holiday,Yes
27/06/2018,1618,16,25.0,74,2.2,578,20.0,0.52,0.0,0.0,Summer,No Holiday,Yes
27/06/2018,2115,17,25.1,70,2.2,796,19.2,0.48,0.0,0.0,Summer,No Holiday,Yes
27/06/2018,3172,18,25.0,69,1.5,1125,18.9,0.52,0.0,0.0,Summer,No Holiday,Yes
27/06/2018,2487,19,24.9,70,1.8,1131,19.0,0.24,0.0,0.0,Summer,No Holiday,Yes
27/06/2018,2274,20,24.2,72,1.4,833,18.8,0.03,0.0,0.0,Summer,No Holiday,Yes
27/06/2018,2200,21,23.3,71,1.3,1145,17.7,0.0,0.0,0.0,Summer,No Holiday,Yes
27/06/2018,1959,22,22.7,77,2.0,1099,18.4,0.0,0.0,0.0,Summer,No Holiday,Yes
27/06/2018,980,23,22.3,83,2.6,490,19.2,0.0,0.0,0.0,Summer,No Holiday,Yes
28/06/2018,561,0,22.2,84,1.1,482,19.3,0.0,0.0,0.0,Summer,No Holiday,Yes
28/06/2018,1068,1,22.2,84,0.3,610,19.3,0.0,0.0,0.0,Summer,No Holiday,Yes
28/06/2018,652,2,22.4,84,0.6,667,19.5,0.0,0.0,0.0,Summer,No Holiday,Yes
28/06/2018,344,3,22.4,86,0.6,618,19.9,0.0,0.0,0.0,Summer,No Holiday,Yes
28/06/2018,233,4,22.3,88,0.9,298,20.2,0.0,0.0,0.0,Summer,No Holiday,Yes
28/06/2018,266,5,22.1,93,0.4,333,20.9,0.0,0.0,0.0,Summer,No Holiday,Yes
28/06/2018,594,6,22.0,90,0.4,373,20.2,0.04,0.1,0.0,Summer,No Holiday,Yes
28/06/2018,1391,7,22.7,81,0.4,866,19.2,0.4,0.0,0.0,Summer,No Holiday,Yes
28/06/2018,2288,8,24.2,73,1.0,1581,19.0,0.96,0.0,0.0,Summer,No Holiday,Yes
28/06/2018,1246,9,24.8,75,1.1,1418,20.0,0.63,0.0,0.0,Summer,No Holiday,Yes
28/06/2018,826,10,25.3,70,0.6,1386,19.4,0.7,0.0,0.0,Summer,No Holiday,Yes
28/06/2018,938,11,26.5,64,1.8,1806,19.1,1.3,0.0,0.0,Summer,No Holiday,Yes
28/06/2018,1158,12,27.0,68,2.0,1863,20.5,1.3,0.0,0.0,Summer,No Holiday,Yes
28/06/2018,1040,13,27.2,68,1.8,1575,20.7,1.1,0.0,0.0,Summer,No Holiday,Yes
28/06/2018,1030,14,27.1,72,3.0,1126,21.6,0.91,0.0,0.0,Summer,No Holiday,Yes
28/06/2018,1209,15,26.4,76,3.7,1370,21.8,1.01,0.0,0.0,Summer,No Holiday,Yes
28/06/2018,766,16,25.2,81,3.6,961,21.6,0.5,0.0,0.0,Summer,No Holiday,Yes
28/06/2018,65,17,22.2,92,1.2,254,20.8,0.11,4.9,0.0,Summer,No Holiday,Yes
28/06/2018,596,18,20.6,97,0.7,222,20.1,0.14,21.5,0.0,Summer,No Holiday,Yes
28/06/2018,944,19,20.9,97,1.0,1747,20.3,0.19,0.0,0.0,Summer,No Holiday,Yes
28/06/2018,1039,20,21.0,96,0.1,1431,20.3,0.02,0.0,0.0,Summer,No Holiday,Yes
28/06/2018,1223,21,21.3,94,0.3,1314,20.2,0.0,0.0,0.0,Summer,No Holiday,Yes
28/06/2018,1239,22,21.6,94,1.1,766,20.5,0.0,0.0,0.0,Summer,No Holiday,Yes
28/06/2018,931,23,21.7,96,0.3,293,21.0,0.0,0.0,0.0,Summer,No Holiday,Yes
29/06/2018,470,0,21.9,95,1.9,357,21.0,0.0,0.0,0.0,Summer,No Holiday,Yes
29/06/2018,460,1,22.0,96,0.1,387,21.3,0.0,0.1,0.0,Summer,No Holiday,Yes
29/06/2018,345,2,22.2,96,0.8,269,21.5,0.0,0.2,0.0,Summer,No Holiday,Yes
29/06/2018,227,3,22.3,96,1.2,290,21.6,0.0,0.1,0.0,Summer,No Holiday,Yes
29/06/2018,123,4,22.3,96,0.0,278,21.6,0.0,0.1,0.0,Summer,No Holiday,Yes
29/06/2018,133,5,22.1,97,0.5,152,21.5,0.0,1.5,0.0,Summer,No Holiday,Yes
29/06/2018,308,6,21.9,97,0.2,190,21.3,0.0,4.5,0.0,Summer,No Holiday,Yes
29/06/2018,883,7,22.0,97,0.9,269,21.4,0.03,0.0,0.0,Summer,No Holiday,Yes
29/06/2018,2028,8,22.2,95,1.6,389,21.3,0.26,0.0,0.0,Summer,No Holiday,Yes
29/06/2018,1195,9,22.9,86,1.7,538,20.4,0.76,0.0,0.0,Summer,No Holiday,Yes
29/06/2018,913,10,24.4,76,2.1,617,19.8,1.58,0.0,0.0,Summer,No Holiday,Yes
29/06/2018,956,11,24.8,74,1.8,644,19.8,1.41,0.0,0.0,Summer,No Holiday,Yes
29/06/2018,1168,12,26.1,67,2.2,758,19.4,2.15,0.0,0.0,Summer,No Holiday,Yes
29/06/2018,1117,13,26.8,65,2.0,732,19.6,2.37,0.0,0.0,Summer,No Holiday,Yes
29/06/2018,1175,14,27.8,57,2.1,760,18.4,2.62,0.0,0.0,Summer,No Holiday,Yes
29/06/2018,1209,15,28.4,63,2.8,742,20.6,2.47,0.0,0.0,Summer,No Holiday,Yes
29/06/2018,1554,16,29.0,57,2.3,987,19.6,2.36,0.0,0.0,Summer,No Holiday,Yes
29/06/2018,2099,17,28.5,60,2.6,1014,19.9,1.33,0.0,0.0,Summer,No Holiday,Yes
29/06/2018,3113,18,28.1,60,1.9,959,19.5,1.05,0.0,0.0,Summer,No Holiday,Yes
29/06/2018,2602,19,27.1,64,1.1,829,19.6,0.28,0.0,0.0,Summer,No Holiday,Yes
29/06/2018,2339,20,26.2,70,1.5,792,20.2,0.12,0.0,0.0,Summer,No Holiday,Yes
29/06/2018,2225,21,25.2,75,1.4,644,20.4,0.0,0.0,0.0,Summer,No Holiday,Yes
29/06/2018,2103,22,24.2,80,1.3,500,20.5,0.0,0.0,0.0,Summer,No Holiday,Yes
29/06/2018,1552,23,23.5,83,1.4,436,20.4,0.0,0.0,0.0,Summer,No Holiday,Yes
30/06/2018,1275,0,23.0,84,1.9,375,20.1,0.0,0.0,0.0,Summer,No Holiday,Yes
30/06/2018,1070,1,22.6,85,0.3,323,19.9,0.0,0.0,0.0,Summer,No Holiday,Yes
30/06/2018,859,2,22.2,88,1.0,295,20.1,0.0,0.0,0.0,Summer,No Holiday,Yes
30/06/2018,625,3,21.9,88,0.9,274,19.8,0.0,0.0,0.0,Summer,No Holiday,Yes
30/06/2018,382,4,21.7,93,0.1,244,20.5,0.0,0.0,0.0,Summer,No Holiday,Yes
30/06/2018,247,5,21.7,88,0.6,289,19.6,0.0,0.0,0.0,Summer,No Holiday,Yes
30/06/2018,310,6,22.1,85,0.5,303,19.4,0.01,0.1,0.0,Summer,No Holiday,Yes
30/06/2018,468,7,22.5,86,0.6,299,20.0,0.07,0.0,0.0,Summer,No Holiday,Yes
30/06/2018,825,8,23.4,81,0.5,313,19.9,0.37,0.0,0.0,Summer,No Holiday,Yes
30/06/2018,862,9,24.2,81,0.9,295,20.7,0.53,0.0,0.0,Summer,No Holiday,Yes
30/06/2018,933,10,25.1,73,0.9,358,19.9,0.66,0.0,0.0,Summer,No Holiday,Yes
30/06/2018,871,11,26.4,71,1.0,430,20.7,1.36,0.0,0.0,Summer,No Holiday,Yes
30/06/2018,858,12,25.2,94,2.8,166,24.1,0.39,6.4,0.0,Summer,No Holiday,Yes
30/06/2018,1144,13,25.6,87,1.7,390,23.2,0.71,3.5,0.0,Summer,No Holiday,Yes
30/06/2018,1235,14,27.5,69,0.5,736,21.2,1.84,0.0,0.0,Summer,No Holiday,Yes
30/06/2018,1311,15,27.8,71,0.9,733,22.0,0.93,0.0,0.0,Summer,No Holiday,Yes
30/06/2018,1317,16,27.9,69,0.5,880,21.6,0.61,0.0,0.0,Summer,No Holiday,Yes
30/06/2018,1291,17,27.4,75,2.3,616,22.5,0.46,0.0,0.0,Summer,No Holiday,Yes
30/06/2018,306,18,27.5,79,0.5,1237,23.5,0.65,0.5,0.0,Summer,No Holiday,Yes
30/06/2018,481,19,24.3,95,0.5,958,23.4,0.11,4.0,0.0,Summer,No Holiday,Yes
30/06/2018,778,20,24.2,88,0.8,1276,22.0,0.06,0.0,0.0,Summer,No Holiday,Yes
30/06/2018,1005,21,23.9,84,0.7,1552,21.0,0.0,0.0,0.0,Summer,No Holiday,Yes
30/06/2018,1107,22,23.4,88,0.9,1153,21.2,0.0,0.0,0.0,Summer,No Holiday,Yes
30/06/2018,919,23,22.9,92,0.6,989,21.5,0.0,0.0,0.0,Summer,No Holiday,Yes
01/07/2018,865,0,22.6,88,0.2,1259,20.5,0.0,0.0,0.0,Summer,No Holiday,Yes
01/07/2018,740,1,22.7,87,0.5,1072,20.4,0.0,0.0,0.0,Summer,No Holiday,Yes
01/07/2018,586,2,22.7,87,0.5,1187,20.4,0.0,0.0,0.0,Summer,No Holiday,Yes
01/07/2018,368,3,22.7,86,0.7,1455,20.2,0.0,0.0,0.0,Summer,No Holiday,Yes
01/07/2018,211,4,22.7,85,0.7,1547,20.0,0.0,0.0,0.0,Summer,No Holiday,Yes
01/07/2018,54,5,22.6,86,0.5,1076,20.1,0.0,0.1,0.0,Summer,No Holiday,Yes
01/07/2018,60,6,22.3,93,0.6,1262,21.1,0.01,0.4,0.0,Summer,No Holiday,Yes
01/07/2018,25,7,22.1,89,0.5,1617,20.1,0.08,0.5,0.0,Summer,No Holiday,Yes
01/07/2018,20,8,22.1,93,0.5,805,20.9,0.14,1.0,0.0,Summer,No Holiday,Yes
01/07/2018,9,9,22.1,94,0.9,624,21.0,0.22,1.5,0.0,Summer,No Holiday,Yes
01/07/2018,13,10,21.6,97,0.5,266,21.0,0.13,12.0,0.0,Summer,No Holiday,Yes
01/07/2018,11,11,21.2,97,1.2,105,20.6,0.15,18.5,0.0,Summer,No Holiday,Yes
01/07/2018,9,12,21.1,97,1.2,653,20.5,0.17,7.5,0.0,Summer,No Holiday,Yes
01/07/2018,30,13,21.2,97,1.1,760,20.6,0.2,3.5,0.0,Summer,No Holiday,Yes
01/07/2018,14,14,21.5,97,0.7,1522,20.9,0.29,1.0,0.0,Summer,No Holiday,Yes
01/07/2018,51,15,21.8,97,0.7,324,21.2,0.14,5.5,0.0,Summer,No Holiday,Yes
01/07/2018,41,16,22.2,97,1.1,1745,21.6,0.25,1.0,0.0,Summer,No Holiday,Yes
01/07/2018,25,17,22.4,96,0.4,1661,21.7,0.21,1.5,0.0,Summer,No Holiday,Yes
01/07/2018,17,18,22.2,96,1.2,673,21.5,0.09,3.5,0.0,Summer,No Holiday,Yes
01/07/2018,18,19,21.9,96,1.2,509,21.2,0.01,5.5,0.0,Summer,No Holiday,Yes
01/07/2018,16,20,21.9,97,1.1,534,21.3,0.0,6.0,0.0,Summer,No Holiday,Yes
01/07/2018,17,21,21.8,97,0.6,692,21.2,0.0,3.5,0.0,Summer,No Holiday,Yes
01/07/2018,16,22,21.7,97,0.7,540,21.1,0.0,3.5,0.0,Summer,No Holiday,Yes
01/07/2018,15,23,21.5,97,1.5,523,20.9,0.0,5.0,0.0,Summer,No Holiday,Yes
02/07/2018,26,0,21.4,97,0.6,680,20.8,0.0,2.5,0.0,Summer,No Holiday,Yes
02/07/2018,28,1,21.3,97,1.0,1451,20.7,0.0,3.0,0.0,Summer,No Holiday,Yes
02/07/2018,17,2,21.2,97,0.8,1018,20.6,0.0,2.0,0.0,Summer,No Holiday,Yes
02/07/2018,23,3,21.1,96,2.4,866,20.4,0.0,4.5,0.0,Summer,No Holiday,Yes
02/07/2018,58,4,20.8,97,1.0,2000,20.3,0.0,4.0,0.0,Summer,No Holiday,Yes
02/07/2018,28,5,20.7,97,0.3,2000,20.2,0.0,0.5,0.0,Summer,No Holiday,Yes
02/07/2018,40,6,20.7,97,0.3,1262,20.2,0.0,1.0,0.0,Summer,No Holiday,Yes
02/07/2018,126,7,20.7,97,0.4,1801,20.2,0.0,0.5,0.0,Summer,No Holiday,Yes
02/07/2018,104,8,20.8,96,0.4,1627,20.1,0.11,1.5,0.0,Summer,No Holiday,Yes
02/07/2018,128,9,21.0,97,1.3,825,20.4,0.14,3.0,0.0,Summer,No Holiday,Yes
02/07/2018,27,10,21.4,97,0.6,563,20.8,0.27,1.0,0.0,Summer,No Holiday,Yes
02/07/2018,153,11,21.7,97,0.5,591,21.1,0.25,8.0,0.0,Summer,No Holiday,Yes
02/07/2018,218,12,22.4,97,1.0,945,21.8,0.46,0.0,0.0,Summer,No Holiday,Yes
02/07/2018,304,13,22.6,97,0.6,367,22.0,0.3,0.5,0.0,Summer,No Holiday,Yes
02/07/2018,381,14,23.3,96,0.3,434,22.6,0.53,0.0,0.0,Summer,No Holiday,Yes
02/07/2018,619,15,24.2,93,1.0,590,22.9,0.78,0.0,0.0,Summer,No Holiday,Yes
02/07/2018,839,16,25.2,87,0.9,601,22.8,0.88,0.0,0.0,Summer,No Holiday,Yes
02/07/2018,861,17,25.3,87,0.6,751,22.9,0.49,0.0,0.0,Summer,No Holiday,Yes
02/07/2018,832,18,24.9,87,1.9,1742,22.5,0.25,0.0,0.0,Summer,No Holiday,Yes
02/07/2018,44,19,24.1,93,2.1,1118,22.8,0.23,1.5,0.0,Summer,No Holiday,Yes
02/07/2018,61,20,23.5,97,0.1,1814,22.9,0.04,24.0,0.0,Summer,No Holiday,Yes
02/07/2018,72,21,23.4,98,0.4,1038,23.0,0.0,1.0,0.0,Summer,No Holiday,Yes
02/07/2018,83,22,23.4,98,0.3,585,23.0,0.0,2.5,0.0,Summer,No Holiday,Yes
02/07/2018,168,23,23.4,98,0.3,662,23.0,0.0,0.5,0.0,Summer,No Holiday,Yes
03/07/2018,349,0,23.2,98,0.2,927,22.8,0.0,0.5,0.0,Summer,No Holiday,Yes
03/07/2018,407,1,23.1,98,0.0,958,22.7,0.0,0.0,0.0,Summer,No Holiday,Yes
03/07/2018,354,2,23.0,98,0.1,1026,22.6,0.0,0.0,0.0,Summer,No Holiday,Yes
03/07/2018,233,3,22.8,98,0.0,1734,22.4,0.0,0.0,0.0,Summer,No Holiday,Yes
03/07/2018,149,4,22.7,97,0.2,1808,22.1,0.0,0.0,0.0,Summer,No Holiday,Yes
03/07/2018,224,5,22.6,97,0.0,1383,22.0,0.0,0.0,0.0,Summer,No Holiday,Yes
03/07/2018,600,6,22.6,95,0.1,1937,21.7,0.05,0.0,0.0,Summer,No Holiday,Yes
03/07/2018,1308,7,23.5,86,0.2,1908,21.0,0.38,0.0,0.0,Summer,No Holiday,Yes
03/07/2018,2135,8,24.3,83,0.5,1986,21.2,0.53,0.0,0.0,Summer,No Holiday,Yes
03/07/2018,1156,9,25.7,76,0.8,1920,21.1,1.11,0.0,0.0,Summer,No Holiday,Yes
03/07/2018,818,10,27.6,71,1.6,1870,21.8,2.14,0.0,0.0,Summer,No Holiday,Yes
03/07/2018,906,11,29.2,66,1.4,1953,22.1,2.72,0.0,0.0,Summer,No Holiday,Yes
03/07/2018,944,12,30.1,64,1.2,2000,22.5,2.54,0.0,0.0,Summer,No Holiday,Yes
03/07/2018,994,13,31.2,54,1.3,1961,20.7,3.11,0.0,0.0,Summer,No Holiday,Yes
03/07/2018,1001,14,31.0,56,1.5,2000,21.1,1.47,0.0,0.0,Summer,No Holiday,Yes
03/07/2018,1069,15,32.0,54,1.2,1962,21.5,2.99,0.0,0.0,Summer,No Holiday,Yes
03/07/2018,1325,16,31.3,52,1.2,2000,20.2,1.63,0.0,0.0,Summer,No Holiday,Yes
03/07/2018,1783,17,32.4,50,2.2,2000,20.6,1.92,0.0,0.0,Summer,No Holiday,Yes
03/07/2018,2965,18,32.2,57,1.8,1880,22.5,1.53,0.0,0.0,Summer,No Holiday,Yes
03/07/2018,2598,19,30.4,62,0.9,2000,22.2,0.65,0.1,0.0,Summer,No Holiday,Yes
03/07/2018,2398,20,28.8,72,0.9,2000,23.2,0.11,0.0,0.0,Summer,No Holiday,Yes
03/07/2018,2264,21,27.8,72,0.6,2000,22.2,0.0,0.0,0.0,Summer,No Holiday,Yes
03/07/2018,1948,22,26.9,78,0.6,1806,22.7,0.0,0.0,0.0,Summer,No Holiday,Yes
03/07/2018,1365,23,26.4,78,0.3,2000,22.2,0.0,0.0,0.0,Summer,No Holiday,Yes
04/07/2018,971,0,25.9,79,0.3,2000,21.9,0.0,0.0,0.0,Summer,No Holiday,Yes
04/07/2018,796,1,25.4,79,1.0,2000,21.4,0.0,0.0,0.0,Summer,No Holiday,Yes
04/07/2018,555,2,25.1,82,0.2,2000,21.8,0.0,0.0,0.0,Summer,No Holiday,Yes
04/07/2018,372,3,24.9,83,0.2,1857,21.8,0.0,0.0,0.0,Summer,No Holiday,Yes
04/07/2018,234,4,24.7,82,0.3,2000,21.4,0.0,0.0,0.0,Summer,No Holiday,Yes
04/07/2018,316,5,24.2,86,0.2,2000,21.7,0.0,0.0,0.0,Summer,No Holiday,Yes
04/07/2018,747,6,24.0,84,0.1,1969,21.1,0.05,0.0,0.0,Summer,No Holiday,Yes
04/07/2018,1450,7,24.6,78,0.5,2000,20.5,0.33,0.0,0.0,Summer,No Holiday,Yes
04/07/2018,2215,8,26.4,64,0.5,1909,19.0,1.33,0.0,0.0,Summer,No Holiday,Yes
04/07/2018,1191,9,27.4,68,0.5,1941,20.9,1.31,0.0,0.0,Summer,No Holiday,Yes
04/07/2018,831,10,28.5,65,1.5,1519,21.2,1.74,0.0,0.0,Summer,No Holiday,Yes
04/07/2018,941,11,30.0,60,2.3,1861,21.3,2.61,0.0,0.0,Summer,No Holiday,Yes
04/07/2018,1021,12,30.5,58,2.5,1741,21.2,2.26,0.0,0.0,Summer,No Holiday,Yes
04/07/2018,1007,13,31.0,60,2.6,1657,22.3,2.75,0.0,0.0,Summer,No Holiday,Yes
04/07/2018,1005,14,31.3,58,3.0,1479,22.0,2.46,0.0,0.0,Summer,No Holiday,Yes
04/07/2018,1038,15,31.1,57,3.7,1912,21.5,2.03,0.0,0.0,Summer,No Holiday,Yes
04/07/2018,1306,16,31.6,57,2.7,1882,22.0,2.19,0.0,0.0,Summer,No Holiday,Yes
04/07/2018,1856,17,31.2,56,3.4,1943,21.3,1.82,0.0,0.0,Summer,No Holiday,Yes
04/07/2018,3080,18,30.0,60,2.5,1933,21.3,0.99,0.0,0.0,Summer,No Holiday,Yes
04/07/2018,2637,19,28.2,64,2.8,1978,20.7,0.5,0.0,0.0,Summer,No Holiday,Yes
04/07/2018,2415,20,27.1,67,2.9,1949,20.4,0.06,0.0,0.0,Summer,No Holiday,Yes
04/07/2018,2274,21,26.2,70,2.2,1908,20.2,0.0,0.0,0.0,Summer,No Holiday,Yes
04/07/2018,2091,22,25.1,73,2.5,1808,19.9,0.0,0.0,0.0,Summer,No Holiday,Yes
04/07/2018,1432,23,24.7,74,1.4,1596,19.7,0.0,0.0,0.0,Summer,No Holiday,Yes
05/07/2018,1078,0,24.2,77,1.8,1365,19.9,0.0,0.0,0.0,Summer,No Holiday,Yes
05/07/2018,846,1,23.9,79,1.7,1121,20.0,0.0,0.0,0.0,Summer,No Holiday,Yes
05/07/2018,568,2,23.6,80,1.5,879,19.9,0.0,0.0,0.0,Summer,No Holiday,Yes
05/07/2018,376,3,23.5,81,0.9,878,20.0,0.0,0.0,0.0,Summer,No Holiday,Yes
05/07/2018,267,4,23.5,80,0.4,924,19.8,0.0,0.0,0.0,Summer,No Holiday,Yes
05/07/2018,326,5,23.5,80,0.3,838,19.8,0.0,0.0,0.0,Summer,No Holiday,Yes
05/07/2018,438,6,23.5,80,0.3,768,19.8,0.0,0.0,0.0,Summer,No Holiday,Yes
05/07/2018,828,7,23.5,90,0.5,445,21.7,0.05,0.5,0.0,Summer,No Holiday,Yes
05/07/2018,1836,8,23.6,93,0.9,308,22.3,0.21,0.0,0.0,Summer,No Holiday,Yes
05/07/2018,1112,9,24.2,84,0.9,632,21.3,0.49,0.0,0.0,Summer,No Holiday,Yes
05/07/2018,827,10,25.6,75,1.1,1028,20.8,1.22,0.0,0.0,Summer,No Holiday,Yes
05/07/2018,890,11,26.3,71,1.1,1340,20.6,0.86,0.0,0.0,Summer,No Holiday,Yes
05/07/2018,996,12,27.0,68,1.1,1744,20.5,1.2,0.0,0.0,Summer,No Holiday,Yes
05/07/2018,929,13,28.1,67,1.1,1772,21.3,1.43,0.0,0.0,Summer,No Holiday,Yes
05/07/2018,933,14,28.3,67,3.0,1242,21.5,1.73,0.0,0.0,Summer,No Holiday,Yes
05/07/2018,1011,15,28.8,66,0.9,1806,21.8,1.55,0.0,0.0,Summer,No Holiday,Yes
05/07/2018,1105,16,28.2,71,1.7,2000,22.4,0.96,0.0,0.0,Summer,No Holiday,Yes
05/07/2018,1381,17,27.3,76,0.9,1971,22.6,0.52,0.0,0.0,Summer,No Holiday,Yes
05/07/2018,2594,18,26.8,71,1.2,2000,21.0,0.21,0.0,0.0,Summer,No Holiday,Yes
05/07/2018,2309,19,26.7,69,1.4,2000,20.5,0.36,0.0,0.0,Summer,No Holiday,Yes
05/07/2018,2122,20,25.8,68,1.4,2000,19.4,0.09,0.0,0.0,Summer,No Holiday,Yes
05/07/2018,2063,21,25.2,67,1.5,2000,18.6,0.0,0.0,0.0,Summer,No Holiday,Yes
05/07/2018,1941,22,24.4,67,1.6,2000,17.8,0.0,0.0,0.0,Summer,No Holiday,Yes
05/07/2018,1406,23,23.9,66,1.5,2000,17.1,0.0,0.0,0.0,Summer,No Holiday,Yes
06/07/2018,1075,0,23.5,65,1.9,2000,16.5,0.0,0.0,0.0,Summer,No Holiday,Yes
06/07/2018,839,1,23.1,66,1.6,2000,16.3,0.0,0.0,0.0,Summer,No Holiday,Yes
06/07/2018,558,2,22.8,65,1.8,2000,15.8,0.0,0.0,0.0,Summer,No Holiday,Yes
06/07/2018,403,3,22.6,66,1.5,2000,15.9,0.0,0.0,0.0,Summer,No Holiday,Yes
06/07/2018,273,4,22.6,66,0.9,2000,15.9,0.0,0.0,0.0,Summer,No Holiday,Yes
06/07/2018,311,5,22.5,66,1.5,2000,15.8,0.0,0.0,0.0,Summer,No Holiday,Yes
06/07/2018,723,6,22.4,65,1.6,2000,15.4,0.01,0.0,0.0,Summer,No Holiday,Yes
06/07/2018,1449,7,22.6,63,1.3,2000,15.1,0.21,0.0,0.0,Summer,No Holiday,Yes
06/07/2018,2273,8,23.2,60,1.7,2000,14.9,0.58,0.0,0.0,Summer,No Holiday,Yes
06/07/2018,1318,9,23.3,61,1.7,2000,15.3,0.8,0.0,0.0,Summer,No Holiday,Yes
06/07/2018,998,10,23.7,59,1.7,2000,15.2,0.89,0.0,0.0,Summer,No Holiday,Yes
06/07/2018,1024,11,23.9,59,2.1,2000,15.3,1.08,0.0,0.0,Summer,No Holiday,Yes
06/07/2018,1216,12,25.7,57,1.9,2000,16.5,2.32,0.0,0.0,Summer,No Holiday,Yes
06/07/2018,1210,13,26.2,53,2.1,2000,15.8,2.23,0.0,0.0,Summer,No Holiday,Yes
06/07/2018,1209,14,27.0,52,2.1,2000,16.2,2.51,0.0,0.0,Summer,No Holiday,Yes
06/07/2018,1346,15,26.9,51,2.0,2000,15.9,1.95,0.0,0.0,Summer,No Holiday,Yes
06/07/2018,1635,16,26.6,54,2.3,2000,16.5,1.24,0.0,0.0,Summer,No Holiday,Yes
06/07/2018,2282,17,26.6,52,2.2,2000,15.9,1.02,0.0,0.0,Summer,No Holiday,Yes
06/07/2018,3196,18,25.9,52,2.1,2000,15.2,0.57,0.0,0.0,Summer,No Holiday,Yes
06/07/2018,2557,19,25.0,52,2.2,2000,14.4,0.37,0.0,0.0,Summer,No Holiday,Yes
06/07/2018,2223,20,23.8,55,2.3,2000,14.2,0.05,0.0,0.0,Summer,No Holiday,Yes
06/07/2018,2183,21,23.1,54,2.1,2000,13.2,0.0,0.0,0.0,Summer,No Holiday,Yes
06/07/2018,1917,22,22.5,54,2.1,2000,12.7,0.0,0.0,0.0,Summer,No Holiday,Yes
06/07/2018,1458,23,22.0,55,1.7,2000,12.5,0.0,0.0,0.0,Summer,No Holiday,Yes
07/07/2018,1191,0,21.5,56,1.8,2000,12.3,0.0,0.0,0.0,Summer,No Holiday,Yes
07/07/2018,1079,1,21.1,57,2.0,2000,12.2,0.0,0.0,0.0,Summer,No Holiday,Yes
07/07/2018,760,2,20.7,58,1.5,2000,12.1,0.0,0.0,0.0,Summer,No Holiday,Yes
07/07/2018,545,3,20.4,59,1.0,2000,12.1,0.0,0.0,0.0,Summer,No Holiday,Yes
07/07/2018,331,4,20.0,63,1.8,2000,12.7,0.0,0.0,0.0,Summer,No Holiday,Yes
07/07/2018,273,5,19.8,63,1.4,2000,12.5,0.0,0.0,0.0,Summer,No Holiday,Yes
07/07/2018,396,6,19.5,61,1.5,2000,11.7,0.03,0.0,0.0,Summer,No Holiday,Yes
07/07/2018,567,7,19.6,57,1.6,2000,10.8,0.42,0.0,0.0,Summer,No Holiday,Yes
07/07/2018,832,8,21.2,52,1.6,1998,10.9,1.2,0.0,0.0,Summer,No Holiday,Yes
07/07/2018,1009,9,22.6,51,1.7,2000,11.9,1.87,0.0,0.0,Summer,No Holiday,Yes
07/07/2018,1050,10,24.0,49,1.7,2000,12.6,2.48,0.0,0.0,Summer,No Holiday,Yes
07/07/2018,1129,11,25.0,48,1.5,1986,13.2,2.95,0.0,0.0,Summer,No Holiday,Yes
07/07/2018,1328,12,26.4,47,1.7,2000,14.1,3.26,0.0,0.0,Summer,No Holiday,Yes
07/07/2018,1399,13,27.5,43,2.0,2000,13.7,3.41,0.0,0.0,Summer,No Holiday,Yes
07/07/2018,1430,14,28.3,43,1.6,1941,14.5,3.33,0.0,0.0,Summer,No Holiday,Yes
07/07/2018,1579,15,28.7,42,1.3,2000,14.5,2.98,0.0,0.0,Summer,No Holiday,Yes
07/07/2018,1764,16,28.9,44,1.6,1998,15.4,2.2,0.0,0.0,Summer,No Holiday,Yes
07/07/2018,2020,17,28.9,45,1.4,2000,15.7,1.89,0.0,0.0,Summer,No Holiday,Yes
07/07/2018,2238,18,27.8,48,1.2,2000,15.7,0.91,0.0,0.0,Summer,No Holiday,Yes
07/07/2018,2352,19,26.1,51,1.4,2000,15.1,0.32,0.0,0.0,Summer,No Holiday,Yes
07/07/2018,2232,20,24.6,51,1.7,2000,13.7,0.07,0.0,0.0,Summer,No Holiday,Yes
07/07/2018,2235,21,23.4,52,1.4,2000,12.9,0.0,0.0,0.0,Summer,No Holiday,Yes
07/07/2018,1921,22,22.6,51,1.7,2000,11.9,0.0,0.0,0.0,Summer,No Holiday,Yes
07/07/2018,1416,23,21.7,51,1.7,2000,11.1,0.0,0.0,0.0,Summer,No Holiday,Yes
