Date,Rented Bike Count,Hour,Temperature(°C),Humidity(%),Wind speed (m/s),Visibility (10m),Dew point temperature(°C),Solar Radiation (MJ/m2),Rainfall(mm),Snowfall (cm),Seasons,Holiday,Functioning Day
08/07/2018,1208,0,20.7,51,1.7,2000,10.1,0.0,0.0,0.0,Summer,No Holiday,Yes
08/07/2018,946,1,19.9,52,1.6,2000,9.7,0.0,0.0,0.0,Summer,No Holiday,Yes
08/07/2018,648,2,19.3,54,1.4,2000,9.7,0.0,0.0,0.0,Summer,No Holiday,Yes
08/07/2018,460,3,18.8,56,1.2,2000,9.8,0.0,0.0,0.0,Summer,No Holiday,Yes
08/07/2018,277,4,18.4,57,1.1,2000,9.7,0.0,0.0,0.0,Summer,No Holiday,Yes
08/07/2018,253,5,18.1,57,1.4,2000,9.4,0.0,0.0,0.0,Summer,No Holiday,Yes
08/07/2018,267,6,17.8,58,1.1,2000,9.4,0.04,0.0,0.0,Summer,No Holiday,Yes
08/07/2018,410,7,18.2,54,1.2,2000,8.7,0.42,0.0,0.0,Summer,No Holiday,Yes
08/07/2018,684,8,19.1,53,1.7,1952,9.2,0.8,0.0,0.0,Summer,No Holiday,Yes
08/07/2018,787,9,20.8,51,1.5,1973,10.2,1.65,0.0,0.0,Summer,No Holiday,Yes
08/07/2018,867,10,22.5,48,1.6,1940,10.9,2.33,0.0,0.0,Summer,No Holiday,Yes
08/07/2018,1053,11,23.8,47,2.1,2000,11.8,2.59,0.0,0.0,Summer,No Holiday,Yes
08/07/2018,1237,12,25.0,46,1.9,1943,12.5,2.93,0.0,0.0,Summer,No Holiday,Yes
08/07/2018,1442,13,26.1,45,1.8,2000,13.2,3.33,0.0,0.0,Summer,No Holiday,Yes
08/07/2018,1517,14,27.1,41,1.4,1941,12.7,3.24,0.0,0.0,Summer,No Holiday,Yes
08/07/2018,1693,15,27.6,37,1.9,2000,11.5,2.58,0.0,0.0,Summer,No Holiday,Yes
08/07/2018,2070,16,27.9,39,1.2,2000,12.6,2.16,0.0,0.0,Summer,No Holiday,Yes
08/07/2018,2266,17,27.4,44,1.7,2000,14.0,1.17,0.0,0.0,Summer,No Holiday,Yes
08/07/2018,2351,18,26.7,48,1.0,2000,14.7,0.53,0.0,0.0,Summer,No Holiday,Yes
08/07/2018,2272,19,26.3,51,1.7,2000,15.3,0.18,0.0,0.0,Summer,No Holiday,Yes
08/07/2018,2348,20,25.7,53,1.3,2000,15.3,0.03,0.0,0.0,Summer,No Holiday,Yes
08/07/2018,2055,21,25.3,55,1.4,2000,15.6,0.0,0.0,0.0,Summer,No Holiday,Yes
08/07/2018,1717,22,25.0,57,1.0,2000,15.8,0.0,0.0,0.0,Summer,No Holiday,Yes
08/07/2018,1252,23,24.6,60,2.6,2000,16.3,0.0,0.0,0.0,Summer,No Holiday,Yes
09/07/2018,900,0,24.2,61,1.7,2000,16.1,0.0,0.0,0.0,Summer,No Holiday,Yes
09/07/2018,554,1,23.7,64,0.8,2000,16.4,0.0,0.0,0.0,Summer,No Holiday,Yes
09/07/2018,387,2,22.7,63,0.9,2000,15.2,0.0,0.0,0.0,Summer,No Holiday,Yes
09/07/2018,285,3,21.9,63,1.3,2000,14.5,0.0,0.0,0.0,Summer,No Holiday,Yes
09/07/2018,206,4,21.4,63,1.5,2000,14.0,0.0,0.0,0.0,Summer,No Holiday,Yes
09/07/2018,301,5,21.1,64,1.5,2000,14.0,0.0,0.0,0.0,Summer,No Holiday,Yes
09/07/2018,486,6,21.0,64,1.0,2000,13.9,0.03,0.0,0.0,Summer,No Holiday,Yes
09/07/2018,451,7,20.9,66,1.4,2000,14.3,0.1,0.0,0.0,Summer,No Holiday,Yes
09/07/2018,670,8,20.7,73,0.8,2000,15.6,0.3,0.2,0.0,Summer,No Holiday,Yes
09/07/2018,575,9,21.1,72,1.0,1982,15.8,0.52,0.0,0.0,Summer,No Holiday,Yes
09/07/2018,217,10,21.1,73,1.2,1957,16.0,0.4,0.0,0.0,Summer,No Holiday,Yes
09/07/2018,186,11,20.6,82,1.0,2000,17.4,0.29,0.3,0.0,Summer,No Holiday,Yes
09/07/2018,71,12,20.7,83,0.6,1244,17.7,0.32,0.0,0.0,Summer,No Holiday,Yes
09/07/2018,99,13,20.3,87,1.0,771,18.0,0.31,0.5,0.0,Summer,No Holiday,Yes
09/07/2018,110,14,20.2,89,1.0,1854,18.3,0.27,0.5,0.0,Summer,No Holiday,Yes
09/07/2018,59,15,20.3,90,0.9,1356,18.5,0.34,0.0,0.0,Summer,No Holiday,Yes
09/07/2018,68,16,20.2,91,1.2,1637,18.6,0.42,1.0,0.0,Summer,No Holiday,Yes
09/07/2018,104,17,20.3,93,1.4,1684,19.1,0.32,1.0,0.0,Summer,No Holiday,Yes
09/07/2018,140,18,20.3,93,1.3,1832,19.1,0.22,0.5,0.0,Summer,No Holiday,Yes
09/07/2018,68,19,20.4,94,1.1,1769,19.3,0.14,0.5,0.0,Summer,No Holiday,Yes
09/07/2018,48,20,20.3,95,0.8,1372,19.4,0.02,1.0,0.0,Summer,No Holiday,Yes
09/07/2018,95,21,20.3,96,1.0,1007,19.6,0.0,1.5,0.0,Summer,No Holiday,Yes
09/07/2018,71,22,20.4,96,1.1,1641,19.7,0.0,0.5,0.0,Summer,No Holiday,Yes
09/07/2018,40,23,20.4,96,0.6,1137,19.7,0.0,1.0,0.0,Summer,No Holiday,Yes
10/07/2018,29,0,20.4,97,0.3,183,19.9,0.0,5.5,0.0,Summer,No Holiday,Yes
10/07/2018,39,1,20.4,97,0.3,193,19.9,0.0,8.5,0.0,Summer,No Holiday,Yes
10/07/2018,84,2,20.5,98,0.5,596,20.1,0.0,6.5,0.0,Summer,No Holiday,Yes
10/07/2018,136,3,20.6,98,0.8,1986,20.2,0.0,0.5,0.0,Summer,No Holiday,Yes
10/07/2018,133,4,20.6,97,0.5,1989,20.1,0.0,0.0,0.0,Summer,No Holiday,Yes
10/07/2018,174,5,20.6,97,0.6,2000,20.1,0.0,0.0,0.0,Summer,No Holiday,Yes
10/07/2018,534,6,20.7,97,0.9,2000,20.2,0.02,0.0,0.0,Summer,No Holiday,Yes
10/07/2018,1209,7,21.1,95,0.4,2000,20.2,0.14,0.0,0.0,Summer,No Holiday,Yes
10/07/2018,2017,8,21.7,89,0.5,2000,19.8,0.31,0.0,0.0,Summer,No Holiday,Yes
10/07/2018,1061,9,22.3,86,1.0,2000,19.8,0.42,0.0,0.0,Summer,No Holiday,Yes
10/07/2018,768,10,22.6,85,0.9,1996,19.9,0.38,0.0,0.0,Summer,No Holiday,Yes
10/07/2018,909,11,23.2,82,1.1,1991,19.9,0.47,0.0,0.0,Summer,No Holiday,Yes
10/07/2018,1035,12,24.1,80,0.8,2000,20.4,0.72,0.0,0.0,Summer,No Holiday,Yes
10/07/2018,1074,13,25.2,77,1.2,1951,20.8,1.06,0.0,0.0,Summer,No Holiday,Yes
10/07/2018,1142,14,25.5,77,0.8,1957,21.1,0.75,0.0,0.0,Summer,No Holiday,Yes
10/07/2018,1169,15,25.7,77,0.5,1875,21.3,0.48,0.0,0.0,Summer,No Holiday,Yes
10/07/2018,1462,16,26.3,74,0.7,1580,21.2,0.52,0.0,0.0,Summer,No Holiday,Yes
10/07/2018,1603,17,26.5,76,1.0,1400,21.9,0.36,0.0,0.0,Summer,No Holiday,Yes
10/07/2018,1665,18,26.2,82,0.4,1408,22.8,0.21,0.0,0.0,Summer,No Holiday,Yes
10/07/2018,794,19,25.7,83,1.1,1011,22.5,0.08,0.5,0.0,Summer,No Holiday,Yes
10/07/2018,908,20,25.3,89,0.3,745,23.3,0.0,0.0,0.0,Summer,No Holiday,Yes
10/07/2018,1352,21,25.1,86,0.3,870,22.5,0.0,0.0,0.0,Summer,No Holiday,Yes
10/07/2018,971,22,25.0,86,0.5,796,22.4,0.0,0.0,0.0,Summer,No Holiday,Yes
10/07/2018,373,23,24.9,87,0.5,658,22.5,0.0,0.0,0.0,Summer,No Holiday,Yes
11/07/2018,240,0,24.6,96,0.7,308,23.9,0.0,0.5,0.0,Summer,No Holiday,Yes
11/07/2018,240,1,24.6,96,0.5,443,23.9,0.0,0.5,0.0,Summer,No Holiday,Yes
11/07/2018,236,2,24.5,96,0.5,476,23.8,0.0,0.0,0.0,Summer,No Holiday,Yes
11/07/2018,157,3,24.5,97,0.8,263,23.9,0.0,0.5,0.0,Summer,No Holiday,Yes
11/07/2018,71,4,24.5,97,1.0,317,23.9,0.0,0.0,0.0,Summer,No Holiday,Yes
11/07/2018,76,5,24.5,97,0.5,229,23.9,0.0,0.5,0.0,Summer,No Holiday,Yes
11/07/2018,187,6,24.5,97,0.1,290,23.9,0.0,0.5,0.0,Summer,No Holiday,Yes
11/07/2018,303,7,24.6,97,0.3,180,24.0,0.07,0.5,0.0,Summer,No Holiday,Yes
11/07/2018,827,8,25.1,97,0.8,490,24.5,0.26,0.0,0.0,Summer,No Holiday,Yes
11/07/2018,634,9,25.6,96,0.6,450,24.9,0.41,0.0,0.0,Summer,No Holiday,Yes
11/07/2018,581,10,26.3,91,0.6,749,24.7,0.63,0.5,0.0,Summer,No Holiday,Yes
11/07/2018,792,11,27.2,82,0.9,1093,23.8,0.93,0.0,0.0,Summer,No Holiday,Yes
11/07/2018,964,12,28.1,73,2.1,1326,22.7,0.87,0.0,0.0,Summer,No Holiday,Yes
11/07/2018,991,13,28.7,69,2.6,1546,22.4,1.02,0.0,0.0,Summer,No Holiday,Yes
11/07/2018,1052,14,29.2,67,2.8,1725,22.4,1.13,0.0,0.0,Summer,No Holiday,Yes
11/07/2018,1106,15,29.4,68,2.3,1525,22.8,1.29,0.0,0.0,Summer,No Holiday,Yes
11/07/2018,1344,16,28.7,70,3.2,1586,22.6,0.73,0.0,0.0,Summer,No Holiday,Yes
11/07/2018,1923,17,28.7,71,2.9,1666,22.9,0.71,0.0,0.0,Summer,No Holiday,Yes
11/07/2018,2931,18,28.4,75,2.4,1564,23.5,0.52,0.0,0.0,Summer,No Holiday,Yes
11/07/2018,2328,19,28.2,72,1.6,1745,22.6,0.13,0.0,0.0,Summer,No Holiday,Yes
11/07/2018,2048,20,27.7,76,1.8,1727,23.0,0.04,0.0,0.0,Summer,No Holiday,Yes
11/07/2018,1936,21,27.3,78,1.2,1606,23.1,0.0,0.0,0.0,Summer,No Holiday,Yes
11/07/2018,1870,22,27.1,79,1.2,1578,23.1,0.0,0.0,0.0,Summer,No Holiday,Yes
11/07/2018,1298,23,26.9,79,0.1,1541,22.9,0.0,0.0,0.0,Summer,No Holiday,Yes
12/07/2018,938,0,26.7,79,0.9,1590,22.7,0.0,0.0,0.0,Summer,No Holiday,Yes
12/07/2018,787,1,26.6,80,0.0,1485,22.8,0.0,0.0,0.0,Summer,No Holiday,Yes
12/07/2018,517,2,26.3,84,0.3,1361,23.3,0.0,0.0,0.0,Summer,No Holiday,Yes
12/07/2018,322,3,26.2,83,0.3,1294,23.0,0.0,0.0,0.0,Summer,No Holiday,Yes
12/07/2018,159,4,26.1,85,0.6,1081,23.3,0.0,0.0,0.0,Summer,No Holiday,Yes
12/07/2018,231,5,25.9,91,0.4,872,24.3,0.0,0.5,0.0,Summer,No Holiday,Yes
12/07/2018,593,6,25.6,93,1.1,852,24.3,0.01,0.0,0.0,Summer,No Holiday,Yes
12/07/2018,1279,7,25.9,87,1.7,834,23.5,0.26,0.0,0.0,Summer,No Holiday,Yes
12/07/2018,1811,8,26.3,84,2.1,973,23.3,0.48,0.0,0.0,Summer,No Holiday,Yes
12/07/2018,982,9,26.5,82,2.7,815,23.1,0.57,0.0,0.0,Summer,No Holiday,Yes
12/07/2018,746,10,26.7,88,1.6,802,24.5,0.89,0.5,0.0,Summer,No Holiday,Yes
12/07/2018,805,11,27.4,78,2.3,1164,23.2,1.11,0.0,0.0,Summer,No Holiday,Yes
12/07/2018,991,12,27.4,80,2.7,1083,23.6,0.97,0.0,0.0,Summer,No Holiday,Yes
12/07/2018,959,13,27.7,76,2.6,1258,23.0,1.0,0.0,0.0,Summer,No Holiday,Yes
12/07/2018,976,14,27.8,76,3.1,1517,23.1,1.0,0.0,0.0,Summer,No Holiday,Yes
12/07/2018,1163,15,28.0,76,2.3,1437,23.3,1.0,0.0,0.0,Summer,No Holiday,Yes
12/07/2018,1296,16,28.1,74,2.8,1559,23.0,1.06,0.0,0.0,Summer,No Holiday,Yes
12/07/2018,1915,17,27.9,75,2.5,1643,23.0,0.75,0.0,0.0,Summer,No Holiday,Yes
12/07/2018,3016,18,27.5,77,2.1,1897,23.0,0.46,0.0,0.0,Summer,No Holiday,Yes
12/07/2018,2313,19,27.4,78,1.1,1899,23.2,0.27,0.0,0.0,Summer,No Holiday,Yes
12/07/2018,2214,20,26.9,80,1.5,1806,23.1,0.09,0.0,0.0,Summer,No Holiday,Yes
12/07/2018,2115,21,26.3,81,0.8,1910,22.7,0.0,0.0,0.0,Summer,No Holiday,Yes
12/07/2018,1945,22,25.9,83,0.6,1827,22.7,0.0,0.0,0.0,Summer,No Holiday,Yes
12/07/2018,1355,23,25.5,84,0.8,1906,22.5,0.0,0.0,0.0,Summer,No Holiday,Yes
13/07/2018,1006,0,25.1,87,0.4,1800,22.7,0.0,0.0,0.0,Summer,No Holiday,Yes
13/07/2018,760,1,24.8,89,0.9,1555,22.8,0.0,0.0,0.0,Summer,No Holiday,Yes
13/07/2018,600,2,24.9,86,1.3,1469,22.3,0.0,0.0,0.0,Summer,No Holiday,Yes
13/07/2018,377,3,24.9,86,2.0,1079,22.3,0.0,0.0,0.0,Summer,No Holiday,Yes
13/07/2018,241,4,24.8,86,2.1,1103,22.2,0.0,0.0,0.0,Summer,No Holiday,Yes
13/07/2018,301,5,24.8,84,1.4,1303,21.9,0.0,0.0,0.0,Summer,No Holiday,Yes
13/07/2018,665,6,24.8,84,1.1,1426,21.9,0.0,0.0,0.0,Summer,No Holiday,Yes
13/07/2018,1321,7,25.0,83,1.0,1350,21.9,0.13,0.0,0.0,Summer,No Holiday,Yes
13/07/2018,2114,8,25.5,80,1.8,1402,21.7,0.37,0.0,0.0,Summer,No Holiday,Yes
13/07/2018,1240,9,26.6,73,2.2,1147,21.3,1.01,0.0,0.0,Summer,No Holiday,Yes
13/07/2018,836,10,27.4,70,2.4,1335,21.4,1.28,0.0,0.0,Summer,No Holiday,Yes
13/07/2018,887,11,27.5,70,2.4,1719,21.5,1.07,0.0,0.0,Summer,No Holiday,Yes
13/07/2018,1013,12,28.3,68,1.9,1546,21.8,1.35,0.0,0.0,Summer,No Holiday,Yes
13/07/2018,1046,13,28.9,68,2.8,1934,22.3,1.55,0.0,0.0,Summer,No Holiday,Yes
13/07/2018,999,14,29.5,62,2.7,1941,21.4,1.79,0.0,0.0,Summer,No Holiday,Yes
13/07/2018,1094,15,30.2,62,2.4,1806,22.1,1.91,0.0,0.0,Summer,No Holiday,Yes
13/07/2018,1291,16,30.0,67,2.0,1698,23.1,1.46,0.0,0.0,Summer,No Holiday,Yes
13/07/2018,1782,17,30.1,65,1.8,1923,22.7,1.36,0.0,0.0,Summer,No Holiday,Yes
13/07/2018,2884,18,30.8,60,2.5,1793,22.1,1.43,0.0,0.0,Summer,No Holiday,Yes
13/07/2018,2320,19,29.8,68,2.6,1749,23.2,0.81,0.0,0.0,Summer,No Holiday,Yes
13/07/2018,2069,20,28.2,76,2.2,1888,23.5,0.08,0.0,0.0,Summer,No Holiday,Yes
13/07/2018,1924,21,27.2,80,2.3,1870,23.4,0.0,0.0,0.0,Summer,No Holiday,Yes
13/07/2018,1879,22,26.7,82,1.3,1725,23.3,0.0,0.0,0.0,Summer,No Holiday,Yes
13/07/2018,1439,23,26.2,84,1.0,1646,23.2,0.0,0.0,0.0,Summer,No Holiday,Yes
14/07/2018,1169,0,25.7,85,0.4,1519,22.9,0.0,0.0,0.0,Summer,No Holiday,Yes
14/07/2018,1062,1,25.4,85,1.4,1663,22.6,0.0,0.0,0.0,Summer,No Holiday,Yes
14/07/2018,783,2,25.3,85,1.7,1594,22.5,0.0,0.0,0.0,Summer,No Holiday,Yes
14/07/2018,545,3,25.2,83,1.1,1835,22.0,0.0,0.0,0.0,Summer,No Holiday,Yes
14/07/2018,307,4,25.1,82,1.5,1336,21.8,0.0,0.0,0.0,Summer,No Holiday,Yes
14/07/2018,266,5,24.8,86,1.6,1170,22.2,0.0,0.0,0.0,Summer,No Holiday,Yes
14/07/2018,356,6,24.6,86,0.4,1119,22.0,0.02,0.0,0.0,Summer,No Holiday,Yes
14/07/2018,537,7,24.9,81,0.3,1289,21.4,0.24,0.0,0.0,Summer,No Holiday,Yes
14/07/2018,787,8,26.1,74,0.7,1254,21.0,0.87,0.0,0.0,Summer,No Holiday,Yes
14/07/2018,909,9,27.0,70,1.1,1393,21.0,1.15,0.0,0.0,Summer,No Holiday,Yes
14/07/2018,910,10,27.8,68,2.1,1490,21.3,1.29,0.0,0.0,Summer,No Holiday,Yes
14/07/2018,945,11,29.0,65,2.0,1642,21.7,2.22,0.0,0.0,Summer,No Holiday,Yes
14/07/2018,1039,12,30.2,58,2.3,1359,21.0,2.64,0.0,0.0,Summer,No Holiday,Yes
14/07/2018,1078,13,30.7,59,2.3,1534,21.7,2.67,0.0,0.0,Summer,No Holiday,Yes
14/07/2018,1038,14,30.7,59,2.9,1612,21.7,2.05,0.0,0.0,Summer,No Holiday,Yes
14/07/2018,1058,15,31.1,59,2.3,1929,22.1,2.34,0.0,0.0,Summer,No Holiday,Yes
14/07/2018,1177,16,31.7,55,2.3,1895,21.5,2.16,0.0,0.0,Summer,No Holiday,Yes
14/07/2018,1433,17,31.5,53,3.7,1974,20.7,2.02,0.0,0.0,Summer,No Holiday,Yes
14/07/2018,1624,18,31.1,55,2.2,1897,20.9,1.05,0.0,0.0,Summer,No Holiday,Yes
14/07/2018,1797,19,30.4,59,2.4,1972,21.4,0.69,0.0,0.0,Summer,No Holiday,Yes
14/07/2018,2023,20,29.2,63,1.7,1988,21.4,0.1,0.0,0.0,Summer,No Holiday,Yes
14/07/2018,2011,21,28.2,64,2.8,2000,20.7,0.0,0.0,0.0,Summer,No Holiday,Yes
14/07/2018,1682,22,27.6,70,2.7,1994,21.6,0.0,0.0,0.0,Summer,No Holiday,Yes
14/07/2018,1278,23,26.6,80,2.0,1527,22.8,0.0,0.0,0.0,Summer,No Holiday,Yes
15/07/2018,1143,0,26.0,82,1.9,1674,22.6,0.0,0.0,0.0,Summer,No Holiday,Yes
15/07/2018,868,1,25.5,83,2.3,1576,22.3,0.0,0.0,0.0,Summer,No Holiday,Yes
15/07/2018,632,2,25.1,85,1.1,1379,22.3,0.0,0.0,0.0,Summer,No Holiday,Yes
15/07/2018,443,3,24.8,86,0.2,1354,22.2,0.0,0.0,0.0,Summer,No Holiday,Yes
15/07/2018,278,4,24.6,86,0.1,1358,22.0,0.0,0.0,0.0,Summer,No Holiday,Yes
15/07/2018,223,5,24.5,85,0.7,1345,21.8,0.0,0.0,0.0,Summer,No Holiday,Yes
15/07/2018,292,6,24.8,83,0.2,1534,21.7,0.02,0.0,0.0,Summer,No Holiday,Yes
15/07/2018,402,7,25.2,80,0.2,1551,21.4,0.18,0.0,0.0,Summer,No Holiday,Yes
15/07/2018,613,8,26.2,75,0.9,1560,21.4,0.77,0.0,0.0,Summer,No Holiday,Yes
15/07/2018,715,9,27.0,71,1.0,1518,21.2,0.97,0.0,0.0,Summer,No Holiday,Yes
15/07/2018,701,10,28.5,66,1.7,1319,21.5,1.83,0.0,0.0,Summer,No Holiday,Yes
15/07/2018,712,11,28.7,64,1.3,1332,21.2,1.53,0.0,0.0,Summer,No Holiday,Yes
15/07/2018,803,12,30.1,58,1.6,1491,20.9,2.15,0.0,0.0,Summer,No Holiday,Yes
15/07/2018,810,13,31.4,53,3.2,1695,20.6,3.28,0.0,0.0,Summer,No Holiday,Yes
15/07/2018,822,14,32.4,50,2.0,1735,20.6,3.13,0.0,0.0,Summer,No Holiday,Yes
15/07/2018,946,15,32.9,49,2.6,1631,20.7,2.81,0.0,0.0,Summer,No Holiday,Yes
15/07/2018,1125,16,32.8,52,3.0,1803,21.6,2.28,0.0,0.0,Summer,No Holiday,Yes
15/07/2018,1247,17,32.7,52,3.0,1872,21.5,1.96,0.0,0.0,Summer,No Holiday,Yes
15/07/2018,1466,18,32.2,55,2.4,1769,22.0,1.28,0.0,0.0,Summer,No Holiday,Yes
15/07/2018,1847,19,31.2,62,2.1,1852,23.0,0.63,0.0,0.0,Summer,No Holiday,Yes
15/07/2018,2058,20,29.2,72,2.1,1932,23.6,0.09,0.0,0.0,Summer,No Holiday,Yes
15/07/2018,1924,21,28.1,74,3.1,1840,23.0,0.0,0.0,0.0,Summer,No Holiday,Yes
15/07/2018,1607,22,27.5,77,0.9,1778,23.0,0.0,0.0,0.0,Summer,No Holiday,Yes
15/07/2018,1113,23,27.0,78,1.6,1609,22.8,0.0,0.0,0.0,Summer,No Holiday,Yes
16/07/2018,732,0,26.5,81,0.9,1650,22.9,0.0,0.0,0.0,Summer,No Holiday,Yes
16/07/2018,498,1,25.9,83,1.3,1520,22.7,0.0,0.0,0.0,Summer,No Holiday,Yes
16/07/2018,469,2,25.4,84,0.6,1340,22.4,0.0,0.0,0.0,Summer,No Holiday,Yes
16/07/2018,276,3,25.1,85,0.7,1507,22.3,0.0,0.0,0.0,Summer,No Holiday,Yes
16/07/2018,211,4,24.6,84,0.7,1373,21.7,0.0,0.0,0.0,Summer,No Holiday,Yes
16/07/2018,324,5,24.3,85,1.0,1496,21.6,0.0,0.0,0.0,Summer,No Holiday,Yes
16/07/2018,703,6,24.0,85,0.9,1569,21.3,0.02,0.0,0.0,Summer,No Holiday,Yes
16/07/2018,1344,7,24.5,73,0.9,1901,19.3,0.36,0.0,0.0,Summer,No Holiday,Yes
16/07/2018,1935,8,26.4,69,0.5,1559,20.2,1.09,0.0,0.0,Summer,No Holiday,Yes
16/07/2018,1014,9,28.0,64,1.0,1682,20.5,1.35,0.0,0.0,Summer,No Holiday,Yes
16/07/2018,678,10,29.8,54,1.8,1737,19.4,2.34,0.0,0.0,Summer,No Holiday,Yes
16/07/2018,688,11,31.5,51,2.1,1498,20.1,2.83,0.0,0.0,Summer,No Holiday,Yes
16/07/2018,719,12,32.4,49,2.0,1844,20.3,3.09,0.0,0.0,Summer,No Holiday,Yes
16/07/2018,727,13,33.0,51,2.5,1100,21.5,3.09,0.0,0.0,Summer,No Holiday,Yes
16/07/2018,691,14,33.7,45,2.5,1843,20.1,3.23,0.0,0.0,Summer,No Holiday,Yes
16/07/2018,745,15,33.4,44,3.1,1928,19.4,2.95,0.0,0.0,Summer,No Holiday,Yes
16/07/2018,818,16,33.3,46,3.1,1914,20.1,2.51,0.0,0.0,Summer,No Holiday,Yes
16/07/2018,1425,17,33.0,46,3.1,1926,19.8,1.89,0.0,0.0,Summer,No Holiday,Yes
16/07/2018,2636,18,32.3,47,3.0,1961,19.5,1.26,0.0,0.0,Summer,No Holiday,Yes
16/07/2018,2368,19,31.2,52,2.4,1990,20.1,0.57,0.0,0.0,Summer,No Holiday,Yes
16/07/2018,2362,20,29.3,58,2.4,2000,20.1,0.09,0.0,0.0,Summer,No Holiday,Yes
16/07/2018,2241,21,28.0,64,1.5,2000,20.5,0.0,0.0,0.0,Summer,No Holiday,Yes
16/07/2018,1934,22,27.2,69,1.7,2000,21.0,0.0,0.0,0.0,Summer,No Holiday,Yes
16/07/2018,1285,23,26.6,75,1.5,1996,21.7,0.0,0.0,0.0,Summer,No Holiday,Yes
17/07/2018,1003,0,26.4,76,1.2,2000,21.8,0.0,0.0,0.0,Summer,No Holiday,Yes
17/07/2018,692,1,25.8,78,0.4,2000,21.6,0.0,0.0,0.0,Summer,No Holiday,Yes
17/07/2018,497,2,25.3,78,1.0,2000,21.1,0.0,0.0,0.0,Summer,No Holiday,Yes
17/07/2018,372,3,24.8,80,1.0,1988,21.1,0.0,0.0,0.0,Summer,No Holiday,Yes
17/07/2018,222,4,24.4,80,1.0,1112,20.7,0.0,0.0,0.0,Summer,No Holiday,Yes
17/07/2018,372,5,24.1,81,0.9,1646,20.6,0.0,0.0,0.0,Summer,No Holiday,Yes
17/07/2018,713,6,24.0,81,0.9,1271,20.5,0.02,0.0,0.0,Summer,No Holiday,Yes
17/07/2018,1356,7,24.4,75,1.0,841,19.6,0.35,0.0,0.0,Summer,No Holiday,Yes
17/07/2018,1955,8,25.8,69,0.8,969,19.6,1.06,0.0,0.0,Summer,No Holiday,Yes
17/07/2018,1031,9,27.5,60,2.2,1252,19.0,1.59,0.0,0.0,Summer,No Holiday,Yes
17/07/2018,719,10,29.2,55,1.6,1404,19.2,2.36,0.0,0.0,Summer,No Holiday,Yes
17/07/2018,797,11,30.4,53,1.8,1359,19.7,2.74,0.0,0.0,Summer,No Holiday,Yes
17/07/2018,803,12,30.8,57,2.3,940,21.2,2.52,0.0,0.0,Summer,No Holiday,Yes
17/07/2018,763,13,31.1,53,3.2,1162,20.3,2.63,0.0,0.0,Summer,No Holiday,Yes
17/07/2018,786,14,31.8,49,3.5,1429,19.7,2.93,0.0,0.0,Summer,No Holiday,Yes
17/07/2018,878,15,31.9,51,3.3,1465,20.4,3.01,0.0,0.0,Summer,No Holiday,Yes
17/07/2018,1062,16,32.0,51,2.4,1402,20.5,2.55,0.0,0.0,Summer,No Holiday,Yes
17/07/2018,1591,17,31.8,52,2.4,1438,20.7,1.93,0.0,0.0,Summer,No Holiday,Yes
17/07/2018,2770,18,31.3,55,2.5,1550,21.1,1.2,0.0,0.0,Summer,No Holiday,Yes
17/07/2018,2326,19,30.6,57,1.4,1529,21.1,0.58,0.0,0.0,Summer,No Holiday,Yes
17/07/2018,2174,20,28.9,64,1.7,1567,21.3,0.1,0.0,0.0,Summer,No Holiday,Yes
17/07/2018,2273,21,27.9,69,1.9,1194,21.6,0.0,0.0,0.0,Summer,No Holiday,Yes
17/07/2018,1940,22,27.2,70,1.9,1110,21.2,0.0,0.0,0.0,Summer,No Holiday,Yes
17/07/2018,1340,23,26.6,76,1.6,936,22.0,0.0,0.0,0.0,Summer,No Holiday,Yes
18/07/2018,1002,0,26.2,79,0.7,850,22.2,0.0,0.0,0.0,Summer,No Holiday,Yes
18/07/2018,741,1,25.7,80,0.2,805,21.9,0.0,0.0,0.0,Summer,No Holiday,Yes
18/07/2018,526,2,25.2,82,0.4,791,21.9,0.0,0.0,0.0,Summer,No Holiday,Yes
18/07/2018,381,3,24.7,84,0.7,694,21.8,0.0,0.0,0.0,Summer,No Holiday,Yes
18/07/2018,266,4,24.3,83,0.7,621,21.2,0.0,0.0,0.0,Summer,No Holiday,Yes
18/07/2018,327,5,23.9,83,0.4,780,20.8,0.0,0.0,0.0,Summer,No Holiday,Yes
18/07/2018,695,6,23.7,83,0.1,713,20.6,0.03,0.0,0.0,Summer,No Holiday,Yes
18/07/2018,1308,7,24.2,74,0.7,656,19.2,0.35,0.0,0.0,Summer,No Holiday,Yes
18/07/2018,1944,8,25.8,71,0.4,760,20.1,0.93,0.0,0.0,Summer,No Holiday,Yes
18/07/2018,982,9,27.2,59,0.4,948,18.4,1.18,0.0,0.0,Summer,No Holiday,Yes
18/07/2018,722,10,28.9,61,1.5,941,20.6,2.04,0.0,0.0,Summer,No Holiday,Yes
18/07/2018,701,11,30.2,53,2.2,1143,19.5,2.77,0.0,0.0,Summer,No Holiday,Yes
18/07/2018,780,12,31.2,51,2.0,1101,19.8,2.96,0.0,0.0,Summer,No Holiday,Yes
18/07/2018,778,13,32.1,51,2.3,776,20.6,2.96,0.0,0.0,Summer,No Holiday,Yes
18/07/2018,762,14,32.7,49,1.5,765,20.5,2.62,0.0,0.0,Summer,No Holiday,Yes
18/07/2018,776,15,32.9,46,2.5,1248,19.7,2.9,0.0,0.0,Summer,No Holiday,Yes
18/07/2018,912,16,33.1,42,2.9,1712,18.4,2.52,0.0,0.0,Summer,No Holiday,Yes
18/07/2018,1596,17,32.6,46,2.8,1560,19.4,1.95,0.0,0.0,Summer,No Holiday,Yes
18/07/2018,2692,18,32.0,50,2.6,1374,20.2,1.25,0.0,0.0,Summer,No Holiday,Yes
18/07/2018,2281,19,30.6,54,2.8,1531,20.2,0.59,0.0,0.0,Summer,No Holiday,Yes
18/07/2018,2202,20,28.8,66,1.9,1209,21.8,0.09,0.0,0.0,Summer,No Holiday,Yes
18/07/2018,2188,21,28.0,69,1.8,1140,21.7,0.0,0.0,0.0,Summer,No Holiday,Yes
18/07/2018,1980,22,27.2,73,1.5,1005,21.9,0.0,0.0,0.0,Summer,No Holiday,Yes
18/07/2018,1354,23,26.4,76,0.6,959,21.8,0.0,0.0,0.0,Summer,No Holiday,Yes
19/07/2018,1068,0,25.9,76,1.3,984,21.3,0.0,0.0,0.0,Summer,No Holiday,Yes
19/07/2018,824,1,25.4,79,0.8,924,21.4,0.0,0.0,0.0,Summer,No Holiday,Yes
19/07/2018,591,2,24.8,80,1.5,888,21.1,0.0,0.0,0.0,Summer,No Holiday,Yes
19/07/2018,393,3,24.4,85,0.6,678,21.7,0.0,0.0,0.0,Summer,No Holiday,Yes
19/07/2018,231,4,24.0,87,0.9,582,21.6,0.0,0.0,0.0,Summer,No Holiday,Yes
19/07/2018,329,5,23.6,88,0.2,604,21.4,0.0,0.0,0.0,Summer,No Holiday,Yes
19/07/2018,672,6,23.3,83,0.2,875,20.2,0.02,0.0,0.0,Summer,No Holiday,Yes
19/07/2018,1315,7,23.6,75,0.9,856,18.9,0.36,0.0,0.0,Summer,No Holiday,Yes
19/07/2018,1993,8,25.5,65,0.9,833,18.4,1.1,0.0,0.0,Summer,No Holiday,Yes
19/07/2018,985,9,27.6,62,1.5,1043,19.6,1.76,0.0,0.0,Summer,No Holiday,Yes
19/07/2018,695,10,29.4,56,2.2,1153,19.7,2.38,0.0,0.0,Summer,No Holiday,Yes
19/07/2018,687,11,30.7,48,1.6,1705,18.4,2.92,0.0,0.0,Summer,No Holiday,Yes
19/07/2018,828,12,31.7,42,2.6,1868,17.2,3.23,0.0,0.0,Summer,No Holiday,Yes
19/07/2018,798,13,32.6,47,2.7,1641,19.8,3.36,0.0,0.0,Summer,No Holiday,Yes
19/07/2018,722,14,33.1,47,2.5,1785,20.2,3.26,0.0,0.0,Summer,No Holiday,Yes
19/07/2018,827,15,33.7,41,2.5,1924,18.6,3.04,0.0,0.0,Summer,No Holiday,Yes
19/07/2018,1017,16,33.7,43,2.7,1890,19.3,2.55,0.0,0.0,Summer,No Holiday,Yes
19/07/2018,1536,17,34.0,44,2.3,1891,20.0,1.95,0.0,0.0,Summer,No Holiday,Yes
19/07/2018,2640,18,33.0,51,2.4,1566,21.5,1.23,0.0,0.0,Summer,No Holiday,Yes
19/07/2018,2245,19,31.6,58,2.3,1556,22.3,0.56,0.0,0.0,Summer,No Holiday,Yes
19/07/2018,2114,20,29.8,62,2.9,1931,21.7,0.08,0.0,0.0,Summer,No Holiday,Yes
19/07/2018,2122,21,28.8,69,2.4,1619,22.5,0.0,0.0,0.0,Summer,No Holiday,Yes
19/07/2018,1870,22,28.0,76,1.5,1542,23.3,0.0,0.0,0.0,Summer,No Holiday,Yes
19/07/2018,1318,23,27.2,78,1.9,1601,23.0,0.0,0.0,0.0,Summer,No Holiday,Yes
20/07/2018,1041,0,26.7,80,1.4,1465,22.9,0.0,0.0,0.0,Summer,No Holiday,Yes
20/07/2018,773,1,26.1,81,1.6,1409,22.5,0.0,0.0,0.0,Summer,No Holiday,Yes
20/07/2018,557,2,25.7,84,0.1,1293,22.7,0.0,0.0,0.0,Summer,No Holiday,Yes
20/07/2018,428,3,25.4,84,0.9,1174,22.4,0.0,0.0,0.0,Summer,No Holiday,Yes
20/07/2018,267,4,25.1,83,0.0,1253,22.0,0.0,0.0,0.0,Summer,No Holiday,Yes
20/07/2018,327,5,24.9,83,0.3,1207,21.8,0.0,0.0,0.0,Summer,No Holiday,Yes
20/07/2018,672,6,24.6,82,0.2,1157,21.3,0.02,0.0,0.0,Summer,No Holiday,Yes
20/07/2018,1251,7,25.2,75,0.6,1056,20.4,0.34,0.0,0.0,Summer,No Holiday,Yes
20/07/2018,1896,8,26.6,70,1.3,1062,20.6,1.01,0.0,0.0,Summer,No Holiday,Yes
20/07/2018,1029,9,28.4,65,1.2,806,21.1,1.69,0.0,0.0,Summer,No Holiday,Yes
20/07/2018,641,10,29.8,59,1.2,973,20.9,2.32,0.0,0.0,Summer,No Holiday,Yes
20/07/2018,791,11,31.6,54,1.3,990,21.1,2.84,0.0,0.0,Summer,No Holiday,Yes
20/07/2018,822,12,32.6,51,2.1,800,21.1,3.21,0.0,0.0,Summer,No Holiday,Yes
20/07/2018,805,13,32.4,54,2.4,708,21.8,2.5,0.0,0.0,Summer,No Holiday,Yes
20/07/2018,741,14,33.4,52,2.7,685,22.1,2.67,0.0,0.0,Summer,No Holiday,Yes
20/07/2018,794,15,34.1,45,2.4,1110,20.4,2.88,0.0,0.0,Summer,No Holiday,Yes
20/07/2018,928,16,34.3,45,2.3,1466,20.6,2.47,0.0,0.0,Summer,No Holiday,Yes
20/07/2018,1468,17,34.3,44,2.1,1704,20.2,1.87,0.0,0.0,Summer,No Holiday,Yes
20/07/2018,2419,18,33.9,42,2.0,1969,19.1,1.25,0.0,0.0,Summer,No Holiday,Yes
20/07/2018,2084,19,32.9,44,2.0,1985,19.0,0.59,0.0,0.0,Summer,No Holiday,Yes
20/07/2018,1888,20,30.9,51,2.2,2000,19.5,0.07,0.0,0.0,Summer,No Holiday,Yes
20/07/2018,1869,21,29.8,59,1.4,2000,20.9,0.0,0.0,0.0,Summer,No Holiday,Yes
20/07/2018,1782,22,28.8,65,1.3,1988,21.5,0.0,0.0,0.0,Summer,No Holiday,Yes
20/07/2018,1426,23,28.2,70,1.3,1811,22.2,0.0,0.0,0.0,Summer,No Holiday,Yes
21/07/2018,1132,0,27.5,73,1.1,1834,22.2,0.0,0.0,0.0,Summer,No Holiday,Yes
21/07/2018,945,1,27.0,74,1.1,1833,21.9,0.0,0.0,0.0,Summer,No Holiday,Yes
21/07/2018,684,2,26.4,72,0.2,1766,20.9,0.0,0.0,0.0,Summer,No Holiday,Yes
21/07/2018,477,3,26.1,74,0.1,1683,21.0,0.0,0.0,0.0,Summer,No Holiday,Yes
21/07/2018,347,4,25.6,77,1.2,1203,21.2,0.0,0.0,0.0,Summer,No Holiday,Yes
21/07/2018,292,5,25.0,78,0.3,1474,20.8,0.0,0.0,0.0,Summer,No Holiday,Yes
21/07/2018,381,6,24.9,76,0.0,1473,20.3,0.02,0.0,0.0,Summer,No Holiday,Yes
21/07/2018,491,7,25.3,71,0.4,1226,19.6,0.34,0.0,0.0,Summer,No Holiday,Yes
21/07/2018,720,8,27.4,63,0.9,1043,19.7,1.03,0.0,0.0,Summer,No Holiday,Yes
21/07/2018,729,9,29.6,57,0.9,977,20.1,1.71,0.0,0.0,Summer,No Holiday,Yes
21/07/2018,699,10,31.4,51,1.1,847,20.0,2.32,0.0,0.0,Summer,No Holiday,Yes
21/07/2018,676,11,32.9,45,2.1,1020,19.3,2.72,0.0,0.0,Summer,No Holiday,Yes
21/07/2018,735,12,34.2,35,1.8,1528,16.5,3.14,0.0,0.0,Summer,No Holiday,Yes
21/07/2018,727,13,35.2,34,1.8,1636,16.9,3.21,0.0,0.0,Summer,No Holiday,Yes
21/07/2018,682,14,36.3,34,1.3,1493,17.9,3.17,0.0,0.0,Summer,No Holiday,Yes
21/07/2018,785,15,36.5,35,3.0,1355,18.5,2.71,0.0,0.0,Summer,No Holiday,Yes
21/07/2018,883,16,36.8,30,2.8,1756,16.3,2.41,0.0,0.0,Summer,No Holiday,Yes
21/07/2018,1011,17,36.3,36,3.1,1972,18.8,1.91,0.0,0.0,Summer,No Holiday,Yes
21/07/2018,1202,18,35.0,42,2.9,1953,20.1,1.26,0.0,0.0,Summer,No Holiday,Yes
21/07/2018,1423,19,33.4,51,2.6,2000,21.8,0.59,0.0,0.0,Summer,No Holiday,Yes
21/07/2018,1655,20,31.5,53,1.8,2000,20.7,0.08,0.0,0.0,Summer,No Holiday,Yes
21/07/2018,1731,21,30.2,54,1.8,2000,19.8,0.0,0.0,0.0,Summer,No Holiday,Yes
21/07/2018,1588,22,29.4,55,1.4,2000,19.4,0.0,0.0,0.0,Summer,No Holiday,Yes
21/07/2018,1288,23,28.8,56,1.6,2000,19.1,0.0,0.0,0.0,Summer,No Holiday,Yes
22/07/2018,1088,0,28.1,56,0.2,2000,18.4,0.0,0.0,0.0,Summer,No Holiday,Yes
22/07/2018,772,1,27.3,60,0.8,2000,18.8,0.0,0.0,0.0,Summer,No Holiday,Yes
22/07/2018,587,2,26.8,63,0.6,2000,19.1,0.0,0.0,0.0,Summer,No Holiday,Yes
22/07/2018,438,3,26.3,63,0.2,2000,18.6,0.0,0.0,0.0,Summer,No Holiday,Yes
22/07/2018,270,4,25.9,71,0.3,2000,20.2,0.0,0.0,0.0,Summer,No Holiday,Yes
22/07/2018,256,5,25.5,72,0.4,2000,20.0,0.0,0.0,0.0,Summer,No Holiday,Yes
22/07/2018,286,6,25.3,73,0.6,1979,20.1,0.02,0.0,0.0,Summer,No Holiday,Yes
22/07/2018,360,7,25.8,67,0.9,1773,19.1,0.34,0.0,0.0,Summer,No Holiday,Yes
22/07/2018,477,8,27.9,60,0.6,1835,19.4,1.06,0.0,0.0,Summer,No Holiday,Yes
22/07/2018,526,9,30.5,54,0.9,1907,20.1,1.71,0.0,0.0,Summer,No Holiday,Yes
22/07/2018,522,10,32.2,50,0.8,1881,20.4,2.29,0.0,0.0,Summer,No Holiday,Yes
22/07/2018,499,11,33.8,45,1.9,1928,20.2,2.74,0.0,0.0,Summer,No Holiday,Yes
22/07/2018,560,12,35.5,39,1.9,1803,19.4,3.05,0.0,0.0,Summer,No Holiday,Yes
22/07/2018,569,13,36.7,33,1.8,1911,17.7,3.24,0.0,0.0,Summer,No Holiday,Yes
22/07/2018,565,14,37.4,34,2.3,1860,18.8,3.05,0.0,0.0,Summer,No Holiday,Yes
22/07/2018,632,15,37.5,33,2.0,1816,18.4,2.32,0.0,0.0,Summer,No Holiday,Yes
22/07/2018,771,16,37.8,31,2.5,1929,17.7,2.46,0.0,0.0,Summer,No Holiday,Yes
22/07/2018,965,17,37.6,33,2.1,1837,18.5,1.82,0.0,0.0,Summer,No Holiday,Yes
22/07/2018,1212,18,36.3,35,3.0,1860,18.3,0.89,0.0,0.0,Summer,No Holiday,Yes
22/07/2018,1478,19,34.5,47,2.8,1762,21.5,0.42,0.0,0.0,Summer,No Holiday,Yes
22/07/2018,1688,20,33.3,50,2.3,1706,21.4,0.1,0.0,0.0,Summer,No Holiday,Yes
22/07/2018,1666,21,32.3,50,1.7,1784,20.5,0.0,0.0,0.0,Summer,No Holiday,Yes
22/07/2018,1346,22,31.7,51,1.4,1742,20.3,0.0,0.0,0.0,Summer,No Holiday,Yes
22/07/2018,1030,23,31.2,52,1.5,1670,20.1,0.0,0.0,0.0,Summer,No Holiday,Yes
23/07/2018,792,0,30.6,50,2.3,1631,18.9,0.0,0.0,0.0,Summer,No Holiday,Yes
23/07/2018,542,1,30.0,52,1.5,1774,19.0,0.0,0.0,0.0,Summer,No Holiday,Yes
23/07/2018,382,2,29.7,53,1.4,1682,19.0,0.0,0.0,0.0,Summer,No Holiday,Yes
23/07/2018,238,3,29.6,50,2.1,1970,18.0,0.0,0.0,0.0,Summer,No Holiday,Yes
23/07/2018,174,4,29.3,51,0.9,1498,18.1,0.0,0.0,0.0,Summer,No Holiday,Yes
23/07/2018,310,5,29.3,55,1.6,2000,19.3,0.0,0.0,0.0,Summer,No Holiday,Yes
23/07/2018,652,6,29.2,58,1.7,2000,20.0,0.01,0.0,0.0,Summer,No Holiday,Yes
23/07/2018,1241,7,29.3,58,0.8,2000,20.1,0.23,0.0,0.0,Summer,No Holiday,Yes
23/07/2018,1889,8,30.0,56,0.9,2000,20.2,0.54,0.0,0.0,Summer,No Holiday,Yes
23/07/2018,985,9,31.0,55,1.5,1945,20.8,1.14,0.0,0.0,Summer,No Holiday,Yes
23/07/2018,636,10,31.8,51,1.5,1900,20.4,1.71,0.0,0.0,Summer,No Holiday,Yes
23/07/2018,611,11,32.7,48,2.2,1908,20.2,2.53,0.0,0.0,Summer,No Holiday,Yes
23/07/2018,655,12,34.1,47,2.3,1862,21.1,2.94,0.0,0.0,Summer,No Holiday,Yes
23/07/2018,688,13,33.8,47,1.7,1887,20.9,1.57,0.0,0.0,Summer,No Holiday,Yes
23/07/2018,670,14,34.3,45,2.2,1967,20.6,1.64,0.0,0.0,Summer,No Holiday,Yes
23/07/2018,739,15,35.4,46,2.2,1861,22.0,2.48,0.0,0.0,Summer,No Holiday,Yes
23/07/2018,960,16,34.8,47,2.2,1839,21.8,1.32,0.0,0.0,Summer,No Holiday,Yes
23/07/2018,1310,17,34.8,49,3.0,1866,22.5,1.37,0.0,0.0,Summer,No Holiday,Yes
23/07/2018,2405,18,33.9,53,3.2,1886,22.9,0.94,0.0,0.0,Summer,No Holiday,Yes
23/07/2018,2112,19,32.6,58,3.2,1962,23.2,0.45,0.0,0.0,Summer,No Holiday,Yes
23/07/2018,2051,20,31.5,61,1.8,2000,23.0,0.07,0.0,0.0,Summer,No Holiday,Yes
23/07/2018,1994,21,30.8,60,1.8,2000,22.1,0.0,0.0,0.0,Summer,No Holiday,Yes
23/07/2018,1697,22,30.3,60,1.8,2000,21.6,0.0,0.0,0.0,Summer,No Holiday,Yes
23/07/2018,1157,23,30.0,58,1.6,2000,20.8,0.0,0.0,0.0,Summer,No Holiday,Yes
24/07/2018,874,0,29.6,61,1.0,2000,21.2,0.0,0.0,0.0,Summer,No Holiday,Yes
24/07/2018,715,1,29.1,64,1.2,2000,21.5,0.0,0.0,0.0,Summer,No Holiday,Yes
24/07/2018,487,2,28.6,66,0.9,2000,21.6,0.0,0.0,0.0,Summer,No Holiday,Yes
24/07/2018,332,3,28.2,65,0.3,1999,20.9,0.0,0.0,0.0,Summer,No Holiday,Yes
24/07/2018,218,4,27.8,67,0.2,1982,21.1,0.0,0.0,0.0,Summer,No Holiday,Yes
24/07/2018,306,5,27.5,70,0.1,1976,21.5,0.0,0.0,0.0,Summer,No Holiday,Yes
24/07/2018,673,6,27.2,71,0.8,1920,21.4,0.02,0.0,0.0,Summer,No Holiday,Yes
24/07/2018,1213,7,27.8,63,1.2,1781,20.1,0.32,0.0,0.0,Summer,No Holiday,Yes
24/07/2018,1820,8,29.9,59,0.8,1727,21.0,1.03,0.0,0.0,Summer,No Holiday,Yes
24/07/2018,926,9,31.7,59,1.0,1706,22.6,1.69,0.0,0.0,Summer,No Holiday,Yes
24/07/2018,610,10,32.4,54,0.9,1631,21.8,1.45,0.0,0.0,Summer,No Holiday,Yes
24/07/2018,620,11,33.9,46,1.6,1387,20.6,2.15,0.0,0.0,Summer,No Holiday,Yes
24/07/2018,671,12,34.5,50,1.4,1901,22.5,1.89,0.0,0.0,Summer,No Holiday,Yes
24/07/2018,688,13,36.4,41,1.3,1655,21.0,2.86,0.0,0.0,Summer,No Holiday,Yes
24/07/2018,649,14,35.8,49,2.8,1264,23.4,2.4,0.0,0.0,Summer,No Holiday,Yes
24/07/2018,735,15,35.8,47,2.2,1029,22.7,1.51,0.0,0.0,Summer,No Holiday,Yes
24/07/2018,834,16,34.9,51,2.0,1221,23.2,0.76,0.0,0.0,Summer,No Holiday,Yes
24/07/2018,1297,17,34.9,51,2.2,1235,23.2,0.98,0.0,0.0,Summer,No Holiday,Yes
24/07/2018,2300,18,34.9,53,2.2,1296,23.8,0.86,0.0,0.0,Summer,No Holiday,Yes
24/07/2018,1968,19,33.1,57,2.2,1670,23.4,0.44,0.0,0.0,Summer,No Holiday,Yes
24/07/2018,1834,20,31.1,63,2.0,1542,23.2,0.06,0.0,0.0,Summer,No Holiday,Yes
24/07/2018,1899,21,30.2,65,2.3,1642,22.8,0.0,0.0,0.0,Summer,No Holiday,Yes
24/07/2018,1773,22,29.8,66,3.2,1511,22.7,0.0,0.0,0.0,Summer,No Holiday,Yes
24/07/2018,1193,23,29.3,66,2.8,1854,22.2,0.0,0.0,0.0,Summer,No Holiday,Yes
25/07/2018,939,0,28.9,66,2.2,2000,21.9,0.0,0.0,0.0,Summer,No Holiday,Yes
25/07/2018,726,1,28.7,67,2.6,2000,21.9,0.0,0.0,0.0,Summer,No Holiday,Yes
25/07/2018,499,2,28.8,68,1.8,2000,22.2,0.0,0.0,0.0,Summer,No Holiday,Yes
25/07/2018,327,3,28.9,69,2.8,1871,22.6,0.0,0.0,0.0,Summer,No Holiday,Yes
25/07/2018,212,4,28.5,74,2.6,1549,23.4,0.0,0.0,0.0,Summer,No Holiday,Yes
25/07/2018,299,5,28.3,74,2.4,1378,23.2,0.0,0.0,0.0,Summer,No Holiday,Yes
25/07/2018,657,6,28.1,75,1.8,1092,23.2,0.01,0.0,0.0,Summer,No Holiday,Yes
25/07/2018,1171,7,28.3,72,2.0,1200,22.7,0.1,0.0,0.0,Summer,No Holiday,Yes
25/07/2018,1893,8,28.7,70,3.5,1470,22.6,0.52,0.0,0.0,Summer,No Holiday,Yes
25/07/2018,995,9,29.4,66,2.5,1308,22.3,0.91,0.0,0.0,Summer,No Holiday,Yes
25/07/2018,696,10,30.7,61,2.8,1521,22.3,1.5,0.0,0.0,Summer,No Holiday,Yes
25/07/2018,749,11,30.7,63,3.4,1323,22.8,1.13,0.0,0.0,Summer,No Holiday,Yes
25/07/2018,791,12,31.1,60,2.7,1331,22.4,1.02,0.0,0.0,Summer,No Holiday,Yes
25/07/2018,783,13,32.3,56,3.0,1504,22.3,1.74,0.0,0.0,Summer,No Holiday,Yes
25/07/2018,754,14,33.0,53,1.7,1357,22.1,1.73,0.0,0.0,Summer,No Holiday,Yes
25/07/2018,781,15,34.0,50,3.0,1705,22.1,1.72,0.0,0.0,Summer,No Holiday,Yes
25/07/2018,977,16,34.1,52,2.5,1304,22.8,2.23,0.0,0.0,Summer,No Holiday,Yes
25/07/2018,1412,17,33.2,56,2.2,1428,23.2,1.03,0.0,0.0,Summer,No Holiday,Yes
25/07/2018,2416,18,32.2,58,2.5,1553,22.8,0.44,0.0,0.0,Summer,No Holiday,Yes
25/07/2018,2039,19,31.7,60,2.3,1492,22.9,0.23,0.0,0.0,Summer,No Holiday,Yes
25/07/2018,1935,20,30.9,67,1.7,1470,24.0,0.05,0.0,0.0,Summer,No Holiday,Yes
25/07/2018,1811,21,29.7,74,2.2,1342,24.5,0.0,0.0,0.0,Summer,No Holiday,Yes
25/07/2018,1767,22,28.8,76,2.8,1231,24.1,0.0,0.0,0.0,Summer,No Holiday,Yes
25/07/2018,1289,23,28.0,77,1.9,1346,23.5,0.0,0.0,0.0,Summer,No Holiday,Yes
26/07/2018,939,0,27.7,78,1.2,1341,23.5,0.0,0.0,0.0,Summer,No Holiday,Yes
26/07/2018,718,1,27.6,79,1.0,1261,23.6,0.0,0.0,0.0,Summer,No Holiday,Yes
26/07/2018,498,2,27.6,78,0.1,1289,23.4,0.0,0.0,0.0,Summer,No Holiday,Yes
26/07/2018,355,3,27.7,76,0.2,1376,23.0,0.0,0.0,0.0,Summer,No Holiday,Yes
26/07/2018,252,4,27.7,75,1.0,1360,22.8,0.0,0.0,0.0,Summer,No Holiday,Yes
26/07/2018,306,5,27.4,78,0.8,1301,23.2,0.0,0.0,0.0,Summer,No Holiday,Yes
26/07/2018,602,6,27.4,77,0.7,1113,23.0,0.0,0.0,0.0,Summer,No Holiday,Yes
26/07/2018,1175,7,27.7,75,1.2,1103,22.8,0.1,0.0,0.0,Summer,No Holiday,Yes
26/07/2018,1823,8,28.3,72,0.8,1165,22.7,0.34,0.0,0.0,Summer,No Holiday,Yes
26/07/2018,966,9,29.1,69,1.0,853,22.8,0.67,0.0,0.0,Summer,No Holiday,Yes
26/07/2018,644,10,29.5,68,1.8,946,22.9,0.54,0.0,0.0,Summer,No Holiday,Yes
26/07/2018,614,11,30.2,67,1.5,1003,23.3,0.87,0.0,0.0,Summer,No Holiday,Yes
26/07/2018,600,12,32.0,57,1.6,1075,22.4,1.94,0.0,0.0,Summer,No Holiday,Yes
26/07/2018,628,13,32.4,54,0.7,896,21.8,1.41,0.0,0.0,Summer,No Holiday,Yes
26/07/2018,706,14,33.0,56,2.5,879,23.0,1.33,0.0,0.0,Summer,No Holiday,Yes
26/07/2018,774,15,33.1,58,1.9,882,23.7,0.87,0.0,0.0,Summer,No Holiday,Yes
26/07/2018,920,16,33.5,57,2.8,989,23.8,1.55,0.0,0.0,Summer,No Holiday,Yes
26/07/2018,1394,17,33.1,59,2.9,1038,24.0,1.14,0.0,0.0,Summer,No Holiday,Yes
26/07/2018,2367,18,33.2,59,1.8,1069,24.0,0.99,0.0,0.0,Summer,No Holiday,Yes
26/07/2018,1994,19,32.3,63,2.1,1037,24.3,0.41,0.0,0.0,Summer,No Holiday,Yes
26/07/2018,1790,20,31.0,68,1.4,1162,24.3,0.05,0.0,0.0,Summer,No Holiday,Yes
26/07/2018,1868,21,30.0,74,2.7,1056,24.8,0.0,0.0,0.0,Summer,No Holiday,Yes
26/07/2018,1709,22,29.4,78,1.6,1011,25.1,0.0,0.0,0.0,Summer,No Holiday,Yes
26/07/2018,1273,23,29.0,79,1.2,971,24.9,0.0,0.0,0.0,Summer,No Holiday,Yes
27/07/2018,909,0,28.6,80,0.6,990,24.8,0.0,0.0,0.0,Summer,No Holiday,Yes
27/07/2018,747,1,28.3,78,0.5,1072,24.0,0.0,0.0,0.0,Summer,No Holiday,Yes
27/07/2018,537,2,27.8,79,1.4,1049,23.8,0.0,0.0,0.0,Summer,No Holiday,Yes
27/07/2018,371,3,27.6,80,1.6,929,23.8,0.0,0.0,0.0,Summer,No Holiday,Yes
27/07/2018,218,4,27.3,85,1.6,671,24.5,0.0,0.0,0.0,Summer,No Holiday,Yes
27/07/2018,295,5,27.2,86,0.8,657,24.6,0.0,0.0,0.0,Summer,No Holiday,Yes
27/07/2018,647,6,27.2,85,0.1,702,24.4,0.02,0.0,0.0,Summer,No Holiday,Yes
27/07/2018,1111,7,27.6,80,1.0,783,23.8,0.27,0.0,0.0,Summer,No Holiday,Yes
27/07/2018,1763,8,28.5,76,0.9,725,23.8,0.59,0.0,0.0,Summer,No Holiday,Yes
27/07/2018,934,9,29.9,69,1.5,769,23.5,1.12,0.0,0.0,Summer,No Holiday,Yes
27/07/2018,639,10,31.2,61,2.3,901,22.7,1.71,0.0,0.0,Summer,No Holiday,Yes
27/07/2018,619,11,32.7,56,1.9,1034,22.7,2.57,0.0,0.0,Summer,No Holiday,Yes
27/07/2018,714,12,33.7,53,1.9,990,22.7,2.5,0.0,0.0,Summer,No Holiday,Yes
27/07/2018,653,13,35.3,48,2.5,880,22.6,2.89,0.0,0.0,Summer,No Holiday,Yes
27/07/2018,507,14,34.1,57,1.8,667,24.3,1.13,0.0,0.0,Summer,No Holiday,Yes
27/07/2018,776,15,35.3,52,1.9,822,23.9,2.15,0.0,0.0,Summer,No Holiday,Yes
27/07/2018,905,16,35.0,55,2.8,835,24.6,1.56,0.0,0.0,Summer,No Holiday,Yes
27/07/2018,1289,17,34.7,59,2.7,1095,25.5,1.49,0.0,0.0,Summer,No Holiday,Yes
27/07/2018,2183,18,33.7,62,3.2,1082,25.3,0.87,0.0,0.0,Summer,No Holiday,Yes
27/07/2018,1657,19,32.0,68,3.0,1286,25.3,0.38,0.0,0.0,Summer,No Holiday,Yes
27/07/2018,1565,20,30.7,73,2.8,1310,25.2,0.04,0.0,0.0,Summer,No Holiday,Yes
27/07/2018,1547,21,30.3,75,1.1,1289,25.3,0.0,0.0,0.0,Summer,No Holiday,Yes
27/07/2018,1507,22,29.9,74,2.0,1201,24.7,0.0,0.0,0.0,Summer,No Holiday,Yes
27/07/2018,1182,23,29.7,76,1.2,1159,25.0,0.0,0.0,0.0,Summer,No Holiday,Yes
28/07/2018,992,0,29.4,78,2.1,1072,25.1,0.0,0.0,0.0,Summer,No Holiday,Yes
28/07/2018,875,1,29.1,79,1.3,975,25.0,0.0,0.0,0.0,Summer,No Holiday,Yes
28/07/2018,656,2,28.8,80,1.9,925,24.9,0.0,0.0,0.0,Summer,No Holiday,Yes
28/07/2018,461,3,28.5,81,1.2,911,24.9,0.0,0.0,0.0,Summer,No Holiday,Yes
28/07/2018,340,4,28.3,83,1.7,814,25.1,0.0,0.0,0.0,Summer,No Holiday,Yes
28/07/2018,248,5,28.1,84,0.5,754,25.1,0.0,0.0,0.0,Summer,No Holiday,Yes
28/07/2018,313,6,28.0,85,0.8,647,25.2,0.01,0.0,0.0,Summer,No Holiday,Yes
28/07/2018,428,7,28.4,82,0.7,748,25.0,0.16,0.0,0.0,Summer,No Holiday,Yes
28/07/2018,606,8,29.6,75,0.4,749,24.6,0.66,0.0,0.0,Summer,No Holiday,Yes
28/07/2018,671,9,30.6,74,1.4,716,25.4,0.95,0.0,0.0,Summer,No Holiday,Yes
28/07/2018,654,10,32.0,65,0.9,966,24.5,1.19,0.0,0.0,Summer,No Holiday,Yes
28/07/2018,592,11,32.8,62,0.6,881,24.5,1.3,0.0,0.0,Summer,No Holiday,Yes
28/07/2018,632,12,33.6,62,1.9,820,25.3,1.35,0.0,0.0,Summer,No Holiday,Yes
28/07/2018,741,13,34.2,58,1.8,933,24.7,1.33,0.0,0.0,Summer,No Holiday,Yes
28/07/2018,314,14,34.4,65,1.8,960,26.8,1.75,0.2,0.0,Summer,No Holiday,Yes
28/07/2018,468,15,28.9,86,2.2,1592,26.3,0.26,7.3,0.0,Summer,No Holiday,Yes
28/07/2018,706,16,28.6,82,3.4,1022,25.2,0.14,0.0,0.0,Summer,No Holiday,Yes
28/07/2018,863,17,28.2,83,1.3,1099,25.0,0.11,0.0,0.0,Summer,No Holiday,Yes
28/07/2018,843,18,29.0,81,0.8,989,25.4,0.22,0.0,0.0,Summer,No Holiday,Yes
28/07/2018,974,19,29.3,78,0.0,988,25.0,0.15,0.0,0.0,Summer,No Holiday,Yes
28/07/2018,1095,20,29.2,82,0.4,1000,25.8,0.01,0.0,0.0,Summer,No Holiday,Yes
28/07/2018,1211,21,29.1,78,1.1,1362,24.8,0.0,0.0,0.0,Summer,No Holiday,Yes
28/07/2018,1158,22,29.0,74,0.9,1652,23.8,0.0,0.0,0.0,Summer,No Holiday,Yes
28/07/2018,1039,23,28.6,74,0.7,1807,23.5,0.0,0.0,0.0,Summer,No Holiday,Yes
29/07/2018,921,0,28.4,70,0.9,1945,22.3,0.0,0.0,0.0,Summer,No Holiday,Yes
29/07/2018,636,1,28.0,71,0.6,1799,22.2,0.0,0.0,0.0,Summer,No Holiday,Yes
29/07/2018,511,2,27.7,73,0.4,1832,22.4,0.0,0.0,0.0,Summer,No Holiday,Yes
29/07/2018,403,3,27.4,73,0.6,1893,22.1,0.0,0.0,0.0,Summer,No Holiday,Yes
29/07/2018,245,4,27.0,74,0.8,1816,21.9,0.0,0.0,0.0,Summer,No Holiday,Yes
29/07/2018,199,5,26.7,75,0.3,1871,21.8,0.0,0.0,0.0,Summer,No Holiday,Yes
29/07/2018,266,6,26.4,76,0.4,1813,21.8,0.01,0.0,0.0,Summer,No Holiday,Yes
29/07/2018,345,7,26.9,69,0.8,1960,20.7,0.29,0.0,0.0,Summer,No Holiday,Yes
29/07/2018,456,8,28.6,63,0.8,1867,20.8,1.0,0.0,0.0,Summer,No Holiday,Yes
29/07/2018,519,9,30.6,54,1.7,1831,20.2,1.68,0.0,0.0,Summer,No Holiday,Yes
29/07/2018,473,10,32.4,48,1.9,1952,19.9,2.33,0.0,0.0,Summer,No Holiday,Yes
29/07/2018,476,11,33.6,46,1.7,1965,20.3,2.6,0.0,0.0,Summer,No Holiday,Yes
29/07/2018,644,12,33.8,47,1.7,1962,20.9,1.92,0.0,0.0,Summer,No Holiday,Yes
29/07/2018,622,13,34.4,41,2.9,1970,19.2,2.33,0.0,0.0,Summer,No Holiday,Yes
29/07/2018,630,14,35.4,43,1.4,2000,20.9,2.48,0.0,0.0,Summer,No Holiday,Yes
29/07/2018,713,15,35.9,37,1.9,1949,18.9,1.98,0.0,0.0,Summer,No Holiday,Yes
29/07/2018,760,16,36.0,33,1.4,2000,17.1,1.97,0.0,0.0,Summer,No Holiday,Yes
29/07/2018,895,17,36.3,36,1.5,2000,18.8,1.87,0.0,0.0,Summer,No Holiday,Yes
29/07/2018,1141,18,35.8,35,1.3,2000,17.9,1.21,0.0,0.0,Summer,No Holiday,Yes
29/07/2018,1486,19,34.4,39,1.2,2000,18.4,0.58,0.0,0.0,Summer,No Holiday,Yes
29/07/2018,1697,20,32.3,48,1.4,2000,19.8,0.08,0.0,0.0,Summer,No Holiday,Yes
29/07/2018,1638,21,31.1,47,1.3,2000,18.4,0.0,0.0,0.0,Summer,No Holiday,Yes
29/07/2018,1406,22,30.4,45,1.6,2000,17.1,0.0,0.0,0.0,Summer,No Holiday,Yes
29/07/2018,1108,23,29.9,45,1.4,2000,16.6,0.0,0.0,0.0,Summer,No Holiday,Yes
30/07/2018,810,0,29.2,50,1.1,2000,17.7,0.0,0.0,0.0,Summer,No Holiday,Yes
30/07/2018,575,1,28.5,54,1.1,2000,18.2,0.0,0.0,0.0,Summer,No Holiday,Yes
30/07/2018,363,2,28.0,57,1.2,2000,18.6,0.0,0.0,0.0,Summer,No Holiday,Yes
30/07/2018,253,3,27.4,59,1.4,2000,18.6,0.0,0.0,0.0,Summer,No Holiday,Yes
30/07/2018,209,4,26.7,62,1.0,2000,18.8,0.0,0.0,0.0,Summer,No Holiday,Yes
30/07/2018,273,5,26.4,62,0.6,2000,18.5,0.0,0.0,0.0,Summer,No Holiday,Yes
30/07/2018,668,6,26.2,64,1.4,2000,18.8,0.01,0.0,0.0,Summer,No Holiday,Yes
30/07/2018,1130,7,26.8,59,1.1,2000,18.1,0.28,0.0,0.0,Summer,No Holiday,Yes
30/07/2018,1646,8,28.8,56,1.4,2000,19.1,1.08,0.0,0.0,Summer,No Holiday,Yes
30/07/2018,866,9,30.5,53,1.6,2000,19.8,1.74,0.0,0.0,Summer,No Holiday,Yes
30/07/2018,609,10,32.0,50,2.1,1992,20.2,2.34,0.0,0.0,Summer,No Holiday,Yes
30/07/2018,623,11,33.2,46,1.4,1968,20.0,2.16,0.0,0.0,Summer,No Holiday,Yes
30/07/2018,663,12,33.6,48,1.6,2000,21.0,1.89,0.0,0.0,Summer,No Holiday,Yes
30/07/2018,688,13,34.7,43,1.3,2000,20.2,2.05,0.0,0.0,Summer,No Holiday,Yes
30/07/2018,645,14,35.3,41,1.3,2000,20.0,2.01,0.0,0.0,Summer,No Holiday,Yes
30/07/2018,666,15,35.5,43,1.3,2000,20.9,1.61,0.0,0.0,Summer,No Holiday,Yes
30/07/2018,845,16,36.4,40,1.1,2000,20.6,1.79,0.0,0.0,Summer,No Holiday,Yes
30/07/2018,1224,17,35.4,44,0.8,2000,21.2,1.1,0.0,0.0,Summer,No Holiday,Yes
30/07/2018,2347,18,36.5,38,0.9,2000,19.8,1.17,0.0,0.0,Summer,No Holiday,Yes
30/07/2018,2016,19,35.2,43,0.9,2000,20.7,0.42,0.0,0.0,Summer,No Holiday,Yes
30/07/2018,1947,20,33.9,46,1.4,2000,20.6,0.03,0.0,0.0,Summer,No Holiday,Yes
30/07/2018,1875,21,33.1,48,1.1,2000,20.6,0.0,0.0,0.0,Summer,No Holiday,Yes
30/07/2018,1552,22,32.5,50,1.2,2000,20.7,0.0,0.0,0.0,Summer,No Holiday,Yes
30/07/2018,1202,23,31.7,52,1.2,2000,20.6,0.0,0.0,0.0,Summer,No Holiday,Yes
31/07/2018,901,0,31.0,54,0.8,2000,20.5,0.0,0.0,0.0,Summer,No Holiday,Yes
31/07/2018,695,1,30.2,57,0.7,2000,20.7,0.0,0.0,0.0,Summer,No Holiday,Yes
31/07/2018,476,2,29.8,57,0.8,2000,20.3,0.0,0.0,0.0,Summer,No Holiday,Yes
31/07/2018,334,3,29.3,57,1.6,2000,19.8,0.0,0.0,0.0,Summer,No Holiday,Yes
31/07/2018,244,4,28.8,58,0.9,2000,19.7,0.0,0.0,0.0,Summer,No Holiday,Yes
31/07/2018,284,5,28.3,60,1.6,2000,19.7,0.0,0.0,0.0,Summer,No Holiday,Yes
31/07/2018,584,6,27.9,63,0.5,2000,20.1,0.01,0.0,0.0,Summer,No Holiday,Yes
31/07/2018,1091,7,27.9,60,1.1,1983,19.4,0.28,0.0,0.0,Summer,No Holiday,Yes
31/07/2018,1665,8,29.3,51,0.9,2000,18.1,1.02,0.0,0.0,Summer,No Holiday,Yes
31/07/2018,860,9,30.9,47,1.0,2000,18.2,1.62,0.0,0.0,Summer,No Holiday,Yes
31/07/2018,582,10,32.7,43,1.2,2000,18.4,2.31,0.0,0.0,Summer,No Holiday,Yes
31/07/2018,583,11,34.1,40,1.5,1947,18.5,2.8,0.0,0.0,Summer,No Holiday,Yes
31/07/2018,626,12,35.2,39,1.2,2000,19.1,2.86,0.0,0.0,Summer,No Holiday,Yes
31/07/2018,623,13,36.1,38,1.0,2000,19.5,3.12,0.0,0.0,Summer,No Holiday,Yes
31/07/2018,579,14,36.4,35,1.3,1967,18.4,2.46,0.0,0.0,Summer,No Holiday,Yes
31/07/2018,665,15,37.8,34,1.8,1965,19.2,2.81,0.0,0.0,Summer,No Holiday,Yes
31/07/2018,763,16,37.0,38,1.2,2000,20.3,2.07,0.0,0.0,Summer,No Holiday,Yes
31/07/2018,1184,17,38.0,36,1.3,1989,20.3,2.03,0.0,0.0,Summer,No Holiday,Yes
31/07/2018,2092,18,36.2,45,2.0,2000,22.3,0.65,0.0,0.0,Summer,No Holiday,Yes
31/07/2018,1865,19,34.9,47,2.4,2000,21.9,0.42,0.0,0.0,Summer,No Holiday,Yes
31/07/2018,1772,20,33.5,50,2.1,2000,21.6,0.04,0.0,0.0,Summer,No Holiday,Yes
31/07/2018,1719,21,32.7,51,2.8,2000,21.2,0.0,0.0,0.0,Summer,No Holiday,Yes
31/07/2018,1613,22,31.6,66,3.0,2000,24.4,0.0,0.0,0.0,Summer,No Holiday,Yes
31/07/2018,1097,23,31.0,65,0.5,2000,23.6,0.0,0.0,0.0,Summer,No Holiday,Yes
01/08/2018,875,0,30.5,68,1.9,2000,23.9,0.0,0.0,0.0,Summer,No Holiday,Yes
01/08/2018,724,1,29.9,70,1.0,2000,23.8,0.0,0.0,0.0,Summer,No Holiday,Yes
01/08/2018,501,2,29.5,69,0.8,2000,23.2,0.0,0.0,0.0,Summer,No Holiday,Yes
01/08/2018,362,3,29.1,64,0.5,1997,21.5,0.0,0.0,0.0,Summer,No Holiday,Yes
01/08/2018,250,4,28.5,69,0.3,2000,22.2,0.0,0.0,0.0,Summer,No Holiday,Yes
01/08/2018,315,5,28.3,68,0.3,2000,21.8,0.0,0.0,0.0,Summer,No Holiday,Yes
01/08/2018,622,6,27.8,73,0.9,1971,22.5,0.01,0.0,0.0,Summer,No Holiday,Yes
01/08/2018,1061,7,28.2,68,0.5,1748,21.7,0.27,0.0,0.0,Summer,No Holiday,Yes
01/08/2018,1550,8,30.3,59,0.8,1920,21.3,1.02,0.0,0.0,Summer,No Holiday,Yes
01/08/2018,853,9,32.4,53,0.7,1264,21.5,1.69,0.0,0.0,Summer,No Holiday,Yes
01/08/2018,540,10,34.3,45,1.0,1919,20.6,2.31,0.0,0.0,Summer,No Holiday,Yes
01/08/2018,521,11,35.8,41,1.6,1795,20.4,2.77,0.0,0.0,Summer,No Holiday,Yes
01/08/2018,569,12,36.8,39,1.3,1944,20.5,2.8,0.0,0.0,Summer,No Holiday,Yes
01/08/2018,533,13,37.9,38,2.3,1868,21.1,3.05,0.0,0.0,Summer,No Holiday,Yes
01/08/2018,475,14,38.7,38,2.4,1943,21.8,3.12,0.0,0.0,Summer,No Holiday,Yes
01/08/2018,531,15,39.3,37,2.3,1892,21.9,2.82,0.0,0.0,Summer,No Holiday,Yes
01/08/2018,561,16,39.4,39,2.5,1897,22.8,2.42,0.0,0.0,Summer,No Holiday,Yes
01/08/2018,1033,17,39.0,41,2.6,1881,23.3,1.83,0.0,0.0,Summer,No Holiday,Yes
01/08/2018,1929,18,37.8,47,3.8,1931,24.5,1.09,0.0,0.0,Summer,No Holiday,Yes
01/08/2018,1553,19,36.1,56,3.7,1837,25.9,0.47,0.0,0.0,Summer,No Holiday,Yes
01/08/2018,1441,20,34.5,62,2.8,1701,26.1,0.02,0.0,0.0,Summer,No Holiday,Yes
01/08/2018,1500,21,33.3,64,3.0,1680,25.5,0.0,0.0,0.0,Summer,No Holiday,Yes
01/08/2018,1367,22,32.6,64,2.4,1703,24.8,0.0,0.0,0.0,Summer,No Holiday,Yes
01/08/2018,1046,23,32.3,67,1.0,1592,25.3,0.0,0.0,0.0,Summer,No Holiday,Yes
02/08/2018,850,0,31.9,67,1.5,1550,25.0,0.0,0.0,0.0,Summer,No Holiday,Yes
02/08/2018,647,1,31.5,69,1.5,1512,25.1,0.0,0.0,0.0,Summer,No Holiday,Yes
02/08/2018,459,2,31.5,68,0.0,1504,24.8,0.0,0.0,0.0,Summer,No Holiday,Yes
02/08/2018,295,3,31.1,70,0.4,1449,24.9,0.0,0.0,0.0,Summer,No Holiday,Yes
02/08/2018,215,4,31.1,54,1.9,2000,20.6,0.0,0.0,0.0,Summer,No Holiday,Yes
02/08/2018,265,5,30.7,57,0.9,2000,21.1,0.0,0.0,0.0,Summer,No Holiday,Yes
02/08/2018,578,6,30.4,54,1.3,2000,20.0,0.01,0.0,0.0,Summer,No Holiday,Yes
02/08/2018,1006,7,30.5,53,1.1,2000,19.8,0.22,0.0,0.0,Summer,No Holiday,Yes
02/08/2018,1579,8,31.6,50,1.1,1943,19.9,0.76,0.0,0.0,Summer,No Holiday,Yes
02/08/2018,813,9,32.9,49,1.8,1843,20.7,1.53,0.0,0.0,Summer,No Holiday,Yes
02/08/2018,549,10,34.4,46,2.0,1880,21.1,1.94,0.0,0.0,Summer,No Holiday,Yes
02/08/2018,547,11,35.3,45,1.7,1829,21.5,2.27,0.0,0.0,Summer,No Holiday,Yes
02/08/2018,562,12,36.6,41,2.0,1866,21.2,2.58,0.0,0.0,Summer,No Holiday,Yes
02/08/2018,550,13,36.7,44,1.4,1765,22.4,1.9,0.0,0.0,Summer,No Holiday,Yes
02/08/2018,535,14,37.3,40,1.8,1666,21.4,1.52,0.0,0.0,Summer,No Holiday,Yes
02/08/2018,605,15,36.6,44,1.5,1771,22.3,1.13,0.0,0.0,Summer,No Holiday,Yes
02/08/2018,676,16,37.9,39,1.6,1757,21.5,1.76,0.0,0.0,Summer,No Holiday,Yes
02/08/2018,1066,17,37.4,44,2.3,1829,23.0,1.49,0.0,0.0,Summer,No Holiday,Yes
02/08/2018,1881,18,36.7,47,2.5,1803,23.5,0.99,0.0,0.0,Summer,No Holiday,Yes
02/08/2018,1605,19,35.2,52,2.3,1754,23.8,0.44,0.0,0.0,Summer,No Holiday,Yes
02/08/2018,1480,20,33.9,58,2.4,1519,24.4,0.04,0.0,0.0,Summer,No Holiday,Yes
02/08/2018,1535,21,33.3,63,1.2,1304,25.2,0.0,0.0,0.0,Summer,No Holiday,Yes
02/08/2018,1375,22,32.9,64,1.0,1088,25.1,0.0,0.0,0.0,Summer,No Holiday,Yes
02/08/2018,1020,23,32.4,64,1.7,1153,24.7,0.0,0.0,0.0,Summer,No Holiday,Yes
03/08/2018,763,0,32.1,67,1.1,1077,25.1,0.0,0.0,0.0,Summer,No Holiday,Yes
03/08/2018,675,1,31.7,68,0.3,1103,25.0,0.0,0.0,0.0,Summer,No Holiday,Yes
03/08/2018,443,2,31.5,68,0.3,1001,24.8,0.0,0.0,0.0,Summer,No Holiday,Yes
03/08/2018,327,3,31.2,68,1.4,968,24.5,0.0,0.0,0.0,Summer,No Holiday,Yes
03/08/2018,236,4,31.0,73,0.5,990,25.5,0.0,0.0,0.0,Summer,No Holiday,Yes
03/08/2018,266,5,30.5,72,0.5,1084,24.8,0.0,0.0,0.0,Summer,No Holiday,Yes
03/08/2018,544,6,30.5,62,1.3,1583,22.3,0.01,0.0,0.0,Summer,No Holiday,Yes
03/08/2018,937,7,30.8,58,1.6,1777,21.5,0.22,0.0,0.0,Summer,No Holiday,Yes
03/08/2018,1471,8,31.8,55,1.3,1537,21.6,0.78,0.0,0.0,Summer,No Holiday,Yes
03/08/2018,784,9,33.0,50,1.7,1722,21.1,1.49,0.0,0.0,Summer,No Holiday,Yes
03/08/2018,530,10,34.3,48,2.5,1822,21.7,2.12,0.0,0.0,Summer,No Holiday,Yes
03/08/2018,575,11,35.7,42,1.6,1727,20.7,2.56,0.0,0.0,Summer,No Holiday,Yes
03/08/2018,585,12,36.8,41,2.1,1759,21.3,2.53,0.0,0.0,Summer,No Holiday,Yes
03/08/2018,585,13,36.8,44,1.8,1625,22.5,1.79,0.0,0.0,Summer,No Holiday,Yes
03/08/2018,575,14,37.4,40,2.8,1519,21.5,2.03,0.0,0.0,Summer,No Holiday,Yes
03/08/2018,600,15,37.4,44,3.2,1499,23.0,2.71,0.0,0.0,Summer,No Holiday,Yes
03/08/2018,763,16,36.7,44,3.5,1666,22.4,2.16,0.0,0.0,Summer,No Holiday,Yes
03/08/2018,1105,17,35.8,49,3.9,1633,23.4,1.52,0.0,0.0,Summer,No Holiday,Yes
03/08/2018,1920,18,34.4,53,3.3,1650,23.4,0.8,0.0,0.0,Summer,No Holiday,Yes
03/08/2018,1558,19,33.5,54,2.7,1871,22.9,0.35,0.0,0.0,Summer,No Holiday,Yes
03/08/2018,1517,20,32.2,58,1.9,1673,22.8,0.02,0.0,0.0,Summer,No Holiday,Yes
03/08/2018,1511,21,31.2,63,1.7,1537,23.3,0.0,0.0,0.0,Summer,No Holiday,Yes
03/08/2018,1421,22,30.6,64,1.2,1705,23.0,0.0,0.0,0.0,Summer,No Holiday,Yes
03/08/2018,1103,23,30.2,62,0.8,1708,22.1,0.0,0.0,0.0,Summer,No Holiday,Yes
04/08/2018,953,0,30.0,61,1.7,1794,21.6,0.0,0.0,0.0,Summer,No Holiday,Yes
04/08/2018,872,1,29.9,61,1.1,1745,21.5,0.0,0.0,0.0,Summer,No Holiday,Yes
04/08/2018,594,2,29.9,59,1.9,1902,21.0,0.0,0.0,0.0,Summer,No Holiday,Yes
04/08/2018,435,3,29.7,57,1.5,1964,20.2,0.0,0.0,0.0,Summer,No Holiday,Yes
04/08/2018,304,4,29.5,60,1.2,1774,20.9,0.0,0.0,0.0,Summer,No Holiday,Yes
04/08/2018,234,5,29.2,62,2.1,1835,21.1,0.0,0.0,0.0,Summer,No Holiday,Yes
04/08/2018,289,6,29.1,63,1.6,1818,21.3,0.0,0.0,0.0,Summer,No Holiday,Yes
04/08/2018,405,7,29.4,62,1.9,1758,21.3,0.24,0.0,0.0,Summer,No Holiday,Yes
04/08/2018,568,8,30.2,61,1.8,1562,21.8,0.65,0.0,0.0,Summer,No Holiday,Yes
04/08/2018,598,9,31.3,58,1.9,1598,22.0,1.24,0.0,0.0,Summer,No Holiday,Yes
04/08/2018,569,10,32.3,56,1.7,1625,22.3,1.61,0.0,0.0,Summer,No Holiday,Yes
04/08/2018,655,11,33.4,52,2.8,1462,22.1,2.19,0.0,0.0,Summer,No Holiday,Yes
04/08/2018,640,12,33.2,52,2.5,1514,22.0,1.59,0.0,0.0,Summer,No Holiday,Yes
04/08/2018,703,13,33.6,54,3.7,1754,23.0,2.56,0.0,0.0,Summer,No Holiday,Yes
04/08/2018,676,14,33.1,54,4.2,1879,22.5,2.09,0.0,0.0,Summer,No Holiday,Yes
04/08/2018,690,15,34.7,48,3.6,1973,22.0,2.47,0.0,0.0,Summer,No Holiday,Yes
04/08/2018,700,16,34.5,49,4.0,1925,22.2,2.35,0.0,0.0,Summer,No Holiday,Yes
04/08/2018,901,17,34.3,48,3.4,2000,21.7,1.82,0.0,0.0,Summer,No Holiday,Yes
04/08/2018,1044,18,33.2,52,3.7,1986,22.0,1.14,0.0,0.0,Summer,No Holiday,Yes
04/08/2018,1277,19,32.0,57,2.9,2000,22.4,0.48,0.0,0.0,Summer,No Holiday,Yes
04/08/2018,1387,20,30.2,66,2.8,2000,23.1,0.02,0.0,0.0,Summer,No Holiday,Yes
04/08/2018,1377,21,29.2,73,1.9,1933,23.8,0.0,0.0,0.0,Summer,No Holiday,Yes
04/08/2018,1337,22,28.6,74,2.5,1804,23.5,0.0,0.0,0.0,Summer,No Holiday,Yes
04/08/2018,1155,23,28.2,78,2.5,1678,23.9,0.0,0.0,0.0,Summer,No Holiday,Yes
05/08/2018,983,0,28.0,82,1.4,1221,24.6,0.0,0.0,0.0,Summer,No Holiday,Yes
05/08/2018,758,1,27.7,83,2.7,1128,24.5,0.0,0.0,0.0,Summer,No Holiday,Yes
05/08/2018,509,2,27.5,83,2.7,1118,24.3,0.0,0.0,0.0,Summer,No Holiday,Yes
05/08/2018,401,3,27.3,84,1.7,1089,24.3,0.0,0.0,0.0,Summer,No Holiday,Yes
05/08/2018,253,4,27.3,83,2.2,1054,24.1,0.0,0.0,0.0,Summer,No Holiday,Yes
05/08/2018,188,5,27.3,84,0.8,1067,24.3,0.0,0.0,0.0,Summer,No Holiday,Yes
05/08/2018,222,6,27.3,83,1.4,1080,24.1,0.0,0.0,0.0,Summer,No Holiday,Yes
05/08/2018,223,7,27.5,86,1.8,485,24.9,0.03,0.4,0.0,Summer,No Holiday,Yes
05/08/2018,309,8,27.5,95,0.7,404,26.6,0.14,1.6,0.0,Summer,No Holiday,Yes
05/08/2018,422,9,29.1,76,2.2,1041,24.4,1.38,0.0,0.0,Summer,No Holiday,Yes
05/08/2018,461,10,29.5,78,2.0,1091,25.2,1.28,0.0,0.0,Summer,No Holiday,Yes
05/08/2018,499,11,31.2,63,2.6,1695,23.3,1.99,0.0,0.0,Summer,No Holiday,Yes
05/08/2018,565,12,32.5,59,3.4,1780,23.4,2.33,0.0,0.0,Summer,No Holiday,Yes
05/08/2018,600,13,33.0,56,3.5,1857,23.0,2.68,0.0,0.0,Summer,No Holiday,Yes
05/08/2018,639,14,33.3,55,4.7,1921,23.0,3.05,0.0,0.0,Summer,No Holiday,Yes
05/08/2018,712,15,33.7,55,3.7,1843,23.3,2.67,0.0,0.0,Summer,No Holiday,Yes
05/08/2018,818,16,33.6,57,3.5,1901,23.8,2.19,0.0,0.0,Summer,No Holiday,Yes
05/08/2018,978,17,32.8,61,4.0,1878,24.2,1.46,0.0,0.0,Summer,No Holiday,Yes
05/08/2018,1247,18,31.8,63,4.0,1849,23.8,0.81,0.0,0.0,Summer,No Holiday,Yes
05/08/2018,1411,19,30.9,68,3.3,1821,24.2,0.52,0.0,0.0,Summer,No Holiday,Yes
05/08/2018,1524,20,30.0,72,3.5,1765,24.3,0.09,0.0,0.0,Summer,No Holiday,Yes
05/08/2018,1465,21,29.3,75,3.6,1674,24.4,0.0,0.0,0.0,Summer,No Holiday,Yes
05/08/2018,1286,22,29.1,77,3.0,1559,24.6,0.0,0.0,0.0,Summer,No Holiday,Yes
05/08/2018,942,23,28.8,79,1.3,1484,24.7,0.0,0.0,0.0,Summer,No Holiday,Yes
06/08/2018,707,0,28.7,79,2.2,1473,24.6,0.0,0.0,0.0,Summer,No Holiday,Yes
06/08/2018,455,1,28.7,80,1.5,1295,24.8,0.0,0.0,0.0,Summer,No Holiday,Yes
06/08/2018,309,2,28.6,80,1.2,1163,24.8,0.0,0.0,0.0,Summer,No Holiday,Yes
06/08/2018,219,3,28.6,81,1.1,1105,25.0,0.0,0.0,0.0,Summer,No Holiday,Yes
06/08/2018,162,4,28.4,82,0.5,1144,25.0,0.0,0.0,0.0,Summer,No Holiday,Yes
06/08/2018,258,5,28.3,83,1.7,969,25.1,0.0,0.0,0.0,Summer,No Holiday,Yes
06/08/2018,546,6,28.3,83,1.1,900,25.1,0.0,0.0,0.0,Summer,No Holiday,Yes
06/08/2018,699,7,28.5,82,0.8,914,25.1,0.09,0.0,0.0,Summer,No Holiday,Yes
06/08/2018,797,8,28.7,86,1.4,532,26.1,0.32,0.5,0.0,Summer,No Holiday,Yes
06/08/2018,614,9,28.4,87,1.7,1313,26.0,0.56,4.0,0.0,Summer,No Holiday,Yes
06/08/2018,533,10,29.8,76,1.4,850,25.1,1.52,0.0,0.0,Summer,No Holiday,Yes
06/08/2018,569,11,31.3,70,1.0,1227,25.1,1.89,0.0,0.0,Summer,No Holiday,Yes
06/08/2018,613,12,33.2,59,2.6,1289,24.0,2.37,0.0,0.0,Summer,No Holiday,Yes
06/08/2018,666,13,34.3,54,2.2,1540,23.6,2.93,0.0,0.0,Summer,No Holiday,Yes
06/08/2018,571,14,34.0,59,3.2,1180,24.8,1.98,0.0,0.0,Summer,No Holiday,Yes
06/08/2018,646,15,33.6,58,3.6,1448,24.1,1.98,0.0,0.0,Summer,No Holiday,Yes
06/08/2018,752,16,34.6,55,2.5,1650,24.2,2.01,0.0,0.0,Summer,No Holiday,Yes
06/08/2018,1063,17,35.0,53,1.5,1618,23.9,1.78,0.0,0.0,Summer,No Holiday,Yes
06/08/2018,1956,18,32.8,63,1.3,1799,24.8,0.31,0.0,0.0,Summer,No Holiday,Yes
06/08/2018,1548,19,32.2,65,0.8,1894,24.7,0.1,0.0,0.0,Summer,No Holiday,Yes
06/08/2018,1537,20,31.3,65,2.0,1586,23.9,0.02,0.0,0.0,Summer,No Holiday,Yes
06/08/2018,1611,21,30.6,70,1.6,1542,24.4,0.0,0.0,0.0,Summer,No Holiday,Yes
06/08/2018,1371,22,30.1,72,0.4,1806,24.4,0.0,0.0,0.0,Summer,No Holiday,Yes
06/08/2018,969,23,29.4,79,1.2,777,25.3,0.0,2.0,0.0,Summer,No Holiday,Yes
07/08/2018,842,0,28.8,72,0.8,2000,23.2,0.0,0.0,0.0,Summer,No Holiday,Yes
07/08/2018,619,1,28.2,68,0.9,2000,21.7,0.0,0.0,0.0,Summer,No Holiday,Yes
07/08/2018,443,2,27.9,68,0.9,2000,21.4,0.0,0.0,0.0,Summer,No Holiday,Yes
07/08/2018,278,3,27.6,69,0.9,2000,21.3,0.0,0.0,0.0,Summer,No Holiday,Yes
07/08/2018,201,4,27.3,68,0.7,2000,20.8,0.0,0.0,0.0,Summer,No Holiday,Yes
07/08/2018,273,5,27.1,69,0.9,2000,20.9,0.0,0.0,0.0,Summer,No Holiday,Yes
07/08/2018,634,6,26.8,70,0.7,2000,20.8,0.0,0.0,0.0,Summer,No Holiday,Yes
07/08/2018,1059,7,27.0,69,0.8,2000,20.8,0.23,0.0,0.0,Summer,No Holiday,Yes
07/08/2018,1695,8,28.5,64,2.0,2000,21.0,0.89,0.0,0.0,Summer,No Holiday,Yes
07/08/2018,961,9,29.3,66,1.1,2000,22.2,1.07,0.0,0.0,Summer,No Holiday,Yes
07/08/2018,635,10,30.1,65,1.2,2000,22.7,1.11,0.0,0.0,Summer,No Holiday,Yes
07/08/2018,657,11,31.4,59,0.8,2000,22.4,1.3,0.0,0.0,Summer,No Holiday,Yes
07/08/2018,770,12,31.9,57,0.9,1981,22.3,1.28,0.0,0.0,Summer,No Holiday,Yes
07/08/2018,662,13,33.0,55,1.0,1967,22.7,1.49,0.0,0.0,Summer,No Holiday,Yes
07/08/2018,658,14,34.0,50,1.2,1744,22.1,1.68,0.0,0.0,Summer,No Holiday,Yes
07/08/2018,698,15,34.3,49,1.0,1633,22.0,1.62,0.0,0.0,Summer,No Holiday,Yes
07/08/2018,855,16,35.4,45,2.6,1529,21.6,1.84,0.0,0.0,Summer,No Holiday,Yes
07/08/2018,1232,17,35.6,44,2.4,1860,21.4,1.69,0.0,0.0,Summer,No Holiday,Yes
07/08/2018,2274,18,34.6,50,3.1,1821,22.6,1.0,0.0,0.0,Summer,No Holiday,Yes
07/08/2018,1898,19,32.9,56,2.6,1944,22.9,0.4,0.0,0.0,Summer,No Holiday,Yes
07/08/2018,1836,20,31.1,64,2.7,1770,23.4,0.02,0.0,0.0,Summer,No Holiday,Yes
07/08/2018,1826,21,30.3,69,2.2,1834,23.9,0.0,0.0,0.0,Summer,No Holiday,Yes
07/08/2018,1664,22,29.8,75,1.4,1609,24.8,0.0,0.0,0.0,Summer,No Holiday,Yes
07/08/2018,1136,23,29.5,78,1.4,1469,25.2,0.0,0.0,0.0,Summer,No Holiday,Yes
08/08/2018,853,0,29.1,77,2.1,1465,24.6,0.0,0.0,0.0,Summer,No Holiday,Yes
08/08/2018,700,1,28.5,80,1.5,1306,24.7,0.0,0.0,0.0,Summer,No Holiday,Yes
08/08/2018,489,2,28.3,84,2.1,1099,25.3,0.0,0.0,0.0,Summer,No Holiday,Yes
08/08/2018,322,3,28.3,84,0.5,1006,25.3,0.0,0.0,0.0,Summer,No Holiday,Yes
08/08/2018,183,4,28.0,85,1.0,1079,25.2,0.0,0.0,0.0,Summer,No Holiday,Yes
08/08/2018,260,5,27.9,84,0.0,1172,24.9,0.0,0.0,0.0,Summer,No Holiday,Yes
08/08/2018,614,6,27.6,84,1.2,1123,24.6,0.01,0.0,0.0,Summer,No Holiday,Yes
08/08/2018,1079,7,28.2,82,1.5,985,24.8,0.19,0.0,0.0,Summer,No Holiday,Yes
08/08/2018,1693,8,28.6,80,1.6,708,24.8,0.49,0.0,0.0,Summer,No Holiday,Yes
08/08/2018,920,9,30.2,66,1.4,1131,23.1,1.48,0.0,0.0,Summer,No Holiday,Yes
08/08/2018,657,10,31.6,58,2.3,1528,22.3,2.02,0.0,0.0,Summer,No Holiday,Yes
08/08/2018,624,11,32.7,55,2.7,1836,22.4,2.44,0.0,0.0,Summer,No Holiday,Yes
08/08/2018,629,12,34.1,46,1.6,1885,20.8,2.72,0.0,0.0,Summer,No Holiday,Yes
08/08/2018,673,13,34.4,48,2.1,1921,21.7,2.37,0.0,0.0,Summer,No Holiday,Yes
08/08/2018,670,14,33.6,50,3.5,1993,21.7,1.15,0.0,0.0,Summer,No Holiday,Yes
08/08/2018,687,15,34.5,47,3.2,1958,21.5,2.32,0.0,0.0,Summer,No Holiday,Yes
08/08/2018,839,16,35.1,40,2.6,1989,19.4,2.29,0.0,0.0,Summer,No Holiday,Yes
08/08/2018,1266,17,35.0,37,2.6,2000,18.1,1.72,0.0,0.0,Summer,No Holiday,Yes
08/08/2018,2326,18,34.5,45,2.0,2000,20.8,1.0,0.0,0.0,Summer,No Holiday,Yes
08/08/2018,1983,19,32.6,60,3.5,1982,23.8,0.37,0.0,0.0,Summer,No Holiday,Yes
08/08/2018,1822,20,31.0,66,2.9,1857,23.8,0.02,0.0,0.0,Summer,No Holiday,Yes
08/08/2018,1783,21,29.7,71,3.2,1934,23.8,0.0,0.0,0.0,Summer,No Holiday,Yes
08/08/2018,1628,22,29.5,73,0.9,1936,24.1,0.0,0.0,0.0,Summer,No Holiday,Yes
08/08/2018,1180,23,29.1,77,0.4,1552,24.6,0.0,0.0,0.0,Summer,No Holiday,Yes
09/08/2018,929,0,28.9,75,1.6,1946,24.0,0.0,0.0,0.0,Summer,No Holiday,Yes
09/08/2018,733,1,28.8,75,2.1,1975,23.9,0.0,0.0,0.0,Summer,No Holiday,Yes
09/08/2018,466,2,28.5,79,1.2,1546,24.4,0.0,0.0,0.0,Summer,No Holiday,Yes
09/08/2018,334,3,28.3,80,1.4,1617,24.5,0.0,0.0,0.0,Summer,No Holiday,Yes
09/08/2018,189,4,28.1,81,1.5,1729,24.5,0.0,0.0,0.0,Summer,No Holiday,Yes
09/08/2018,292,5,27.8,82,1.0,1599,24.4,0.0,0.0,0.0,Summer,No Holiday,Yes
09/08/2018,619,6,27.7,84,1.4,1436,24.7,0.0,0.0,0.0,Summer,No Holiday,Yes
09/08/2018,1088,7,27.9,81,1.8,1497,24.3,0.12,0.0,0.0,Summer,No Holiday,Yes
09/08/2018,1731,8,28.6,75,1.2,1588,23.7,0.56,0.0,0.0,Summer,No Holiday,Yes
09/08/2018,977,9,29.4,64,2.3,1926,21.8,0.9,0.0,0.0,Summer,No Holiday,Yes
09/08/2018,649,10,30.4,63,1.8,1883,22.5,1.32,0.0,0.0,Summer,No Holiday,Yes
09/08/2018,659,11,30.8,63,2.4,1919,22.9,0.94,0.0,0.0,Summer,No Holiday,Yes
09/08/2018,484,12,31.1,63,3.0,1795,23.2,1.14,0.0,0.0,Summer,No Holiday,Yes
09/08/2018,628,13,29.7,80,1.7,1312,25.8,0.73,0.4,0.0,Summer,No Holiday,Yes
09/08/2018,561,14,30.8,69,1.8,1218,24.4,1.58,0.0,0.0,Summer,No Holiday,Yes
09/08/2018,644,15,31.2,67,2.7,1368,24.3,1.39,0.0,0.0,Summer,No Holiday,Yes
09/08/2018,559,16,31.6,73,3.0,1133,26.1,1.57,0.0,0.0,Summer,No Holiday,Yes
09/08/2018,740,17,28.8,83,4.0,969,25.6,0.39,1.1,0.0,Summer,No Holiday,Yes
09/08/2018,1850,18,28.1,86,2.3,1244,25.5,0.28,0.5,0.0,Summer,No Holiday,Yes
09/08/2018,1698,19,28.2,82,0.4,1832,24.8,0.16,0.0,0.0,Summer,No Holiday,Yes
09/08/2018,1591,20,27.9,78,0.6,1989,23.7,0.03,0.0,0.0,Summer,No Holiday,Yes
09/08/2018,1654,21,27.8,82,0.3,1397,24.4,0.0,0.0,0.0,Summer,No Holiday,Yes
09/08/2018,1494,22,27.5,82,0.4,1228,24.1,0.0,0.0,0.0,Summer,No Holiday,Yes
09/08/2018,1075,23,27.3,81,0.0,1287,23.7,0.0,0.0,0.0,Summer,No Holiday,Yes
10/08/2018,903,0,27.1,84,0.2,1161,24.1,0.0,0.0,0.0,Summer,No Holiday,Yes
10/08/2018,708,1,26.9,84,0.2,1061,23.9,0.0,0.0,0.0,Summer,No Holiday,Yes
10/08/2018,484,2,26.9,84,0.8,1007,23.9,0.0,0.0,0.0,Summer,No Holiday,Yes
10/08/2018,346,3,26.7,84,0.4,994,23.7,0.0,0.0,0.0,Summer,No Holiday,Yes
10/08/2018,214,4,26.3,85,0.4,1216,23.5,0.0,0.0,0.0,Summer,No Holiday,Yes
10/08/2018,283,5,26.1,83,0.3,1617,22.9,0.0,0.0,0.0,Summer,No Holiday,Yes
10/08/2018,645,6,25.7,83,0.6,1483,22.5,0.0,0.0,0.0,Summer,No Holiday,Yes
10/08/2018,1027,7,26.0,78,0.7,1988,21.8,0.16,0.0,0.0,Summer,No Holiday,Yes
10/08/2018,1728,8,27.2,69,1.8,1999,21.0,0.7,0.0,0.0,Summer,No Holiday,Yes
10/08/2018,892,9,29.0,64,0.8,1987,21.4,1.45,0.0,0.0,Summer,No Holiday,Yes
10/08/2018,683,10,30.5,58,0.6,1875,21.2,1.84,0.0,0.0,Summer,No Holiday,Yes
10/08/2018,697,11,31.9,53,1.2,2000,21.1,2.33,0.0,0.0,Summer,No Holiday,Yes
10/08/2018,721,12,33.4,47,1.3,2000,20.5,2.51,0.0,0.0,Summer,No Holiday,Yes
10/08/2018,696,13,34.2,41,1.7,2000,19.0,2.31,0.0,0.0,Summer,No Holiday,Yes
10/08/2018,658,14,35.1,44,1.6,2000,21.0,2.25,0.0,0.0,Summer,No Holiday,Yes
10/08/2018,725,15,34.8,47,2.4,2000,21.8,2.21,0.0,0.0,Summer,No Holiday,Yes
10/08/2018,853,16,36.4,40,3.2,2000,20.6,2.59,0.0,0.0,Summer,No Holiday,Yes
10/08/2018,1293,17,36.3,40,2.7,2000,20.5,1.93,0.0,0.0,Summer,No Holiday,Yes
10/08/2018,2289,18,35.2,44,2.6,2000,21.1,1.23,0.0,0.0,Summer,No Holiday,Yes
10/08/2018,1903,19,33.4,49,2.6,2000,21.2,0.32,0.0,0.0,Summer,No Holiday,Yes
10/08/2018,1702,20,32.2,52,2.3,2000,21.0,0.02,0.0,0.0,Summer,No Holiday,Yes
10/08/2018,1641,21,31.3,55,0.9,2000,21.1,0.0,0.0,0.0,Summer,No Holiday,Yes
10/08/2018,1544,22,30.9,54,0.8,2000,20.5,0.0,0.0,0.0,Summer,No Holiday,Yes
10/08/2018,1198,23,30.4,58,1.4,2000,21.2,0.0,0.0,0.0,Summer,No Holiday,Yes
11/08/2018,1022,0,29.8,63,2.0,2000,21.9,0.0,0.0,0.0,Summer,No Holiday,Yes
11/08/2018,881,1,29.0,67,1.1,2000,22.2,0.0,0.0,0.0,Summer,No Holiday,Yes
11/08/2018,691,2,28.5,68,1.1,1839,22.0,0.0,0.0,0.0,Summer,No Holiday,Yes
11/08/2018,441,3,27.9,69,0.8,2000,21.6,0.0,0.0,0.0,Summer,No Holiday,Yes
11/08/2018,266,4,27.4,69,1.0,2000,21.2,0.0,0.0,0.0,Summer,No Holiday,Yes
11/08/2018,263,5,26.9,69,0.7,2000,20.7,0.0,0.0,0.0,Summer,No Holiday,Yes
11/08/2018,355,6,26.5,69,0.8,2000,20.3,0.0,0.0,0.0,Summer,No Holiday,Yes
11/08/2018,425,7,26.7,67,0.8,2000,20.0,0.13,0.0,0.0,Summer,No Holiday,Yes
11/08/2018,647,8,28.0,60,1.0,2000,19.5,0.91,0.0,0.0,Summer,No Holiday,Yes
11/08/2018,672,9,29.7,58,1.3,1955,20.5,1.68,0.0,0.0,Summer,No Holiday,Yes
11/08/2018,643,10,31.3,53,1.8,2000,20.5,2.34,0.0,0.0,Summer,No Holiday,Yes
11/08/2018,766,11,31.5,54,2.5,1918,21.0,1.78,0.0,0.0,Summer,No Holiday,Yes
11/08/2018,759,12,33.2,50,2.3,2000,21.3,2.84,0.0,0.0,Summer,No Holiday,Yes
11/08/2018,830,13,34.1,45,1.5,1993,20.4,2.57,0.0,0.0,Summer,No Holiday,Yes
11/08/2018,733,14,34.5,43,2.6,2000,20.0,2.37,0.0,0.0,Summer,No Holiday,Yes
11/08/2018,694,15,35.0,41,1.5,2000,19.7,2.4,0.0,0.0,Summer,No Holiday,Yes
11/08/2018,826,16,35.6,39,2.7,2000,19.5,1.81,0.0,0.0,Summer,No Holiday,Yes
11/08/2018,1006,17,35.8,36,2.2,2000,18.3,1.58,0.0,0.0,Summer,No Holiday,Yes
11/08/2018,1274,18,34.4,40,1.8,2000,18.8,0.65,0.0,0.0,Summer,No Holiday,Yes
11/08/2018,1482,19,33.8,44,2.2,2000,19.8,0.3,0.0,0.0,Summer,No Holiday,Yes
11/08/2018,1469,20,32.8,47,1.9,2000,19.9,0.01,0.0,0.0,Summer,No Holiday,Yes
11/08/2018,1437,21,31.6,63,1.2,1980,23.6,0.0,0.0,0.0,Summer,No Holiday,Yes
11/08/2018,1351,22,31.3,53,2.3,2000,20.5,0.0,0.0,0.0,Summer,No Holiday,Yes
11/08/2018,1076,23,30.7,55,1.5,2000,20.6,0.0,0.0,0.0,Summer,No Holiday,Yes
12/08/2018,997,0,29.9,56,2.0,2000,20.1,0.0,0.0,0.0,Summer,No Holiday,Yes
12/08/2018,703,1,29.4,58,1.5,2000,20.2,0.0,0.0,0.0,Summer,No Holiday,Yes
12/08/2018,554,2,29.0,60,1.4,2000,20.4,0.0,0.0,0.0,Summer,No Holiday,Yes
12/08/2018,387,3,28.5,62,1.6,2000,20.5,0.0,0.0,0.0,Summer,No Holiday,Yes
12/08/2018,260,4,28.1,63,0.8,2000,20.3,0.0,0.0,0.0,Summer,No Holiday,Yes
12/08/2018,196,5,27.7,65,1.4,2000,20.5,0.0,0.0,0.0,Summer,No Holiday,Yes
12/08/2018,261,6,27.2,66,0.9,2000,20.2,0.0,0.0,0.0,Summer,No Holiday,Yes
12/08/2018,316,7,27.4,61,0.6,2000,19.2,0.17,0.0,0.0,Summer,No Holiday,Yes
12/08/2018,520,8,28.6,54,1.1,2000,18.3,0.82,0.0,0.0,Summer,No Holiday,Yes
12/08/2018,568,9,29.7,55,1.6,2000,19.6,1.44,0.0,0.0,Summer,No Holiday,Yes
12/08/2018,483,10,31.6,51,2.3,1969,20.2,2.3,0.0,0.0,Summer,No Holiday,Yes
12/08/2018,526,11,32.8,49,2.8,2000,20.6,2.87,0.0,0.0,Summer,No Holiday,Yes
12/08/2018,670,12,33.8,44,2.0,1899,19.8,2.72,0.0,0.0,Summer,No Holiday,Yes
12/08/2018,704,13,34.0,47,1.4,2000,21.0,2.24,0.0,0.0,Summer,No Holiday,Yes
12/08/2018,697,14,35.0,45,2.2,1957,21.2,2.73,0.0,0.0,Summer,No Holiday,Yes
12/08/2018,820,15,34.9,46,2.0,2000,21.5,1.54,0.0,0.0,Summer,No Holiday,Yes
12/08/2018,959,16,34.1,47,2.5,2000,21.1,0.61,0.0,0.0,Summer,No Holiday,Yes
12/08/2018,1156,17,33.7,48,2.3,2000,21.1,0.41,0.0,0.0,Summer,No Holiday,Yes
12/08/2018,1225,18,33.4,49,1.6,1971,21.2,0.25,0.0,0.0,Summer,No Holiday,Yes
12/08/2018,1117,19,32.0,76,2.1,692,27.2,0.1,1.0,0.0,Summer,No Holiday,Yes
12/08/2018,1208,20,29.4,86,1.1,1194,26.8,0.03,4.0,0.0,Summer,No Holiday,Yes
12/08/2018,1337,21,28.9,83,0.3,1449,25.7,0.0,0.0,0.0,Summer,No Holiday,Yes
12/08/2018,1127,22,28.8,79,0.2,1604,24.7,0.0,0.0,0.0,Summer,No Holiday,Yes
12/08/2018,707,23,28.7,81,0.4,1586,25.1,0.0,0.0,0.0,Summer,No Holiday,Yes
13/08/2018,409,0,28.4,85,1.3,1406,25.6,0.0,0.0,0.0,Summer,No Holiday,Yes
13/08/2018,231,1,28.2,88,0.2,929,26.0,0.0,1.0,0.0,Summer,No Holiday,Yes
13/08/2018,212,2,28.1,78,0.9,1191,23.8,0.0,0.0,0.0,Summer,No Holiday,Yes
13/08/2018,196,3,27.7,88,0.5,833,25.5,0.0,0.0,0.0,Summer,No Holiday,Yes
13/08/2018,151,4,27.1,91,0.9,585,25.4,0.0,0.0,0.0,Summer,No Holiday,Yes
13/08/2018,230,5,26.8,90,0.6,591,25.0,0.0,0.0,0.0,Summer,No Holiday,Yes
13/08/2018,594,6,26.7,89,0.6,615,24.7,0.0,0.0,0.0,Summer,No Holiday,Yes
13/08/2018,1065,7,27.0,86,0.9,718,24.4,0.22,0.0,0.0,Summer,No Holiday,Yes
13/08/2018,1657,8,28.0,78,1.1,865,23.7,0.74,0.0,0.0,Summer,No Holiday,Yes
13/08/2018,903,9,29.4,74,2.0,917,24.2,1.18,0.0,0.0,Summer,No Holiday,Yes
13/08/2018,639,10,30.6,67,0.7,1354,23.7,1.2,0.0,0.0,Summer,No Holiday,Yes
13/08/2018,677,11,31.7,58,1.1,1584,22.4,1.27,0.0,0.0,Summer,No Holiday,Yes
13/08/2018,724,12,33.4,54,2.6,1648,22.8,2.09,0.0,0.0,Summer,No Holiday,Yes
13/08/2018,698,13,33.0,54,1.7,1458,22.4,1.23,0.0,0.0,Summer,No Holiday,Yes
13/08/2018,651,14,33.6,55,1.1,1375,23.3,0.94,0.0,0.0,Summer,No Holiday,Yes
13/08/2018,709,15,34.0,51,1.8,1508,22.4,0.98,0.0,0.0,Summer,No Holiday,Yes
13/08/2018,901,16,33.5,52,2.2,1804,22.2,0.91,0.0,0.0,Summer,No Holiday,Yes
13/08/2018,1358,17,33.2,55,2.7,1600,22.9,0.55,0.0,0.0,Summer,No Holiday,Yes
13/08/2018,2367,18,33.1,59,3.1,1726,24.0,0.72,0.0,0.0,Summer,No Holiday,Yes
13/08/2018,2036,19,32.1,60,2.3,1987,23.3,0.25,0.0,0.0,Summer,No Holiday,Yes
13/08/2018,1847,20,31.0,64,2.9,1992,23.3,0.01,0.0,0.0,Summer,No Holiday,Yes
13/08/2018,1851,21,30.4,66,1.6,2000,23.3,0.0,0.0,0.0,Summer,No Holiday,Yes
13/08/2018,1635,22,29.9,60,1.3,2000,21.2,0.0,0.0,0.0,Summer,No Holiday,Yes
13/08/2018,1086,23,29.6,63,0.1,2000,21.8,0.0,0.0,0.0,Summer,No Holiday,Yes
14/08/2018,872,0,29.3,68,1.6,2000,22.7,0.0,0.0,0.0,Summer,No Holiday,Yes
14/08/2018,681,1,28.9,71,1.2,1982,23.1,0.0,0.0,0.0,Summer,No Holiday,Yes
14/08/2018,467,2,28.6,70,1.5,2000,22.5,0.0,0.0,0.0,Summer,No Holiday,Yes
14/08/2018,345,3,28.4,73,1.4,1990,23.0,0.0,0.0,0.0,Summer,No Holiday,Yes
14/08/2018,209,4,28.1,71,0.4,2000,22.3,0.0,0.0,0.0,Summer,No Holiday,Yes
14/08/2018,254,5,27.9,71,0.3,2000,22.1,0.0,0.0,0.0,Summer,No Holiday,Yes
14/08/2018,643,6,27.8,71,0.1,2000,22.0,0.0,0.0,0.0,Summer,No Holiday,Yes
14/08/2018,1097,7,27.9,71,0.4,2000,22.1,0.13,0.0,0.0,Summer,No Holiday,Yes
14/08/2018,1708,8,29.3,63,0.9,1810,21.5,0.76,0.0,0.0,Summer,No Holiday,Yes
14/08/2018,944,9,31.0,56,0.8,1945,21.1,1.32,0.0,0.0,Summer,No Holiday,Yes
14/08/2018,615,10,31.7,57,1.3,1875,22.1,1.25,0.0,0.0,Summer,No Holiday,Yes
14/08/2018,636,11,32.4,54,1.9,1962,21.8,0.96,0.0,0.0,Summer,No Holiday,Yes
14/08/2018,699,12,33.9,49,1.5,1841,21.6,1.91,0.0,0.0,Summer,No Holiday,Yes
14/08/2018,695,13,35.7,38,2.4,1863,19.1,2.5,0.0,0.0,Summer,No Holiday,Yes
14/08/2018,627,14,36.2,41,2.9,1814,20.8,2.68,0.0,0.0,Summer,No Holiday,Yes
14/08/2018,700,15,37.2,38,2.5,1832,20.5,2.68,0.0,0.0,Summer,No Holiday,Yes
14/08/2018,920,16,36.3,41,2.4,1957,20.9,1.85,0.0,0.0,Summer,No Holiday,Yes
14/08/2018,1306,17,34.7,51,3.0,2000,23.0,1.22,0.0,0.0,Summer,No Holiday,Yes
14/08/2018,2305,18,33.7,53,2.4,2000,22.7,0.78,0.0,0.0,Summer,No Holiday,Yes
14/08/2018,1972,19,32.7,56,2.2,2000,22.7,0.33,0.0,0.0,Summer,No Holiday,Yes
14/08/2018,1705,20,31.8,59,0.9,2000,22.7,0.0,0.0,0.0,Summer,No Holiday,Yes
14/08/2018,1684,21,31.3,59,0.3,2000,22.3,0.0,0.0,0.0,Summer,No Holiday,Yes
14/08/2018,1587,22,30.9,63,0.7,2000,23.0,0.0,0.0,0.0,Summer,No Holiday,Yes
14/08/2018,1165,23,30.3,65,0.4,2000,22.9,0.0,0.0,0.0,Summer,No Holiday,Yes
15/08/2018,1034,0,30.0,67,0.8,1986,23.1,0.0,0.0,0.0,Summer,Holiday,Yes
15/08/2018,850,1,29.6,69,0.4,1942,23.3,0.0,0.0,0.0,Summer,Holiday,Yes
15/08/2018,676,2,29.5,68,0.4,1949,22.9,0.0,0.0,0.0,Summer,Holiday,Yes
15/08/2018,474,3,29.1,70,0.3,1952,23.0,0.0,0.0,0.0,Summer,Holiday,Yes
15/08/2018,310,4,28.8,73,0.5,1835,23.4,0.0,0.0,0.0,Summer,Holiday,Yes
15/08/2018,227,5,28.6,73,0.8,1808,23.2,0.0,0.0,0.0,Summer,Holiday,Yes
15/08/2018,346,6,28.4,74,1.0,1700,23.3,0.0,0.0,0.0,Summer,Holiday,Yes
15/08/2018,429,7,28.6,71,0.6,1797,22.8,0.17,0.0,0.0,Summer,Holiday,Yes
15/08/2018,553,8,29.9,60,0.8,1772,21.2,0.83,0.0,0.0,Summer,Holiday,Yes
15/08/2018,563,9,32.0,53,1.6,2000,21.2,1.56,0.0,0.0,Summer,Holiday,Yes
15/08/2018,547,10,33.5,49,1.0,1937,21.3,2.09,0.0,0.0,Summer,Holiday,Yes
15/08/2018,586,11,35.4,44,1.2,1887,21.2,2.58,0.0,0.0,Summer,Holiday,Yes
15/08/2018,563,12,36.5,41,1.1,1807,21.1,2.73,0.0,0.0,Summer,Holiday,Yes
15/08/2018,591,13,36.9,39,1.5,2000,20.6,2.46,0.0,0.0,Summer,Holiday,Yes
15/08/2018,627,14,37.2,38,0.9,1976,20.5,1.96,0.0,0.0,Summer,Holiday,Yes
15/08/2018,761,15,37.4,38,1.4,2000,20.6,1.72,0.0,0.0,Summer,Holiday,Yes
15/08/2018,877,16,36.6,39,0.7,2000,20.3,0.44,0.0,0.0,Summer,Holiday,Yes
15/08/2018,960,17,33.6,55,3.9,1929,23.3,0.86,0.0,0.0,Summer,Holiday,Yes
15/08/2018,925,18,32.8,63,2.3,1546,24.8,0.89,0.1,0.0,Summer,Holiday,Yes
15/08/2018,1301,19,28.7,76,0.7,2000,24.0,0.11,0.9,0.0,Summer,Holiday,Yes
15/08/2018,1500,20,28.4,69,1.5,2000,22.1,0.01,0.0,0.0,Summer,Holiday,Yes
15/08/2018,1507,21,28.6,69,1.3,2000,22.3,0.0,0.0,0.0,Summer,Holiday,Yes
15/08/2018,1350,22,28.6,67,1.0,2000,21.8,0.0,0.0,0.0,Summer,Holiday,Yes
15/08/2018,1008,23,28.5,69,1.1,2000,22.2,0.0,0.0,0.0,Summer,Holiday,Yes
16/08/2018,808,0,28.4,68,0.9,2000,21.9,0.0,0.0,0.0,Summer,No Holiday,Yes
16/08/2018,535,1,28.2,70,1.0,2000,22.2,0.0,0.0,0.0,Summer,No Holiday,Yes
16/08/2018,381,2,28.1,68,0.8,2000,21.6,0.0,0.0,0.0,Summer,No Holiday,Yes
16/08/2018,252,3,27.9,68,0.6,2000,21.4,0.0,0.0,0.0,Summer,No Holiday,Yes
16/08/2018,173,4,27.8,69,0.9,2000,21.5,0.0,0.0,0.0,Summer,No Holiday,Yes
16/08/2018,263,5,28.0,66,0.5,2000,21.0,0.0,0.0,0.0,Summer,No Holiday,Yes
16/08/2018,631,6,27.5,72,1.1,2000,21.9,0.0,0.0,0.0,Summer,No Holiday,Yes
16/08/2018,1105,7,27.6,71,1.2,2000,21.8,0.14,0.0,0.0,Summer,No Holiday,Yes
16/08/2018,1660,8,28.2,68,1.3,2000,21.7,0.41,0.0,0.0,Summer,No Holiday,Yes
16/08/2018,876,9,30.6,55,1.1,2000,20.5,1.46,0.0,0.0,Summer,No Holiday,Yes
16/08/2018,612,10,31.9,51,2.2,1939,20.4,2.04,0.0,0.0,Summer,No Holiday,Yes
16/08/2018,672,11,33.5,48,2.4,1968,20.9,2.71,0.0,0.0,Summer,No Holiday,Yes
16/08/2018,668,12,34.5,44,2.2,2000,20.4,3.19,0.0,0.0,Summer,No Holiday,Yes
16/08/2018,652,13,35.1,39,2.0,2000,19.0,3.45,0.0,0.0,Summer,No Holiday,Yes
16/08/2018,638,14,35.3,40,2.0,2000,19.6,3.17,0.0,0.0,Summer,No Holiday,Yes
16/08/2018,720,15,35.0,38,2.0,2000,18.5,2.8,0.0,0.0,Summer,No Holiday,Yes
16/08/2018,902,16,34.5,37,1.9,2000,17.6,2.36,0.0,0.0,Summer,No Holiday,Yes
16/08/2018,1384,17,33.8,37,2.2,2000,17.0,1.74,0.0,0.0,Summer,No Holiday,Yes
16/08/2018,2481,18,32.4,40,2.1,2000,17.0,1.04,0.0,0.0,Summer,No Holiday,Yes
16/08/2018,2286,19,29.8,45,2.5,2000,16.5,0.36,0.0,0.0,Summer,No Holiday,Yes
16/08/2018,2114,20,27.9,47,1.9,2000,15.5,0.01,0.0,0.0,Summer,No Holiday,Yes
16/08/2018,2127,21,26.8,46,2.0,2000,14.2,0.0,0.0,0.0,Summer,No Holiday,Yes
16/08/2018,1943,22,25.9,45,2.1,2000,13.0,0.0,0.0,0.0,Summer,No Holiday,Yes
16/08/2018,1446,23,25.0,44,2.2,2000,11.8,0.0,0.0,0.0,Summer,No Holiday,Yes
17/08/2018,1109,0,24.1,45,2.0,2000,11.4,0.0,0.0,0.0,Summer,No Holiday,Yes
17/08/2018,842,1,23.4,47,2.1,2000,11.4,0.0,0.0,0.0,Summer,No Holiday,Yes
17/08/2018,572,2,22.8,50,1.4,2000,11.8,0.0,0.0,0.0,Summer,No Holiday,Yes
17/08/2018,375,3,22.4,52,1.3,2000,12.0,0.0,0.0,0.0,Summer,No Holiday,Yes
17/08/2018,276,4,22.1,54,1.6,2000,12.3,0.0,0.0,0.0,Summer,No Holiday,Yes
17/08/2018,304,5,21.8,55,1.9,2000,12.3,0.0,0.0,0.0,Summer,No Holiday,Yes
17/08/2018,719,6,21.8,51,2.0,2000,11.2,0.0,0.0,0.0,Summer,No Holiday,Yes
17/08/2018,1271,7,22.0,49,1.7,2000,10.7,0.23,0.0,0.0,Summer,No Holiday,Yes
17/08/2018,1918,8,23.5,44,1.7,1944,10.5,0.98,0.0,0.0,Summer,No Holiday,Yes
17/08/2018,1069,9,25.5,40,2.6,1990,10.8,1.7,0.0,0.0,Summer,No Holiday,Yes
17/08/2018,717,10,27.0,36,2.2,1977,10.6,2.34,0.0,0.0,Summer,No Holiday,Yes
17/08/2018,844,11,28.8,33,2.2,1951,10.9,2.85,0.0,0.0,Summer,No Holiday,Yes
17/08/2018,904,12,30.3,30,1.9,1981,10.7,3.17,0.0,0.0,Summer,No Holiday,Yes
17/08/2018,820,13,31.3,30,2.1,2000,11.6,3.3,0.0,0.0,Summer,No Holiday,Yes
17/08/2018,791,14,32.7,27,2.0,1964,11.2,3.21,0.0,0.0,Summer,No Holiday,Yes
17/08/2018,970,15,33.5,26,2.1,2000,11.3,2.9,0.0,0.0,Summer,No Holiday,Yes
17/08/2018,1112,16,33.7,26,1.5,2000,11.5,2.39,0.0,0.0,Summer,No Holiday,Yes
17/08/2018,1666,17,33.1,27,1.9,1975,11.5,1.76,0.0,0.0,Summer,No Holiday,Yes
17/08/2018,2797,18,32.5,28,1.4,2000,11.6,1.06,0.0,0.0,Summer,No Holiday,Yes
17/08/2018,2353,19,31.0,31,1.5,2000,11.8,0.34,0.0,0.0,Summer,No Holiday,Yes
17/08/2018,2130,20,28.4,40,1.7,1887,13.4,0.0,0.0,0.0,Summer,No Holiday,Yes
17/08/2018,2008,21,27.1,43,1.6,2000,13.4,0.0,0.0,0.0,Summer,No Holiday,Yes
17/08/2018,1787,22,26.0,45,1.7,2000,13.1,0.0,0.0,0.0,Summer,No Holiday,Yes
17/08/2018,1466,23,25.2,47,1.2,2000,13.0,0.0,0.0,0.0,Summer,No Holiday,Yes
18/08/2018,1191,0,24.5,48,1.2,2000,12.7,0.0,0.0,0.0,Summer,No Holiday,Yes
18/08/2018,969,1,23.9,51,0.9,2000,13.1,0.0,0.0,0.0,Summer,No Holiday,Yes
18/08/2018,698,2,23.4,53,1.1,2000,13.2,0.0,0.0,0.0,Summer,No Holiday,Yes
18/08/2018,483,3,23.0,54,1.0,1818,13.1,0.0,0.0,0.0,Summer,No Holiday,Yes
18/08/2018,316,4,22.6,55,1.4,2000,13.0,0.0,0.0,0.0,Summer,No Holiday,Yes
18/08/2018,262,5,22.0,58,1.0,2000,13.3,0.0,0.0,0.0,Summer,No Holiday,Yes
18/08/2018,397,6,21.6,60,1.0,2000,13.4,0.0,0.0,0.0,Summer,No Holiday,Yes
18/08/2018,475,7,21.7,57,1.3,2000,12.8,0.23,0.0,0.0,Summer,No Holiday,Yes
18/08/2018,754,8,23.2,47,1.0,2000,11.2,0.93,0.0,0.0,Summer,No Holiday,Yes
18/08/2018,771,9,25.3,42,1.4,1921,11.4,1.7,0.0,0.0,Summer,No Holiday,Yes
18/08/2018,769,10,27.0,37,1.2,1962,11.0,2.32,0.0,0.0,Summer,No Holiday,Yes
18/08/2018,857,11,28.4,35,1.6,2000,11.4,2.82,0.0,0.0,Summer,No Holiday,Yes
18/08/2018,952,12,29.8,33,1.5,1936,11.7,3.14,0.0,0.0,Summer,No Holiday,Yes
18/08/2018,1003,13,31.1,30,1.5,2000,11.4,3.24,0.0,0.0,Summer,No Holiday,Yes
18/08/2018,1121,14,31.0,31,1.8,1999,11.8,2.8,0.0,0.0,Summer,No Holiday,Yes
18/08/2018,1196,15,31.7,30,1.9,1943,11.9,2.23,0.0,0.0,Summer,No Holiday,Yes
18/08/2018,1398,16,31.8,33,2.1,2000,13.5,1.88,0.0,0.0,Summer,No Holiday,Yes
18/08/2018,1806,17,29.9,39,2.9,2000,14.4,0.86,0.0,0.0,Summer,No Holiday,Yes
18/08/2018,1979,18,30.1,37,2.1,2000,13.8,0.88,0.0,0.0,Summer,No Holiday,Yes
18/08/2018,2127,19,28.5,45,1.6,2000,15.4,0.23,0.0,0.0,Summer,No Holiday,Yes
18/08/2018,1965,20,27.6,46,1.2,2000,14.9,0.01,0.0,0.0,Summer,No Holiday,Yes
18/08/2018,1886,21,26.8,48,0.9,2000,14.8,0.0,0.0,0.0,Summer,No Holiday,Yes
18/08/2018,1681,22,26.3,48,0.8,2000,14.4,0.0,0.0,0.0,Summer,No Holiday,Yes
18/08/2018,1342,23,25.9,52,1.3,2000,15.2,0.0,0.0,0.0,Summer,No Holiday,Yes
19/08/2018,1100,0,25.3,53,2.4,2000,15.0,0.0,0.0,0.0,Summer,No Holiday,Yes
19/08/2018,844,1,25.0,57,0.9,2000,15.8,0.0,0.0,0.0,Summer,No Holiday,Yes
19/08/2018,611,2,24.5,59,0.3,2000,15.9,0.0,0.0,0.0,Summer,No Holiday,Yes
19/08/2018,425,3,24.0,59,0.6,2000,15.4,0.0,0.0,0.0,Summer,No Holiday,Yes
19/08/2018,264,4,23.6,61,0.3,2000,15.6,0.0,0.0,0.0,Summer,No Holiday,Yes
19/08/2018,223,5,23.4,63,0.3,2000,15.9,0.0,0.0,0.0,Summer,No Holiday,Yes
19/08/2018,260,6,23.1,64,0.6,2000,15.9,0.0,0.0,0.0,Summer,No Holiday,Yes
19/08/2018,392,7,23.3,64,1.0,2000,16.0,0.1,0.0,0.0,Summer,No Holiday,Yes
19/08/2018,592,8,24.4,58,0.8,2000,15.5,0.45,0.0,0.0,Summer,No Holiday,Yes
19/08/2018,645,9,26.3,50,0.7,1980,15.0,1.28,0.0,0.0,Summer,No Holiday,Yes
19/08/2018,732,10,27.3,49,0.9,1968,15.6,1.17,0.0,0.0,Summer,No Holiday,Yes
19/08/2018,795,11,28.4,43,1.0,1914,14.6,1.52,0.0,0.0,Summer,No Holiday,Yes
19/08/2018,926,12,30.9,37,1.8,1858,14.5,2.98,0.0,0.0,Summer,No Holiday,Yes
19/08/2018,943,13,32.4,33,2.7,1893,14.0,3.1,0.0,0.0,Summer,No Holiday,Yes
19/08/2018,972,14,33.4,31,1.2,1962,13.9,2.73,0.0,0.0,Summer,No Holiday,Yes
19/08/2018,1181,15,33.8,31,1.6,2000,14.3,2.45,0.0,0.0,Summer,No Holiday,Yes
19/08/2018,1395,16,33.3,32,2.4,2000,14.3,1.98,0.0,0.0,Summer,No Holiday,Yes
19/08/2018,1721,17,32.7,33,2.5,1994,14.3,1.18,0.0,0.0,Summer,No Holiday,Yes
19/08/2018,1928,18,32.3,41,1.9,2000,17.3,0.62,0.0,0.0,Summer,No Holiday,Yes
19/08/2018,2186,19,29.7,55,2.5,2000,19.6,0.23,0.0,0.0,Summer,No Holiday,Yes
19/08/2018,2029,20,28.5,58,1.4,2000,19.4,0.0,0.0,0.0,Summer,No Holiday,Yes
19/08/2018,1821,21,27.9,61,0.7,2000,19.6,0.0,0.0,0.0,Summer,No Holiday,Yes
19/08/2018,1546,22,27.7,62,0.6,2000,19.7,0.0,0.0,0.0,Summer,No Holiday,Yes
19/08/2018,1016,23,27.5,60,0.3,2000,19.0,0.0,0.0,0.0,Summer,No Holiday,Yes
20/08/2018,818,0,27.0,62,0.6,2000,19.0,0.0,0.0,0.0,Summer,No Holiday,Yes
20/08/2018,527,1,26.6,64,0.2,2000,19.2,0.0,0.0,0.0,Summer,No Holiday,Yes
20/08/2018,352,2,26.3,65,0.3,2000,19.1,0.0,0.0,0.0,Summer,No Holiday,Yes
20/08/2018,255,3,26.1,65,0.6,2000,18.9,0.0,0.0,0.0,Summer,No Holiday,Yes
20/08/2018,193,4,26.2,65,1.1,1542,19.0,0.0,0.0,0.0,Summer,No Holiday,Yes
20/08/2018,281,5,25.7,68,0.8,1395,19.3,0.0,0.0,0.0,Summer,No Holiday,Yes
20/08/2018,675,6,25.3,67,1.5,1450,18.7,0.0,0.0,0.0,Summer,No Holiday,Yes
20/08/2018,1285,7,25.4,60,1.4,1879,17.0,0.16,0.0,0.0,Summer,No Holiday,Yes
20/08/2018,1912,8,26.6,54,1.1,1739,16.5,0.75,0.0,0.0,Summer,No Holiday,Yes
20/08/2018,993,9,27.5,54,1.0,1993,17.3,0.81,0.0,0.0,Summer,No Holiday,Yes
20/08/2018,719,10,29.3,49,2.0,1875,17.4,1.65,0.0,0.0,Summer,No Holiday,Yes
20/08/2018,766,11,31.2,45,1.9,1810,17.8,2.72,0.0,0.0,Summer,No Holiday,Yes
20/08/2018,808,12,31.7,45,2.5,1814,18.3,1.96,0.0,0.0,Summer,No Holiday,Yes
20/08/2018,847,13,31.6,46,2.7,1864,18.5,1.77,0.0,0.0,Summer,No Holiday,Yes
20/08/2018,816,14,32.1,45,2.8,1966,18.6,1.51,0.0,0.0,Summer,No Holiday,Yes
20/08/2018,992,15,32.9,45,1.9,1877,19.3,1.84,0.0,0.0,Summer,No Holiday,Yes
20/08/2018,1253,16,32.3,45,2.8,1928,18.8,0.98,0.0,0.0,Summer,No Holiday,Yes
20/08/2018,1704,17,32.1,44,2.6,1731,18.3,0.6,0.0,0.0,Summer,No Holiday,Yes
20/08/2018,2628,18,31.6,47,2.1,1867,18.9,0.26,0.0,0.0,Summer,No Holiday,Yes
20/08/2018,2162,19,30.8,55,1.9,1170,20.7,0.06,0.0,0.0,Summer,No Holiday,Yes
20/08/2018,1999,20,29.8,61,3.4,1525,21.4,0.0,0.0,0.0,Summer,No Holiday,Yes
20/08/2018,1971,21,29.3,63,3.1,1677,21.5,0.0,0.0,0.0,Summer,No Holiday,Yes
20/08/2018,1630,22,29.0,63,4.2,1776,21.2,0.0,0.0,0.0,Summer,No Holiday,Yes
20/08/2018,1241,23,28.5,62,4.9,1882,20.5,0.0,0.0,0.0,Summer,No Holiday,Yes
21/08/2018,898,0,28.3,59,3.7,1945,19.5,0.0,0.0,0.0,Summer,No Holiday,Yes
21/08/2018,690,1,28.0,61,3.9,1890,19.7,0.0,0.0,0.0,Summer,No Holiday,Yes
21/08/2018,376,2,27.6,60,4.3,1854,19.1,0.0,0.0,0.0,Summer,No Holiday,Yes
21/08/2018,173,3,26.8,62,4.5,1742,18.9,0.0,0.1,0.0,Summer,No Holiday,Yes
21/08/2018,49,4,25.3,70,6.9,925,19.4,0.0,0.4,0.0,Summer,No Holiday,Yes
21/08/2018,57,5,23.8,86,3.6,420,21.3,0.0,1.0,0.0,Summer,No Holiday,Yes
21/08/2018,73,6,23.8,89,3.3,882,21.8,0.0,1.5,0.0,Summer,No Holiday,Yes
21/08/2018,608,7,23.4,94,2.4,1773,22.3,0.02,2.0,0.0,Summer,No Holiday,Yes
21/08/2018,1530,8,24.0,84,3.5,1975,21.1,0.47,0.0,0.0,Summer,No Holiday,Yes
21/08/2018,876,9,24.4,82,3.0,1847,21.1,0.6,0.0,0.0,Summer,No Holiday,Yes
21/08/2018,402,10,24.8,82,3.2,1732,21.5,0.34,0.0,0.0,Summer,No Holiday,Yes
21/08/2018,681,11,24.7,85,2.3,1438,22.0,0.27,0.0,0.0,Summer,No Holiday,Yes
21/08/2018,848,12,25.7,74,3.4,1951,20.7,1.16,0.0,0.0,Summer,No Holiday,Yes
21/08/2018,827,13,27.1,66,2.6,1895,20.1,1.54,0.0,0.0,Summer,No Holiday,Yes
21/08/2018,788,14,28.5,58,2.6,1965,19.4,1.93,0.0,0.0,Summer,No Holiday,Yes
21/08/2018,957,15,29.5,57,2.0,2000,20.0,2.1,0.0,0.0,Summer,No Holiday,Yes
21/08/2018,1112,16,30.4,53,2.0,1990,19.7,1.82,0.0,0.0,Summer,No Holiday,Yes
21/08/2018,1663,17,30.8,52,2.3,1953,19.8,1.49,0.0,0.0,Summer,No Holiday,Yes
21/08/2018,2830,18,30.3,56,1.7,2000,20.5,0.8,0.0,0.0,Summer,No Holiday,Yes
21/08/2018,2364,19,29.2,62,1.7,2000,21.1,0.31,0.0,0.0,Summer,No Holiday,Yes
21/08/2018,2169,20,27.7,69,1.6,1992,21.4,0.01,0.0,0.0,Summer,No Holiday,Yes
21/08/2018,2057,21,26.8,72,0.4,1985,21.3,0.0,0.0,0.0,Summer,No Holiday,Yes
21/08/2018,1828,22,26.1,76,1.2,1867,21.5,0.0,0.0,0.0,Summer,No Holiday,Yes
21/08/2018,1277,23,25.6,75,0.1,1892,20.8,0.0,0.0,0.0,Summer,No Holiday,Yes
22/08/2018,1025,0,25.1,79,0.5,1891,21.1,0.0,0.0,0.0,Summer,No Holiday,Yes
22/08/2018,782,1,24.6,79,0.6,1884,20.7,0.0,0.0,0.0,Summer,No Holiday,Yes
22/08/2018,512,2,24.2,79,0.6,1882,20.3,0.0,0.0,0.0,Summer,No Holiday,Yes
22/08/2018,346,3,24.1,80,0.8,1920,20.4,0.0,0.0,0.0,Summer,No Holiday,Yes
22/08/2018,214,4,23.6,81,0.8,1943,20.1,0.0,0.0,0.0,Summer,No Holiday,Yes
22/08/2018,289,5,23.4,82,0.4,2000,20.1,0.0,0.0,0.0,Summer,No Holiday,Yes
22/08/2018,655,6,23.7,78,0.3,2000,19.6,0.0,0.0,0.0,Summer,No Holiday,Yes
22/08/2018,1330,7,24.3,74,0.6,1999,19.3,0.1,0.0,0.0,Summer,No Holiday,Yes
22/08/2018,1990,8,25.7,66,0.9,1976,18.8,0.64,0.0,0.0,Summer,No Holiday,Yes
22/08/2018,1015,9,28.0,56,1.5,1982,18.3,1.57,0.0,0.0,Summer,No Holiday,Yes
22/08/2018,700,10,30.2,52,1.4,1923,19.2,2.13,0.0,0.0,Summer,No Holiday,Yes
22/08/2018,710,11,32.1,49,1.6,1874,20.0,2.63,0.0,0.0,Summer,No Holiday,Yes
22/08/2018,784,12,33.9,45,1.4,1923,20.2,2.95,0.0,0.0,Summer,No Holiday,Yes
22/08/2018,727,13,35.3,41,2.1,1925,20.0,3.1,0.0,0.0,Summer,No Holiday,Yes
22/08/2018,760,14,36.2,36,1.5,1985,18.7,2.87,0.0,0.0,Summer,No Holiday,Yes
22/08/2018,842,15,36.8,36,1.0,2000,19.2,2.46,0.0,0.0,Summer,No Holiday,Yes
22/08/2018,993,16,37.4,35,1.3,2000,19.3,2.0,0.0,0.0,Summer,No Holiday,Yes
22/08/2018,1495,17,36.4,39,1.2,2000,20.2,1.15,0.0,0.0,Summer,No Holiday,Yes
22/08/2018,2528,18,35.4,40,1.0,2000,19.7,0.34,0.0,0.0,Summer,No Holiday,Yes
22/08/2018,2087,19,35.2,41,0.5,2000,19.9,0.31,0.0,0.0,Summer,No Holiday,Yes
22/08/2018,1808,20,33.2,51,1.0,2000,21.6,0.02,0.0,0.0,Summer,No Holiday,Yes
22/08/2018,1807,21,33.1,46,2.7,2000,19.9,0.0,0.0,0.0,Summer,No Holiday,Yes
22/08/2018,1556,22,32.1,47,2.0,2000,19.3,0.0,0.0,0.0,Summer,No Holiday,Yes
22/08/2018,1117,23,31.2,50,1.8,2000,19.5,0.0,0.0,0.0,Summer,No Holiday,Yes
23/08/2018,908,0,30.7,52,1.3,2000,19.7,0.0,0.0,0.0,Summer,No Holiday,Yes
23/08/2018,745,1,30.1,54,0.8,2000,19.7,0.0,0.0,0.0,Summer,No Holiday,Yes
23/08/2018,492,2,29.8,53,1.4,2000,19.1,0.0,0.0,0.0,Summer,No Holiday,Yes
23/08/2018,304,3,29.7,52,1.4,2000,18.7,0.0,0.0,0.0,Summer,No Holiday,Yes
23/08/2018,168,4,29.3,54,1.0,2000,19.0,0.0,0.0,0.0,Summer,No Holiday,Yes
23/08/2018,185,5,28.5,57,0.9,2000,19.1,0.0,0.1,0.0,Summer,No Holiday,Yes
23/08/2018,492,6,28.3,55,1.5,2000,18.3,0.0,0.0,0.0,Summer,No Holiday,Yes
23/08/2018,720,7,28.3,55,1.1,2000,18.3,0.03,0.0,0.0,Summer,No Holiday,Yes
23/08/2018,1678,8,28.1,58,1.3,2000,19.0,0.14,0.0,0.0,Summer,No Holiday,Yes
23/08/2018,924,9,29.3,54,1.5,2000,19.0,0.82,0.0,0.0,Summer,No Holiday,Yes
23/08/2018,551,10,30.2,52,1.8,2000,19.2,0.93,0.0,0.0,Summer,No Holiday,Yes
23/08/2018,711,11,29.9,57,1.7,1992,20.4,0.88,0.1,0.0,Summer,No Holiday,Yes
23/08/2018,769,12,31.9,49,1.9,2000,19.8,1.85,0.0,0.0,Summer,No Holiday,Yes
23/08/2018,584,13,31.0,53,1.9,2000,20.2,0.79,0.0,0.0,Summer,No Holiday,Yes
23/08/2018,740,14,30.5,59,2.0,2000,21.5,0.84,0.1,0.0,Summer,No Holiday,Yes
23/08/2018,837,15,32.0,53,2.1,1992,21.2,1.57,0.0,0.0,Summer,No Holiday,Yes
23/08/2018,944,16,31.7,56,1.9,2000,21.8,0.92,0.0,0.0,Summer,No Holiday,Yes
23/08/2018,1249,17,30.8,59,2.2,2000,21.8,0.41,0.0,0.0,Summer,No Holiday,Yes
23/08/2018,1447,18,30.6,55,2.3,2000,20.5,0.11,0.0,0.0,Summer,No Holiday,Yes
23/08/2018,582,19,30.0,59,2.2,1970,21.1,0.01,0.0,0.0,Summer,No Holiday,Yes
23/08/2018,257,20,29.2,62,2.1,1952,21.1,0.0,0.1,0.0,Summer,No Holiday,Yes
23/08/2018,189,21,27.8,72,2.0,2000,22.2,0.0,0.1,0.0,Summer,No Holiday,Yes
23/08/2018,215,22,26.6,84,1.7,1815,23.6,0.0,1.5,0.0,Summer,No Holiday,Yes
23/08/2018,267,23,26.1,84,1.9,1801,23.1,0.0,0.5,0.0,Summer,No Holiday,Yes
24/08/2018,238,0,25.7,83,2.0,2000,22.5,0.0,0.5,0.0,Summer,No Holiday,Yes
24/08/2018,208,1,25.7,80,2.0,2000,21.9,0.0,0.2,0.0,Summer,No Holiday,Yes
24/08/2018,83,2,25.4,85,2.0,1453,22.6,0.0,0.8,0.0,Summer,No Holiday,Yes
24/08/2018,62,3,24.8,87,2.2,1286,22.4,0.0,1.0,0.0,Summer,No Holiday,Yes
24/08/2018,30,4,24.5,88,2.0,1433,22.3,0.0,1.0,0.0,Summer,No Holiday,Yes
24/08/2018,45,5,24.6,88,1.5,1967,22.4,0.0,0.5,0.0,Summer,No Holiday,Yes
24/08/2018,173,6,24.9,88,1.1,2000,22.7,0.0,0.5,0.0,Summer,No Holiday,Yes
24/08/2018,400,7,24.2,88,2.3,2000,22.0,0.05,0.0,0.0,Summer,No Holiday,Yes
24/08/2018,578,8,24.4,86,1.7,2000,21.8,0.13,0.0,0.0,Summer,No Holiday,Yes
24/08/2018,484,9,24.8,85,1.7,2000,22.0,0.32,0.0,0.0,Summer,No Holiday,Yes
24/08/2018,286,10,26.0,77,2.2,2000,21.6,0.61,0.0,0.0,Summer,No Holiday,Yes
24/08/2018,415,11,26.2,76,2.6,1995,21.6,0.88,0.0,0.0,Summer,No Holiday,Yes
24/08/2018,355,12,25.8,81,3.2,1828,22.2,0.8,0.0,0.0,Summer,No Holiday,Yes
24/08/2018,274,13,25.8,78,2.8,2000,21.6,0.95,0.0,0.0,Summer,No Holiday,Yes
24/08/2018,152,14,24.4,93,2.9,250,23.1,0.26,1.5,0.0,Summer,No Holiday,Yes
24/08/2018,405,15,24.0,94,3.1,1188,22.9,0.41,0.5,0.0,Summer,No Holiday,Yes
24/08/2018,455,16,24.6,85,2.7,1973,21.9,0.55,0.0,0.0,Summer,No Holiday,Yes
24/08/2018,403,17,24.1,89,1.9,2000,22.1,0.58,0.0,0.0,Summer,No Holiday,Yes
24/08/2018,916,18,23.8,95,2.7,1938,22.9,0.11,1.5,0.0,Summer,No Holiday,Yes
24/08/2018,948,19,23.6,86,3.0,1275,21.1,0.04,0.0,0.0,Summer,No Holiday,Yes
24/08/2018,1162,20,23.5,81,3.5,2000,20.0,0.0,0.0,0.0,Summer,No Holiday,Yes
24/08/2018,1300,21,23.5,79,3.6,2000,19.6,0.0,0.0,0.0,Summer,No Holiday,Yes
24/08/2018,1202,22,23.5,79,2.9,1860,19.6,0.0,0.0,0.0,Summer,No Holiday,Yes
24/08/2018,1084,23,23.4,79,2.7,1990,19.5,0.0,0.0,0.0,Summer,No Holiday,Yes
25/08/2018,980,0,23.2,81,2.4,1976,19.7,0.0,0.0,0.0,Summer,No Holiday,Yes
25/08/2018,886,1,23.0,82,2.1,1922,19.7,0.0,0.0,0.0,Summer,No Holiday,Yes
25/08/2018,708,2,22.9,82,2.1,1829,19.6,0.0,0.0,0.0,Summer,No Holiday,Yes
25/08/2018,456,3,23.1,80,2.0,1849,19.4,0.0,0.0,0.0,Summer,No Holiday,Yes
25/08/2018,306,4,23.2,79,1.8,1941,19.3,0.0,0.0,0.0,Summer,No Holiday,Yes
25/08/2018,232,5,23.3,79,1.7,1592,19.4,0.0,0.0,0.0,Summer,No Holiday,Yes
25/08/2018,318,6,23.5,79,2.0,1439,19.6,0.0,0.0,0.0,Summer,No Holiday,Yes
25/08/2018,490,7,23.7,76,1.9,1281,19.2,0.08,0.0,0.0,Summer,No Holiday,Yes
25/08/2018,721,8,24.1,78,2.0,1133,20.0,0.34,0.0,0.0,Summer,No Holiday,Yes
25/08/2018,808,9,25.3,72,2.4,1220,19.8,1.08,0.0,0.0,Summer,No Holiday,Yes
25/08/2018,858,10,26.3,67,3.2,1673,19.6,1.48,0.0,0.0,Summer,No Holiday,Yes
25/08/2018,916,11,28.0,57,3.3,1827,18.6,2.71,0.0,0.0,Summer,No Holiday,Yes
25/08/2018,1070,12,27.9,55,2.9,1922,18.0,1.49,0.0,0.0,Summer,No Holiday,Yes
25/08/2018,1231,13,28.6,54,2.9,1925,18.3,1.85,0.0,0.0,Summer,No Holiday,Yes
25/08/2018,1261,14,29.2,52,3.1,1735,18.3,2.68,0.0,0.0,Summer,No Holiday,Yes
25/08/2018,1516,15,28.1,53,4.5,1953,17.6,1.6,0.0,0.0,Summer,No Holiday,Yes
25/08/2018,1592,16,27.2,58,3.7,1987,18.2,0.99,0.0,0.0,Summer,No Holiday,Yes
25/08/2018,1797,17,26.9,60,2.8,2000,18.4,0.77,0.0,0.0,Summer,No Holiday,Yes
25/08/2018,2080,18,27.1,56,3.0,1987,17.5,0.87,0.0,0.0,Summer,No Holiday,Yes
25/08/2018,2043,19,25.8,62,3.3,2000,17.9,0.27,0.0,0.0,Summer,No Holiday,Yes
25/08/2018,2022,20,24.6,65,2.9,2000,17.5,0.0,0.0,0.0,Summer,No Holiday,Yes
25/08/2018,1937,21,23.9,71,2.3,2000,18.3,0.0,0.0,0.0,Summer,No Holiday,Yes
25/08/2018,1717,22,23.4,75,1.6,2000,18.7,0.0,0.0,0.0,Summer,No Holiday,Yes
25/08/2018,1357,23,22.9,78,1.4,2000,18.8,0.0,0.0,0.0,Summer,No Holiday,Yes
26/08/2018,1163,0,22.8,78,1.5,2000,18.7,0.0,0.0,0.0,Summer,No Holiday,Yes
26/08/2018,769,1,22.5,80,0.6,2000,18.8,0.0,0.0,0.0,Summer,No Holiday,Yes
26/08/2018,600,2,22.1,84,0.6,2000,19.2,0.0,0.0,0.0,Summer,No Holiday,Yes
26/08/2018,426,3,21.6,85,0.1,1982,18.9,0.0,0.0,0.0,Summer,No Holiday,Yes
26/08/2018,290,4,21.2,86,0.5,1724,18.7,0.0,0.0,0.0,Summer,No Holiday,Yes
26/08/2018,188,5,20.7,88,0.6,1100,18.6,0.0,0.0,0.0,Summer,No Holiday,Yes
26/08/2018,243,6,20.4,88,0.6,1064,18.3,0.0,0.0,0.0,Summer,No Holiday,Yes
26/08/2018,381,7,20.7,85,0.5,1052,18.0,0.11,0.0,0.0,Summer,No Holiday,Yes
26/08/2018,566,8,22.1,74,1.0,1479,17.2,0.77,0.0,0.0,Summer,No Holiday,Yes
26/08/2018,725,9,24.2,64,1.2,1985,16.9,1.48,0.0,0.0,Summer,No Holiday,Yes
26/08/2018,681,10,26.3,53,1.6,2000,15.9,2.19,0.0,0.0,Summer,No Holiday,Yes
26/08/2018,791,11,28.0,46,1.7,1990,15.2,2.73,0.0,0.0,Summer,No Holiday,Yes
26/08/2018,1070,12,28.9,42,2.0,1975,14.6,2.5,0.0,0.0,Summer,No Holiday,Yes
26/08/2018,657,13,27.8,54,3.5,2000,17.6,1.15,0.0,0.0,Summer,No Holiday,Yes
26/08/2018,417,14,25.8,69,3.6,1309,19.6,0.56,0.1,0.0,Summer,No Holiday,Yes
26/08/2018,782,15,24.3,64,1.8,1931,17.0,0.59,0.0,0.0,Summer,No Holiday,Yes
26/08/2018,1025,16,23.5,56,2.3,2000,14.2,0.5,0.1,0.0,Summer,No Holiday,Yes
26/08/2018,1399,17,23.5,58,1.2,2000,14.7,0.52,0.0,0.0,Summer,No Holiday,Yes
26/08/2018,1479,18,23.4,67,0.6,2000,16.9,0.36,0.0,0.0,Summer,No Holiday,Yes
26/08/2018,1596,19,22.7,69,1.9,2000,16.7,0.08,0.0,0.0,Summer,No Holiday,Yes
26/08/2018,1674,20,22.4,64,0.8,2000,15.2,0.0,0.0,0.0,Summer,No Holiday,Yes
26/08/2018,1276,21,22.5,65,1.1,2000,15.5,0.0,0.0,0.0,Summer,No Holiday,Yes
26/08/2018,764,22,21.2,81,1.0,1808,17.8,0.0,1.3,0.0,Summer,No Holiday,Yes
26/08/2018,348,23,20.8,84,0.9,1078,17.9,0.0,0.5,0.0,Summer,No Holiday,Yes
27/08/2018,325,0,20.5,85,1.0,2000,17.8,0.0,0.0,0.0,Summer,No Holiday,Yes
27/08/2018,61,1,20.5,89,0.5,235,18.6,0.0,1.5,0.0,Summer,No Holiday,Yes
27/08/2018,44,2,20.3,97,0.7,315,19.8,0.0,1.0,0.0,Summer,No Holiday,Yes
27/08/2018,22,3,20.3,97,0.4,200,19.8,0.0,1.5,0.0,Summer,No Holiday,Yes
27/08/2018,27,4,20.5,97,0.1,257,20.0,0.0,3.5,0.0,Summer,No Holiday,Yes
27/08/2018,38,5,20.5,97,0.4,384,20.0,0.0,3.0,0.0,Summer,No Holiday,Yes
27/08/2018,47,6,20.6,98,0.7,626,20.2,0.0,1.0,0.0,Summer,No Holiday,Yes
27/08/2018,103,7,20.8,98,0.5,299,20.4,0.02,2.0,0.0,Summer,No Holiday,Yes
27/08/2018,328,8,21.3,97,1.3,1029,20.7,0.17,0.5,0.0,Summer,No Holiday,Yes
27/08/2018,75,9,21.5,97,0.9,1543,20.9,0.19,0.5,0.0,Summer,No Holiday,Yes
27/08/2018,104,10,21.7,97,1.0,1249,21.1,0.29,2.5,0.0,Summer,No Holiday,Yes
27/08/2018,148,11,22.0,96,1.6,602,21.3,0.36,0.5,0.0,Summer,No Holiday,Yes
27/08/2018,137,12,22.6,90,1.4,1963,20.8,1.02,1.0,0.0,Summer,No Holiday,Yes
27/08/2018,149,13,22.9,92,1.2,459,21.5,1.09,0.5,0.0,Summer,No Holiday,Yes
27/08/2018,231,14,23.3,89,1.5,1435,21.3,1.23,0.5,0.0,Summer,No Holiday,Yes
27/08/2018,580,15,24.4,87,1.5,1153,22.0,1.44,0.0,0.0,Summer,No Holiday,Yes
27/08/2018,886,16,24.7,85,1.2,1143,22.0,0.99,0.0,0.0,Summer,No Holiday,Yes
27/08/2018,1356,17,24.9,82,0.9,2000,21.6,0.67,0.0,0.0,Summer,No Holiday,Yes
27/08/2018,2153,18,24.8,83,0.8,1947,21.7,0.26,0.0,0.0,Summer,No Holiday,Yes
27/08/2018,1615,19,24.7,83,0.4,2000,21.6,0.1,0.0,0.0,Summer,No Holiday,Yes
27/08/2018,1560,20,24.4,85,0.7,2000,21.7,0.01,0.0,0.0,Summer,No Holiday,Yes
27/08/2018,1762,21,23.9,88,0.8,2000,21.7,0.0,0.0,0.0,Summer,No Holiday,Yes
27/08/2018,1571,22,23.5,88,0.6,2000,21.3,0.0,0.0,0.0,Summer,No Holiday,Yes
27/08/2018,1113,23,23.6,87,0.6,2000,21.3,0.0,0.0,0.0,Summer,No Holiday,Yes
28/08/2018,870,0,23.5,88,0.6,2000,21.3,0.0,0.0,0.0,Summer,No Holiday,Yes
28/08/2018,653,1,23.1,94,0.6,2000,22.0,0.0,0.0,0.0,Summer,No Holiday,Yes
28/08/2018,482,2,23.2,88,0.6,2000,21.0,0.0,0.0,0.0,Summer,No Holiday,Yes
28/08/2018,281,3,22.9,93,0.6,2000,21.7,0.0,0.0,0.0,Summer,No Holiday,Yes
28/08/2018,200,4,22.6,95,0.4,1919,21.7,0.0,0.0,0.0,Summer,No Holiday,Yes
28/08/2018,218,5,22.5,96,0.3,1605,21.8,0.0,0.0,0.0,Summer,No Holiday,Yes
28/08/2018,581,6,22.5,90,0.6,1149,20.7,0.0,0.0,0.0,Summer,No Holiday,Yes
28/08/2018,1182,7,22.6,88,0.8,2000,20.5,0.06,0.0,0.0,Summer,No Holiday,Yes
28/08/2018,1841,8,23.4,83,0.8,1998,20.3,0.32,0.0,0.0,Summer,No Holiday,Yes
28/08/2018,865,9,24.2,80,1.2,1708,20.5,0.57,0.0,0.0,Summer,No Holiday,Yes
28/08/2018,670,10,25.4,75,0.7,1995,20.6,0.96,0.0,0.0,Summer,No Holiday,Yes
28/08/2018,411,11,25.9,79,1.7,1900,21.9,0.9,0.0,0.0,Summer,No Holiday,Yes
28/08/2018,25,12,25.2,89,1.4,340,23.2,0.32,2.0,0.0,Summer,No Holiday,Yes
28/08/2018,31,13,24.6,97,0.5,765,24.0,0.1,9.5,0.0,Summer,No Holiday,Yes
28/08/2018,126,14,24.9,97,0.5,766,24.3,0.36,4.0,0.0,Summer,No Holiday,Yes
28/08/2018,122,15,25.2,96,0.6,1754,24.5,0.51,0.5,0.0,Summer,No Holiday,Yes
28/08/2018,60,16,25.0,97,0.7,1181,24.4,0.17,2.5,0.0,Summer,No Holiday,Yes
28/08/2018,39,17,24.8,96,1.8,564,24.1,0.14,2.5,0.0,Summer,No Holiday,Yes
28/08/2018,96,18,24.3,97,0.8,105,23.7,0.01,18.5,0.0,Summer,No Holiday,Yes
28/08/2018,84,19,23.9,98,0.8,1792,23.5,0.0,7.0,0.0,Summer,No Holiday,Yes
28/08/2018,10,20,23.3,97,3.3,183,22.7,0.0,15.5,0.0,Summer,No Holiday,Yes
28/08/2018,122,21,22.9,98,2.1,1146,22.5,0.0,29.5,0.0,Summer,No Holiday,Yes
28/08/2018,64,22,22.9,97,1.3,2000,22.3,0.0,0.5,0.0,Summer,No Holiday,Yes
28/08/2018,59,23,22.8,97,1.0,600,22.2,0.0,3.5,0.0,Summer,No Holiday,Yes
29/08/2018,208,0,22.7,96,0.3,2000,22.0,0.0,1.0,0.0,Summer,No Holiday,Yes
29/08/2018,334,1,22.8,97,0.5,2000,22.2,0.0,0.5,0.0,Summer,No Holiday,Yes
29/08/2018,243,2,24.2,91,3.6,1735,22.6,0.0,0.0,0.0,Summer,No Holiday,Yes
29/08/2018,171,3,24.5,87,4.3,1985,22.1,0.0,0.0,0.0,Summer,No Holiday,Yes
29/08/2018,128,4,24.6,86,4.0,1968,22.0,0.0,0.0,0.0,Summer,No Holiday,Yes
29/08/2018,109,5,24.6,87,3.6,1966,22.2,0.0,0.0,0.0,Summer,No Holiday,Yes
29/08/2018,346,6,24.7,85,3.8,2000,22.0,0.0,0.0,0.0,Summer,No Holiday,Yes
29/08/2018,862,7,25.0,85,3.0,2000,22.2,0.02,0.0,0.0,Summer,No Holiday,Yes
29/08/2018,1595,8,25.3,83,3.4,1982,22.1,0.14,0.0,0.0,Summer,No Holiday,Yes
29/08/2018,867,9,25.8,79,2.7,1963,21.8,0.3,0.0,0.0,Summer,No Holiday,Yes
29/08/2018,642,10,26.4,78,2.7,2000,22.2,0.44,0.0,0.0,Summer,No Holiday,Yes
29/08/2018,671,11,26.9,74,3.2,2000,21.8,0.45,0.0,0.0,Summer,No Holiday,Yes
29/08/2018,648,12,27.4,72,4.2,1989,21.8,0.54,0.0,0.0,Summer,No Holiday,Yes
29/08/2018,540,13,27.1,75,3.7,1972,22.2,0.28,0.0,0.0,Summer,No Holiday,Yes
29/08/2018,490,14,26.8,77,3.5,1965,22.4,0.11,0.0,0.0,Summer,No Holiday,Yes
29/08/2018,583,15,26.9,77,2.5,1937,22.5,0.26,0.0,0.0,Summer,No Holiday,Yes
29/08/2018,193,16,27.0,76,3.8,1875,22.3,0.21,0.0,0.0,Summer,No Holiday,Yes
29/08/2018,160,17,24.6,93,0.9,1451,23.3,0.0,1.5,0.0,Summer,No Holiday,Yes
29/08/2018,57,18,23.9,96,0.2,991,23.2,0.0,1.5,0.0,Summer,No Holiday,Yes
29/08/2018,24,19,23.5,97,0.3,323,22.9,0.0,6.5,0.0,Summer,No Holiday,Yes
29/08/2018,19,20,23.4,98,0.6,70,23.0,0.0,21.0,0.0,Summer,No Holiday,Yes
29/08/2018,22,21,23.7,98,0.6,410,23.3,0.0,5.5,0.0,Summer,No Holiday,Yes
29/08/2018,74,22,24.3,97,2.1,1028,23.7,0.0,4.5,0.0,Summer,No Holiday,Yes
29/08/2018,198,23,24.2,94,0.9,1808,23.1,0.0,1.0,0.0,Summer,No Holiday,Yes
30/08/2018,214,0,24.7,94,2.8,1270,23.6,0.0,0.0,0.0,Summer,No Holiday,Yes
30/08/2018,99,1,24.9,92,2.2,1125,23.5,0.0,0.5,0.0,Summer,No Holiday,Yes
30/08/2018,80,2,24.7,96,1.0,337,24.0,0.0,6.5,0.0,Summer,No Holiday,Yes
30/08/2018,81,3,24.1,97,2.5,1989,23.5,0.0,1.5,0.0,Summer,No Holiday,Yes
30/08/2018,42,4,23.9,96,0.4,1797,23.2,0.0,0.0,0.0,Summer,No Holiday,Yes
30/08/2018,73,5,24.0,97,0.9,1347,23.4,0.0,0.5,0.0,Summer,No Holiday,Yes
30/08/2018,285,6,24.2,96,1.6,1206,23.5,0.0,0.0,0.0,Summer,No Holiday,Yes
30/08/2018,771,7,24.3,96,1.4,1025,23.6,0.04,0.0,0.0,Summer,No Holiday,Yes
30/08/2018,1330,8,24.6,96,1.0,883,23.9,0.19,0.0,0.0,Summer,No Holiday,Yes
30/08/2018,846,9,25.0,92,1.1,782,23.6,0.39,0.0,0.0,Summer,No Holiday,Yes
30/08/2018,589,10,26.1,81,1.5,860,22.5,1.05,0.0,0.0,Summer,No Holiday,Yes
30/08/2018,716,11,26.2,82,2.6,834,22.8,0.59,0.0,0.0,Summer,No Holiday,Yes
30/08/2018,768,12,27.0,74,2.5,915,21.9,0.94,0.0,0.0,Summer,No Holiday,Yes
30/08/2018,865,13,28.2,66,2.2,1006,21.2,1.81,0.0,0.0,Summer,No Holiday,Yes
30/08/2018,837,14,27.5,66,2.8,989,20.5,0.76,0.0,0.0,Summer,No Holiday,Yes
30/08/2018,982,15,27.2,69,3.5,963,21.0,0.95,0.0,0.0,Summer,No Holiday,Yes
30/08/2018,1142,16,27.6,68,2.1,1038,21.1,1.46,0.0,0.0,Summer,No Holiday,Yes
30/08/2018,1473,17,26.8,73,2.6,916,21.5,0.37,0.0,0.0,Summer,No Holiday,Yes
30/08/2018,1887,18,26.1,72,2.4,1066,20.6,0.19,0.0,0.0,Summer,No Holiday,Yes
30/08/2018,1707,19,25.1,74,2.1,1105,20.1,0.0,0.5,0.0,Summer,No Holiday,Yes
30/08/2018,1685,20,24.9,70,1.2,1377,19.0,0.0,0.0,0.0,Summer,No Holiday,Yes
30/08/2018,1732,21,24.8,72,1.4,1298,19.4,0.0,0.0,0.0,Summer,No Holiday,Yes
30/08/2018,1582,22,24.6,71,1.5,1319,18.9,0.0,0.0,0.0,Summer,No Holiday,Yes
30/08/2018,1173,23,24.3,71,0.8,1549,18.6,0.0,0.0,0.0,Summer,No Holiday,Yes
31/08/2018,861,0,23.9,75,1.7,1192,19.1,0.0,0.0,0.0,Summer,No Holiday,Yes
31/08/2018,652,1,23.7,77,1.1,1099,19.4,0.0,0.0,0.0,Summer,No Holiday,Yes
31/08/2018,381,2,23.4,79,0.4,1045,19.5,0.0,0.0,0.0,Summer,No Holiday,Yes
31/08/2018,297,3,23.3,81,1.7,1068,19.8,0.0,0.0,0.0,Summer,No Holiday,Yes
31/08/2018,170,4,23.2,83,1.6,1102,20.1,0.0,0.0,0.0,Summer,No Holiday,Yes
31/08/2018,217,5,23.1,84,0.5,1022,20.2,0.0,0.0,0.0,Summer,No Holiday,Yes
31/08/2018,436,6,22.9,83,0.0,1239,19.8,0.0,0.0,0.0,Summer,No Holiday,Yes
31/08/2018,828,7,22.9,83,0.6,1127,19.8,0.01,0.0,0.0,Summer,No Holiday,Yes
31/08/2018,1686,8,23.1,80,0.2,1066,19.4,0.27,0.1,0.0,Summer,No Holiday,Yes
31/08/2018,1049,9,24.1,69,0.9,1662,18.0,0.76,0.0,0.0,Summer,No Holiday,Yes
31/08/2018,794,10,25.5,53,2.3,1843,15.2,1.81,0.0,0.0,Summer,No Holiday,Yes
31/08/2018,868,11,26.7,51,2.7,1925,15.7,2.65,0.0,0.0,Summer,No Holiday,Yes
31/08/2018,982,12,27.8,47,2.9,1905,15.4,2.99,0.0,0.0,Summer,No Holiday,Yes
31/08/2018,965,13,28.7,46,2.6,1815,15.9,3.1,0.0,0.0,Summer,No Holiday,Yes
31/08/2018,987,14,29.3,41,1.9,1928,14.6,3.0,0.0,0.0,Summer,No Holiday,Yes
31/08/2018,1119,15,30.3,41,2.5,1864,15.5,2.72,0.0,0.0,Summer,No Holiday,Yes
31/08/2018,1404,16,29.7,51,3.0,2000,18.4,2.27,0.0,0.0,Summer,No Holiday,Yes
31/08/2018,1869,17,29.1,49,2.8,1969,17.2,1.57,0.0,0.0,Summer,No Holiday,Yes
31/08/2018,2836,18,28.4,57,2.4,2000,19.0,0.84,0.0,0.0,Summer,No Holiday,Yes
31/08/2018,2372,19,26.5,69,2.3,2000,20.3,0.18,0.0,0.0,Summer,No Holiday,Yes
31/08/2018,1995,20,25.4,74,1.6,2000,20.4,0.0,0.0,0.0,Summer,No Holiday,Yes
31/08/2018,1931,21,24.5,78,1.2,2000,20.4,0.0,0.0,0.0,Summer,No Holiday,Yes
31/08/2018,1789,22,24.1,80,0.9,1852,20.4,0.0,0.0,0.0,Summer,No Holiday,Yes
31/08/2018,1329,23,23.8,81,0.6,1893,20.3,0.0,0.0,0.0,Summer,No Holiday,Yes
01/09/2018,1075,0,23.2,83,0.5,1887,20.1,0.0,0.0,0.0,Autumn,No Holiday,Yes
01/09/2018,975,1,22.7,83,0.1,1940,19.6,0.0,0.0,0.0,Autumn,No Holiday,Yes
01/09/2018,785,2,22.0,86,0.4,1703,19.5,0.0,0.0,0.0,Autumn,No Holiday,Yes
01/09/2018,514,3,21.6,87,0.3,1579,19.3,0.0,0.0,0.0,Autumn,No Holiday,Yes
01/09/2018,338,4,21.2,88,0.9,1183,19.1,0.0,0.0,0.0,Autumn,No Holiday,Yes
01/09/2018,260,5,21.1,87,0.6,1116,18.8,0.0,0.0,0.0,Autumn,No Holiday,Yes
01/09/2018,362,6,20.9,87,0.7,1198,18.6,0.0,0.0,0.0,Autumn,No Holiday,Yes
01/09/2018,511,7,21.1,81,1.0,1738,17.7,0.14,0.0,0.0,Autumn,No Holiday,Yes
01/09/2018,812,8,22.3,64,1.7,2000,15.1,0.75,0.0,0.0,Autumn,No Holiday,Yes
01/09/2018,925,9,24.1,56,2.1,1956,14.7,1.46,0.0,0.0,Autumn,No Holiday,Yes
01/09/2018,861,10,26.0,54,1.5,2000,15.9,2.13,0.0,0.0,Autumn,No Holiday,Yes
01/09/2018,981,11,27.6,47,1.2,2000,15.2,2.63,0.0,0.0,Autumn,No Holiday,Yes
01/09/2018,1086,12,28.9,46,1.6,1966,16.1,2.96,0.0,0.0,Autumn,No Holiday,Yes
01/09/2018,1303,13,29.4,48,1.9,1942,17.2,2.88,0.0,0.0,Autumn,No Holiday,Yes
01/09/2018,1371,14,29.7,42,1.4,2000,15.4,2.37,0.0,0.0,Autumn,No Holiday,Yes
01/09/2018,1480,15,30.0,45,0.9,2000,16.7,2.1,0.0,0.0,Autumn,No Holiday,Yes
01/09/2018,1678,16,30.5,41,1.4,1930,15.7,1.95,0.0,0.0,Autumn,No Holiday,Yes
01/09/2018,1845,17,29.6,42,1.3,2000,15.3,0.98,0.0,0.0,Autumn,No Holiday,Yes
01/09/2018,1892,18,28.8,46,1.3,2000,16.0,0.58,0.0,0.0,Autumn,No Holiday,Yes
01/09/2018,1891,19,27.8,48,1.1,2000,15.7,0.08,0.0,0.0,Autumn,No Holiday,Yes
01/09/2018,1440,20,26.9,49,2.1,2000,15.2,0.0,0.0,0.0,Autumn,No Holiday,Yes
01/09/2018,1110,21,26.0,52,1.4,2000,15.3,0.0,0.0,0.0,Autumn,No Holiday,Yes
01/09/2018,992,22,25.1,53,2.0,2000,14.8,0.0,0.0,0.0,Autumn,No Holiday,Yes
01/09/2018,1523,23,24.4,54,1.6,2000,14.4,0.0,0.0,0.0,Autumn,No Holiday,Yes
02/09/2018,1336,0,23.5,56,1.5,2000,14.2,0.0,0.0,0.0,Autumn,No Holiday,Yes
02/09/2018,930,1,22.8,59,1.5,2000,14.3,0.0,0.0,0.0,Autumn,No Holiday,Yes
02/09/2018,610,2,22.0,60,1.2,2000,13.8,0.0,0.0,0.0,Autumn,No Holiday,Yes
02/09/2018,440,3,21.5,61,1.3,2000,13.6,0.0,0.0,0.0,Autumn,No Holiday,Yes
02/09/2018,255,4,21.1,62,1.8,2000,13.5,0.0,0.0,0.0,Autumn,No Holiday,Yes
02/09/2018,179,5,20.6,65,1.1,2000,13.7,0.0,0.0,0.0,Autumn,No Holiday,Yes
02/09/2018,249,6,20.2,66,1.0,2000,13.6,0.0,0.0,0.0,Autumn,No Holiday,Yes
02/09/2018,388,7,20.2,65,1.4,2000,13.4,0.16,0.0,0.0,Autumn,No Holiday,Yes
02/09/2018,576,8,21.3,57,1.3,2000,12.4,0.81,0.0,0.0,Autumn,No Holiday,Yes
02/09/2018,721,9,23.4,52,1.3,1997,12.9,1.53,0.0,0.0,Autumn,No Holiday,Yes
02/09/2018,802,10,25.0,47,1.5,2000,12.8,2.17,0.0,0.0,Autumn,No Holiday,Yes
02/09/2018,940,11,26.5,44,1.4,1958,13.2,2.62,0.0,0.0,Autumn,No Holiday,Yes
02/09/2018,1075,12,27.5,43,1.4,1959,13.7,2.75,0.0,0.0,Autumn,No Holiday,Yes
02/09/2018,1254,13,28.5,42,1.7,1990,14.3,2.94,0.0,0.0,Autumn,No Holiday,Yes
02/09/2018,1395,14,29.1,43,1.4,2000,15.2,2.39,0.0,0.0,Autumn,No Holiday,Yes
02/09/2018,1550,15,29.3,43,1.5,1958,15.4,2.4,0.0,0.0,Autumn,No Holiday,Yes
02/09/2018,1853,16,29.3,44,1.4,1997,15.7,1.32,0.0,0.0,Autumn,No Holiday,Yes
02/09/2018,2069,17,28.8,47,2.0,1998,16.3,1.0,0.0,0.0,Autumn,No Holiday,Yes
02/09/2018,2118,18,27.9,52,1.7,2000,17.1,0.2,0.0,0.0,Autumn,No Holiday,Yes
02/09/2018,1986,19,27.3,54,1.5,2000,17.1,0.05,0.0,0.0,Autumn,No Holiday,Yes
02/09/2018,1838,20,26.9,56,1.6,2000,17.3,0.0,0.0,0.0,Autumn,No Holiday,Yes
02/09/2018,1759,21,26.2,62,2.3,2000,18.3,0.0,0.0,0.0,Autumn,No Holiday,Yes
02/09/2018,1511,22,25.7,64,1.1,2000,18.3,0.0,0.0,0.0,Autumn,No Holiday,Yes
02/09/2018,1047,23,25.1,65,2.2,2000,18.0,0.0,0.0,0.0,Autumn,No Holiday,Yes
03/09/2018,763,0,24.7,67,1.2,2000,18.1,0.0,0.0,0.0,Autumn,No Holiday,Yes
03/09/2018,524,1,24.5,68,0.5,2000,18.1,0.0,0.0,0.0,Autumn,No Holiday,Yes
03/09/2018,321,2,24.3,68,1.0,2000,18.0,0.0,0.0,0.0,Autumn,No Holiday,Yes
03/09/2018,211,3,24.2,70,0.3,2000,18.3,0.0,0.0,0.0,Autumn,No Holiday,Yes
03/09/2018,153,4,24.0,70,1.2,2000,18.1,0.0,0.0,0.0,Autumn,No Holiday,Yes
03/09/2018,264,5,23.9,70,1.5,2000,18.0,0.0,0.0,0.0,Autumn,No Holiday,Yes
03/09/2018,656,6,23.8,71,1.2,2000,18.2,0.0,0.0,0.0,Autumn,No Holiday,Yes
03/09/2018,1287,7,23.9,71,0.4,2000,18.3,0.02,0.0,0.0,Autumn,No Holiday,Yes
03/09/2018,1580,8,24.2,70,1.4,2000,18.3,0.16,0.0,0.0,Autumn,No Holiday,Yes
03/09/2018,719,9,23.6,86,1.2,336,21.1,0.14,2.0,0.0,Autumn,No Holiday,Yes
03/09/2018,434,10,23.3,89,0.7,1716,21.3,0.2,0.5,0.0,Autumn,No Holiday,Yes
03/09/2018,443,11,23.7,86,0.6,1798,21.2,0.31,0.0,0.0,Autumn,No Holiday,Yes
03/09/2018,673,12,23.9,83,1.1,1901,20.8,0.27,0.0,0.0,Autumn,No Holiday,Yes
03/09/2018,731,13,24.9,78,1.5,1910,20.7,0.72,0.0,0.0,Autumn,No Holiday,Yes
03/09/2018,532,14,25.6,77,0.8,1930,21.2,0.78,0.0,0.0,Autumn,No Holiday,Yes
03/09/2018,137,15,25.7,81,0.7,1825,22.1,0.43,0.0,0.0,Autumn,No Holiday,Yes
03/09/2018,39,16,25.5,91,1.3,403,23.9,0.23,3.5,0.0,Autumn,No Holiday,Yes
03/09/2018,23,17,22.7,96,4.9,452,22.0,0.07,13.0,0.0,Autumn,No Holiday,Yes
03/09/2018,113,18,21.9,97,1.8,757,21.3,0.02,13.0,0.0,Autumn,No Holiday,Yes
03/09/2018,73,19,21.7,97,0.2,1154,21.1,0.01,1.0,0.0,Autumn,No Holiday,Yes
03/09/2018,151,20,21.5,97,0.3,2000,20.9,0.0,0.5,0.0,Autumn,No Holiday,Yes
03/09/2018,110,21,21.6,97,0.5,646,21.0,0.0,0.5,0.0,Autumn,No Holiday,Yes
03/09/2018,379,22,21.7,97,0.4,440,21.1,0.0,0.5,0.0,Autumn,No Holiday,Yes
03/09/2018,486,23,21.7,97,0.8,838,21.1,0.0,0.0,0.0,Autumn,No Holiday,Yes
04/09/2018,500,0,21.4,97,0.1,404,20.8,0.0,0.0,0.0,Autumn,No Holiday,Yes
04/09/2018,486,1,21.3,97,1.1,570,20.7,0.0,0.0,0.0,Autumn,No Holiday,Yes
04/09/2018,324,2,20.9,96,0.4,970,20.2,0.0,0.0,0.0,Autumn,No Holiday,Yes
04/09/2018,223,3,20.6,97,0.2,500,20.1,0.0,0.0,0.0,Autumn,No Holiday,Yes
04/09/2018,186,4,20.4,97,2.7,704,19.9,0.0,0.0,0.0,Autumn,No Holiday,Yes
04/09/2018,219,5,20.2,97,1.2,528,19.7,0.0,0.0,0.0,Autumn,No Holiday,Yes
04/09/2018,602,6,20.0,97,0.0,647,19.5,0.0,0.0,0.0,Autumn,No Holiday,Yes
04/09/2018,1289,7,20.1,97,1.9,443,19.6,0.03,0.0,0.0,Autumn,No Holiday,Yes
04/09/2018,2059,8,20.5,90,1.9,490,18.7,0.53,0.0,0.0,Autumn,No Holiday,Yes
04/09/2018,1083,9,21.6,81,2.3,1669,18.1,1.2,0.0,0.0,Autumn,No Holiday,Yes
04/09/2018,822,10,23.1,73,3.1,2000,17.9,2.24,0.0,0.0,Autumn,No Holiday,Yes
04/09/2018,940,11,24.5,64,2.7,2000,17.2,2.7,0.0,0.0,Autumn,No Holiday,Yes
04/09/2018,995,12,25.8,57,2.8,2000,16.6,3.02,0.0,0.0,Autumn,No Holiday,Yes
04/09/2018,997,13,26.5,58,2.8,2000,17.5,2.87,0.0,0.0,Autumn,No Holiday,Yes
04/09/2018,987,14,27.4,52,3.8,1998,16.6,2.67,0.0,0.0,Autumn,No Holiday,Yes
04/09/2018,1178,15,26.7,51,3.4,2000,15.7,2.09,0.0,0.0,Autumn,No Holiday,Yes
04/09/2018,1429,16,27.1,47,4.3,2000,14.8,1.82,0.0,0.0,Autumn,No Holiday,Yes
04/09/2018,1993,17,27.6,47,3.3,2000,15.2,1.49,0.0,0.0,Autumn,No Holiday,Yes
04/09/2018,3166,18,26.8,53,2.6,2000,16.4,0.8,0.0,0.0,Autumn,No Holiday,Yes
04/09/2018,2491,19,25.1,49,3.1,2000,13.6,0.18,0.0,0.0,Autumn,No Holiday,Yes
04/09/2018,2259,20,23.7,49,3.3,2000,12.3,0.0,0.0,0.0,Autumn,No Holiday,Yes
04/09/2018,2212,21,22.9,55,3.0,2000,13.3,0.0,0.0,0.0,Autumn,No Holiday,Yes
04/09/2018,1856,22,22.2,58,1.5,2000,13.5,0.0,0.0,0.0,Autumn,No Holiday,Yes
04/09/2018,1233,23,21.7,60,0.5,2000,13.5,0.0,0.0,0.0,Autumn,No Holiday,Yes
05/09/2018,983,0,21.1,64,1.5,2000,14.0,0.0,0.0,0.0,Autumn,No Holiday,Yes
05/09/2018,748,1,20.9,66,1.1,2000,14.3,0.0,0.0,0.0,Autumn,No Holiday,Yes
05/09/2018,493,2,20.6,72,0.9,2000,15.3,0.0,0.0,0.0,Autumn,No Holiday,Yes
05/09/2018,376,3,20.2,77,0.4,2000,16.0,0.0,0.0,0.0,Autumn,No Holiday,Yes
05/09/2018,220,4,19.9,81,0.2,2000,16.5,0.0,0.0,0.0,Autumn,No Holiday,Yes
05/09/2018,249,5,19.7,82,0.5,2000,16.5,0.0,0.0,0.0,Autumn,No Holiday,Yes
05/09/2018,676,6,19.8,82,0.5,2000,16.6,0.0,0.0,0.0,Autumn,No Holiday,Yes
05/09/2018,1487,7,19.8,79,0.9,2000,16.0,0.13,0.0,0.0,Autumn,No Holiday,Yes
05/09/2018,2312,8,21.2,69,1.9,2000,15.2,0.74,0.0,0.0,Autumn,No Holiday,Yes
05/09/2018,1195,9,23.4,59,3.0,1974,14.9,1.46,0.0,0.0,Autumn,No Holiday,Yes
05/09/2018,847,10,25.4,49,3.9,1996,13.9,2.13,0.0,0.0,Autumn,No Holiday,Yes
05/09/2018,937,11,26.4,47,2.9,2000,14.1,2.38,0.0,0.0,Autumn,No Holiday,Yes
05/09/2018,1072,12,27.1,44,5.0,2000,13.7,2.8,0.0,0.0,Autumn,No Holiday,Yes
05/09/2018,1039,13,27.3,46,4.8,1983,14.6,2.92,0.0,0.0,Autumn,No Holiday,Yes
05/09/2018,989,14,27.9,42,5.0,1914,13.7,2.79,0.0,0.0,Autumn,No Holiday,Yes
05/09/2018,1131,15,28.1,43,5.1,1929,14.3,2.65,0.0,0.0,Autumn,No Holiday,Yes
05/09/2018,1446,16,28.2,37,4.0,1987,12.1,2.03,0.0,0.0,Autumn,No Holiday,Yes
05/09/2018,2068,17,27.7,40,5.0,2000,12.8,1.51,0.0,0.0,Autumn,No Holiday,Yes
05/09/2018,3160,18,27.0,45,2.4,2000,14.0,0.77,0.0,0.0,Autumn,No Holiday,Yes
05/09/2018,2468,19,25.4,55,3.2,2000,15.6,0.15,0.0,0.0,Autumn,No Holiday,Yes
05/09/2018,2177,20,24.5,64,2.0,2000,17.2,0.0,0.0,0.0,Autumn,No Holiday,Yes
05/09/2018,2024,21,23.9,75,2.3,1975,19.1,0.0,0.0,0.0,Autumn,No Holiday,Yes
05/09/2018,1798,22,23.6,82,1.8,1673,20.3,0.0,0.0,0.0,Autumn,No Holiday,Yes
05/09/2018,1219,23,23.0,83,1.8,1469,19.9,0.0,0.0,0.0,Autumn,No Holiday,Yes
06/09/2018,963,0,22.5,83,0.5,1593,19.4,0.0,0.0,0.0,Autumn,No Holiday,Yes
06/09/2018,743,1,21.9,85,0.2,1410,19.2,0.0,0.0,0.0,Autumn,No Holiday,Yes
06/09/2018,531,2,21.6,86,0.2,1353,19.1,0.0,0.0,0.0,Autumn,No Holiday,Yes
06/09/2018,320,3,21.5,85,0.1,1282,18.8,0.0,0.0,0.0,Autumn,No Holiday,Yes
06/09/2018,215,4,21.6,87,0.4,951,19.3,0.0,0.0,0.0,Autumn,No Holiday,Yes
06/09/2018,247,5,21.7,87,0.6,846,19.4,0.0,0.0,0.0,Autumn,No Holiday,Yes
06/09/2018,680,6,21.4,84,0.8,1506,18.5,0.0,0.0,0.0,Autumn,No Holiday,Yes
06/09/2018,1438,7,20.9,83,0.4,1388,17.8,0.09,0.0,0.0,Autumn,No Holiday,Yes
06/09/2018,2270,8,21.8,77,0.9,1419,17.5,0.43,0.0,0.0,Autumn,No Holiday,Yes
06/09/2018,1186,9,23.5,72,0.5,1485,18.1,0.95,0.0,0.0,Autumn,No Holiday,Yes
06/09/2018,835,10,24.6,70,1.2,1454,18.7,0.96,0.0,0.0,Autumn,No Holiday,Yes
06/09/2018,941,11,25.9,63,2.5,1693,18.3,1.32,0.0,0.0,Autumn,No Holiday,Yes
06/09/2018,1041,12,26.9,60,2.3,1592,18.4,1.67,0.0,0.0,Autumn,No Holiday,Yes
06/09/2018,1049,13,28.0,52,2.3,1642,17.2,1.85,0.0,0.0,Autumn,No Holiday,Yes
06/09/2018,1032,14,27.9,47,3.2,1869,15.5,1.65,0.0,0.0,Autumn,No Holiday,Yes
06/09/2018,1089,15,27.8,48,3.0,1880,15.7,0.93,0.0,0.0,Autumn,No Holiday,Yes
06/09/2018,1292,16,26.9,55,3.9,1909,17.0,0.54,0.0,0.0,Autumn,No Holiday,Yes
06/09/2018,1525,17,26.6,63,3.0,2000,18.9,0.43,0.0,0.0,Autumn,No Holiday,Yes
06/09/2018,2497,18,25.8,58,2.9,2000,16.9,0.16,0.0,0.0,Autumn,No Holiday,Yes
06/09/2018,1990,19,25.3,71,3.3,2000,19.6,0.05,0.0,0.0,Autumn,No Holiday,Yes
06/09/2018,1900,20,25.1,71,3.6,2000,19.4,0.0,0.0,0.0,Autumn,No Holiday,Yes
06/09/2018,1851,21,24.6,70,2.5,2000,18.7,0.0,0.0,0.0,Autumn,No Holiday,Yes
06/09/2018,1641,22,24.3,71,2.5,1992,18.6,0.0,0.0,0.0,Autumn,No Holiday,Yes
06/09/2018,562,23,23.9,71,4.7,1982,18.3,0.0,0.0,0.0,Autumn,No Holiday,Yes
07/09/2018,556,0,21.3,82,3.5,1933,18.0,0.0,1.0,0.0,Autumn,No Holiday,Yes
07/09/2018,345,1,21.6,77,2.6,1777,17.3,0.0,0.0,0.0,Autumn,No Holiday,Yes
07/09/2018,259,2,21.3,76,2.2,1559,16.8,0.0,0.5,0.0,Autumn,No Holiday,Yes
07/09/2018,259,3,21.1,75,1.8,1551,16.4,0.0,0.0,0.0,Autumn,No Holiday,Yes
07/09/2018,185,4,20.8,66,1.5,1719,14.2,0.0,0.0,0.0,Autumn,No Holiday,Yes
07/09/2018,247,5,20.5,67,1.2,1649,14.1,0.0,0.0,0.0,Autumn,No Holiday,Yes
07/09/2018,624,6,20.2,70,1.6,1690,14.5,0.0,0.0,0.0,Autumn,No Holiday,Yes
07/09/2018,1346,7,20.3,74,1.8,1372,15.5,0.07,0.0,0.0,Autumn,No Holiday,Yes
07/09/2018,2260,8,20.5,78,2.5,1250,16.5,0.32,0.0,0.0,Autumn,No Holiday,Yes
07/09/2018,1194,9,21.3,63,2.7,1969,13.9,1.15,0.0,0.0,Autumn,No Holiday,Yes
07/09/2018,896,10,22.6,58,1.8,1962,13.9,2.02,0.0,0.0,Autumn,No Holiday,Yes
07/09/2018,988,11,23.8,51,3.5,1970,13.0,2.62,0.0,0.0,Autumn,No Holiday,Yes
07/09/2018,1213,12,24.2,50,3.8,2000,13.1,2.85,0.0,0.0,Autumn,No Holiday,Yes
07/09/2018,1119,13,24.3,50,2.9,2000,13.2,2.37,0.0,0.0,Autumn,No Holiday,Yes
07/09/2018,1187,14,25.2,43,3.2,1981,11.7,2.59,0.0,0.0,Autumn,No Holiday,Yes
07/09/2018,1391,15,24.7,44,4.2,2000,11.6,1.92,0.0,0.0,Autumn,No Holiday,Yes
07/09/2018,1577,16,25.2,39,2.8,1987,10.2,1.65,0.0,0.0,Autumn,No Holiday,Yes
07/09/2018,2183,17,24.5,37,3.2,2000,8.8,1.04,0.0,0.0,Autumn,No Holiday,Yes
07/09/2018,3154,18,24.4,34,2.4,2000,7.5,0.84,0.0,0.0,Autumn,No Holiday,Yes
07/09/2018,2365,19,22.6,39,2.8,2000,7.9,0.14,0.0,0.0,Autumn,No Holiday,Yes
07/09/2018,1959,20,21.6,43,1.4,2000,8.4,0.0,0.0,0.0,Autumn,No Holiday,Yes
07/09/2018,1915,21,20.6,48,2.1,2000,9.1,0.0,0.0,0.0,Autumn,No Holiday,Yes
07/09/2018,1796,22,19.8,51,1.2,2000,9.3,0.0,0.0,0.0,Autumn,No Holiday,Yes
07/09/2018,1363,23,19.4,50,2.8,2000,8.6,0.0,0.0,0.0,Autumn,No Holiday,Yes
08/09/2018,1107,0,19.2,53,3.7,2000,9.3,0.0,0.0,0.0,Autumn,No Holiday,Yes
08/09/2018,1001,1,18.9,55,2.3,2000,9.6,0.0,0.0,0.0,Autumn,No Holiday,Yes
08/09/2018,692,2,18.5,57,2.3,2000,9.8,0.0,0.0,0.0,Autumn,No Holiday,Yes
08/09/2018,504,3,17.8,60,0.2,2000,9.9,0.0,0.0,0.0,Autumn,No Holiday,Yes
08/09/2018,285,4,17.2,66,0.6,2000,10.7,0.0,0.0,0.0,Autumn,No Holiday,Yes
08/09/2018,227,5,16.7,70,0.8,2000,11.1,0.0,0.0,0.0,Autumn,No Holiday,Yes
08/09/2018,322,6,16.2,70,0.3,2000,10.7,0.0,0.0,0.0,Autumn,No Holiday,Yes
08/09/2018,511,7,16.0,70,1.1,2000,10.5,0.11,0.0,0.0,Autumn,No Holiday,Yes
08/09/2018,827,8,17.1,57,1.0,1979,8.5,0.76,0.0,0.0,Autumn,No Holiday,Yes
08/09/2018,956,9,19.9,51,0.6,1906,9.4,1.46,0.0,0.0,Autumn,No Holiday,Yes
08/09/2018,1096,10,22.2,43,0.9,1891,9.0,2.09,0.0,0.0,Autumn,No Holiday,Yes
08/09/2018,1179,11,24.2,41,1.5,1818,10.1,2.62,0.0,0.0,Autumn,No Holiday,Yes
08/09/2018,1273,12,25.2,36,2.4,1995,9.0,2.93,0.0,0.0,Autumn,No Holiday,Yes
08/09/2018,1505,13,26.1,32,3.0,1985,8.1,3.06,0.0,0.0,Autumn,No Holiday,Yes
08/09/2018,1554,14,26.8,31,2.8,2000,8.2,2.96,0.0,0.0,Autumn,No Holiday,Yes
08/09/2018,1792,15,26.9,33,2.9,1997,9.2,2.65,0.0,0.0,Autumn,No Holiday,Yes
08/09/2018,1943,16,27.7,32,1.4,2000,9.4,2.05,0.0,0.0,Autumn,No Holiday,Yes
08/09/2018,2167,17,27.2,35,1.7,2000,10.3,1.32,0.0,0.0,Autumn,No Holiday,Yes
08/09/2018,2255,18,25.7,38,1.5,2000,10.3,0.64,0.0,0.0,Autumn,No Holiday,Yes
08/09/2018,1978,19,24.0,41,1.9,2000,9.9,0.1,0.0,0.0,Autumn,No Holiday,Yes
08/09/2018,1944,20,22.8,45,2.0,2000,10.2,0.0,0.0,0.0,Autumn,No Holiday,Yes
08/09/2018,1878,21,22.1,49,1.7,2000,10.8,0.0,0.0,0.0,Autumn,No Holiday,Yes
08/09/2018,1675,22,21.5,51,2.0,2000,10.9,0.0,0.0,0.0,Autumn,No Holiday,Yes
08/09/2018,1142,23,20.7,52,1.4,2000,10.4,0.0,0.0,0.0,Autumn,No Holiday,Yes
09/09/2018,1185,0,19.6,53,1.5,2000,9.7,0.0,0.0,0.0,Autumn,No Holiday,Yes
09/09/2018,835,1,18.8,54,0.1,2000,9.2,0.0,0.0,0.0,Autumn,No Holiday,Yes
09/09/2018,589,2,18.1,57,0.3,2000,9.4,0.0,0.0,0.0,Autumn,No Holiday,Yes
09/09/2018,395,3,17.4,57,0.6,2000,8.7,0.0,0.0,0.0,Autumn,No Holiday,Yes
09/09/2018,264,4,17.0,59,0.0,2000,8.9,0.0,0.0,0.0,Autumn,No Holiday,Yes
09/09/2018,165,5,16.3,66,0.5,2000,9.9,0.0,0.0,0.0,Autumn,No Holiday,Yes
09/09/2018,255,6,15.8,69,0.9,2000,10.1,0.0,0.0,0.0,Autumn,No Holiday,Yes
09/09/2018,366,7,15.7,68,0.9,2000,9.8,0.05,0.0,0.0,Autumn,No Holiday,Yes
09/09/2018,644,8,17.4,56,0.8,2000,8.5,0.49,0.0,0.0,Autumn,No Holiday,Yes
09/09/2018,803,9,20.4,51,1.8,2000,9.9,1.43,0.0,0.0,Autumn,No Holiday,Yes
09/09/2018,928,10,22.9,45,1.5,2000,10.3,2.1,0.0,0.0,Autumn,No Holiday,Yes
09/09/2018,1051,11,24.4,41,1.3,1982,10.2,2.61,0.0,0.0,Autumn,No Holiday,Yes
09/09/2018,1220,12,25.9,39,1.2,1950,10.8,2.89,0.0,0.0,Autumn,No Holiday,Yes
09/09/2018,1432,13,27.2,32,1.7,2000,9.0,3.12,0.0,0.0,Autumn,No Holiday,Yes
09/09/2018,1662,14,28.2,29,2.0,2000,8.4,3.09,0.0,0.0,Autumn,No Holiday,Yes
09/09/2018,1877,15,28.9,27,1.8,2000,8.0,2.9,0.0,0.0,Autumn,No Holiday,Yes
09/09/2018,2099,16,27.1,35,0.9,2000,10.3,1.27,0.0,0.0,Autumn,No Holiday,Yes
09/09/2018,2201,17,27.7,33,1.1,2000,9.9,1.21,0.0,0.0,Autumn,No Holiday,Yes
09/09/2018,2368,18,26.0,35,0.3,2000,9.3,0.2,0.0,0.0,Autumn,No Holiday,Yes
09/09/2018,2033,19,24.1,56,2.5,2000,14.7,0.04,0.0,0.0,Autumn,No Holiday,Yes
09/09/2018,1930,20,22.9,58,2.6,2000,14.1,0.0,0.0,0.0,Autumn,No Holiday,Yes
09/09/2018,1820,21,22.2,57,1.2,2000,13.2,0.0,0.0,0.0,Autumn,No Holiday,Yes
09/09/2018,1291,22,21.8,54,1.6,2000,12.0,0.0,0.0,0.0,Autumn,No Holiday,Yes
09/09/2018,941,23,21.2,56,2.5,2000,12.0,0.0,0.0,0.0,Autumn,No Holiday,Yes
10/09/2018,792,0,20.7,57,1.8,2000,11.8,0.0,0.0,0.0,Autumn,No Holiday,Yes
10/09/2018,487,1,20.5,58,1.7,2000,11.9,0.0,0.0,0.0,Autumn,No Holiday,Yes
10/09/2018,332,2,20.0,59,1.5,2000,11.7,0.0,0.0,0.0,Autumn,No Holiday,Yes
10/09/2018,176,3,19.7,60,1.9,2000,11.7,0.0,0.0,0.0,Autumn,No Holiday,Yes
10/09/2018,188,4,19.4,61,1.6,2000,11.6,0.0,0.0,0.0,Autumn,No Holiday,Yes
10/09/2018,226,5,19.1,62,1.6,2000,11.6,0.0,0.0,0.0,Autumn,No Holiday,Yes
10/09/2018,691,6,18.7,64,0.9,2000,11.7,0.0,0.0,0.0,Autumn,No Holiday,Yes
10/09/2018,1463,7,18.9,63,1.8,2000,11.6,0.09,0.0,0.0,Autumn,No Holiday,Yes
10/09/2018,2278,8,20.1,57,1.6,2000,11.3,0.73,0.0,0.0,Autumn,No Holiday,Yes
10/09/2018,1125,9,22.3,52,1.9,2000,11.9,1.43,0.0,0.0,Autumn,No Holiday,Yes
10/09/2018,862,10,24.0,47,1.6,1996,11.9,2.08,0.0,0.0,Autumn,No Holiday,Yes
10/09/2018,934,11,25.3,44,1.2,1948,12.1,2.59,0.0,0.0,Autumn,No Holiday,Yes
10/09/2018,1095,12,26.7,40,1.4,2000,11.9,2.92,0.0,0.0,Autumn,No Holiday,Yes
10/09/2018,1057,13,27.1,38,1.7,2000,11.5,2.56,0.0,0.0,Autumn,No Holiday,Yes
10/09/2018,1064,14,27.8,37,1.4,1983,11.7,2.67,0.0,0.0,Autumn,No Holiday,Yes
10/09/2018,1249,15,27.6,38,1.4,2000,11.9,2.09,0.0,0.0,Autumn,No Holiday,Yes
10/09/2018,1467,16,27.5,39,1.5,2000,12.3,1.46,0.0,0.0,Autumn,No Holiday,Yes
10/09/2018,2147,17,26.6,40,1.4,2000,11.8,0.69,0.0,0.0,Autumn,No Holiday,Yes
10/09/2018,3298,18,25.9,42,1.1,2000,11.9,0.48,0.0,0.0,Autumn,No Holiday,Yes
10/09/2018,2518,19,24.4,47,2.0,2000,12.3,0.05,0.0,0.0,Autumn,No Holiday,Yes
10/09/2018,2240,20,23.4,48,1.8,2000,11.7,0.0,0.0,0.0,Autumn,No Holiday,Yes
10/09/2018,2090,21,22.5,48,1.4,2000,10.9,0.0,0.0,0.0,Autumn,No Holiday,Yes
10/09/2018,1779,22,21.7,50,1.6,2000,10.8,0.0,0.0,0.0,Autumn,No Holiday,Yes
10/09/2018,1223,23,20.8,51,1.7,2000,10.2,0.0,0.0,0.0,Autumn,No Holiday,Yes
11/09/2018,910,0,20.1,52,1.5,2000,9.9,0.0,0.0,0.0,Autumn,No Holiday,Yes
11/09/2018,662,1,19.5,52,1.3,2000,9.3,0.0,0.0,0.0,Autumn,No Holiday,Yes
11/09/2018,435,2,18.9,52,1.1,2000,8.8,0.0,0.0,0.0,Autumn,No Holiday,Yes
11/09/2018,261,3,18.2,52,1.5,2000,8.1,0.0,0.0,0.0,Autumn,No Holiday,Yes
11/09/2018,193,4,17.7,52,1.5,2000,7.7,0.0,0.0,0.0,Autumn,No Holiday,Yes
11/09/2018,258,5,17.2,54,1.3,2000,7.7,0.0,0.0,0.0,Autumn,No Holiday,Yes
11/09/2018,678,6,17.0,55,1.2,2000,7.8,0.0,0.0,0.0,Autumn,No Holiday,Yes
11/09/2018,1556,7,16.9,55,1.4,2000,7.7,0.07,0.0,0.0,Autumn,No Holiday,Yes
11/09/2018,2369,8,17.8,53,1.4,2000,8.0,0.51,0.0,0.0,Autumn,No Holiday,Yes
11/09/2018,1234,9,19.8,49,1.9,2000,8.7,1.24,0.0,0.0,Autumn,No Holiday,Yes
11/09/2018,922,10,21.9,43,1.1,2000,8.7,1.89,0.0,0.0,Autumn,No Holiday,Yes
11/09/2018,1012,11,23.7,40,2.0,2000,9.2,2.6,0.0,0.0,Autumn,No Holiday,Yes
11/09/2018,1192,12,24.5,40,1.3,1973,10.0,2.64,0.0,0.0,Autumn,No Holiday,Yes
11/09/2018,1102,13,25.7,40,2.2,1997,11.0,2.98,0.0,0.0,Autumn,No Holiday,Yes
11/09/2018,1115,14,25.8,37,1.5,1995,9.9,2.22,0.0,0.0,Autumn,No Holiday,Yes
11/09/2018,1222,15,26.0,40,1.9,2000,11.3,1.53,0.0,0.0,Autumn,No Holiday,Yes
11/09/2018,1527,16,25.5,44,1.4,2000,12.3,1.0,0.0,0.0,Autumn,No Holiday,Yes
11/09/2018,2171,17,25.4,44,1.2,2000,12.2,0.84,0.0,0.0,Autumn,No Holiday,Yes
11/09/2018,3222,18,24.7,45,0.7,2000,11.9,0.3,0.0,0.0,Autumn,No Holiday,Yes
11/09/2018,2455,19,23.7,49,1.8,2000,12.3,0.03,0.0,0.0,Autumn,No Holiday,Yes
11/09/2018,2072,20,22.9,48,1.2,2000,11.2,0.0,0.0,0.0,Autumn,No Holiday,Yes
11/09/2018,2018,21,22.2,50,1.3,2000,11.2,0.0,0.0,0.0,Autumn,No Holiday,Yes
11/09/2018,1868,22,21.6,52,1.9,2000,11.3,0.0,0.0,0.0,Autumn,No Holiday,Yes
11/09/2018,1240,23,20.9,53,1.8,2000,10.9,0.0,0.0,0.0,Autumn,No Holiday,Yes
12/09/2018,949,0,20.2,54,1.2,2000,10.5,0.0,0.0,0.0,Autumn,No Holiday,Yes
12/09/2018,691,1,19.6,56,1.2,2000,10.5,0.0,0.0,0.0,Autumn,No Holiday,Yes
12/09/2018,462,2,19.0,56,0.9,2000,10.0,0.0,0.0,0.0,Autumn,No Holiday,Yes
12/09/2018,297,3,18.4,57,1.3,2000,9.7,0.0,0.0,0.0,Autumn,No Holiday,Yes
12/09/2018,215,4,18.0,59,1.5,2000,9.8,0.0,0.0,0.0,Autumn,No Holiday,Yes
12/09/2018,241,5,17.5,60,1.6,2000,9.6,0.0,0.0,0.0,Autumn,No Holiday,Yes
12/09/2018,656,6,17.0,63,1.3,2000,9.8,0.0,0.0,0.0,Autumn,No Holiday,Yes
12/09/2018,1551,7,16.8,61,1.3,2000,9.2,0.06,0.0,0.0,Autumn,No Holiday,Yes
12/09/2018,2391,8,18.2,56,1.5,1994,9.2,0.62,0.0,0.0,Autumn,No Holiday,Yes
12/09/2018,1234,9,20.8,48,1.1,2000,9.3,1.38,0.0,0.0,Autumn,No Holiday,Yes
12/09/2018,923,10,22.7,45,1.5,2000,10.1,2.08,0.0,0.0,Autumn,No Holiday,Yes
12/09/2018,1017,11,24.8,44,2.1,1955,11.7,2.55,0.0,0.0,Autumn,No Holiday,Yes
12/09/2018,1165,12,26.3,44,1.2,1966,13.0,2.91,0.0,0.0,Autumn,No Holiday,Yes
12/09/2018,1066,13,26.8,45,1.8,1984,13.8,2.6,0.0,0.0,Autumn,No Holiday,Yes
12/09/2018,1087,14,26.9,45,1.6,2000,13.9,2.27,0.0,0.0,Autumn,No Holiday,Yes
12/09/2018,1251,15,27.7,41,1.6,1969,13.2,1.98,0.0,0.0,Autumn,No Holiday,Yes
12/09/2018,1494,16,27.8,42,1.7,1974,13.7,1.98,0.0,0.0,Autumn,No Holiday,Yes
12/09/2018,2129,17,27.8,41,1.9,1999,13.3,1.27,0.0,0.0,Autumn,No Holiday,Yes
12/09/2018,3256,18,27.0,44,1.4,2000,13.6,0.62,0.0,0.0,Autumn,No Holiday,Yes
12/09/2018,2443,19,25.4,50,0.6,2000,14.2,0.07,0.0,0.0,Autumn,No Holiday,Yes
12/09/2018,2146,20,24.0,56,0.5,1890,14.6,0.0,0.0,0.0,Autumn,No Holiday,Yes
12/09/2018,2012,21,23.2,57,1.1,2000,14.2,0.0,0.0,0.0,Autumn,No Holiday,Yes
12/09/2018,1824,22,22.6,60,1.0,2000,14.4,0.0,0.0,0.0,Autumn,No Holiday,Yes
12/09/2018,1309,23,22.2,62,0.8,2000,14.5,0.0,0.0,0.0,Autumn,No Holiday,Yes
13/09/2018,968,0,21.9,62,1.0,1822,14.2,0.0,0.0,0.0,Autumn,No Holiday,Yes
13/09/2018,736,1,21.5,65,1.0,2000,14.6,0.0,0.0,0.0,Autumn,No Holiday,Yes
13/09/2018,437,2,21.2,66,0.8,2000,14.5,0.0,0.0,0.0,Autumn,No Holiday,Yes
13/09/2018,304,3,20.9,68,1.7,2000,14.7,0.0,0.0,0.0,Autumn,No Holiday,Yes
13/09/2018,240,4,20.7,69,1.3,2000,14.8,0.0,0.0,0.0,Autumn,No Holiday,Yes
13/09/2018,248,5,20.5,70,1.2,2000,14.8,0.0,0.0,0.0,Autumn,No Holiday,Yes
13/09/2018,655,6,20.3,71,1.6,2000,14.8,0.0,0.0,0.0,Autumn,No Holiday,Yes
13/09/2018,1448,7,20.5,69,1.4,2000,14.6,0.03,0.0,0.0,Autumn,No Holiday,Yes
13/09/2018,2329,8,20.9,68,1.3,2000,14.7,0.18,0.0,0.0,Autumn,No Holiday,Yes
13/09/2018,1322,9,21.8,64,1.6,2000,14.6,0.52,0.0,0.0,Autumn,No Holiday,Yes
13/09/2018,915,10,22.7,61,0.9,2000,14.7,0.82,0.0,0.0,Autumn,No Holiday,Yes
13/09/2018,972,11,23.5,61,1.2,2000,15.5,0.95,0.0,0.0,Autumn,No Holiday,Yes
13/09/2018,1119,12,24.3,59,1.5,2000,15.7,1.12,0.0,0.0,Autumn,No Holiday,Yes
13/09/2018,1014,13,25.1,56,2.0,1964,15.6,1.41,0.0,0.0,Autumn,No Holiday,Yes
13/09/2018,1097,14,27.2,49,1.5,1945,15.5,2.54,0.0,0.0,Autumn,No Holiday,Yes
13/09/2018,1200,15,27.8,49,1.4,1963,16.1,1.97,0.0,0.0,Autumn,No Holiday,Yes
13/09/2018,1436,16,28.2,48,1.4,1995,16.1,1.7,0.0,0.0,Autumn,No Holiday,Yes
13/09/2018,2021,17,27.9,51,1.4,2000,16.8,1.19,0.0,0.0,Autumn,No Holiday,Yes
13/09/2018,3146,18,26.7,56,1.8,2000,17.1,0.47,0.0,0.0,Autumn,No Holiday,Yes
13/09/2018,2365,19,25.4,61,0.6,2000,17.3,0.03,0.0,0.0,Autumn,No Holiday,Yes
13/09/2018,2003,20,24.6,62,0.9,2000,16.8,0.0,0.0,0.0,Autumn,No Holiday,Yes
13/09/2018,2000,21,23.8,67,0.6,2000,17.2,0.0,0.0,0.0,Autumn,No Holiday,Yes
13/09/2018,1713,22,22.8,70,1.0,2000,17.0,0.0,0.0,0.0,Autumn,No Holiday,Yes
13/09/2018,1303,23,22.4,73,0.3,1980,17.3,0.0,0.0,0.0,Autumn,No Holiday,Yes
14/09/2018,971,0,22.1,74,1.1,1962,17.2,0.0,0.0,0.0,Autumn,No Holiday,Yes
14/09/2018,775,1,21.6,75,1.1,1671,16.9,0.0,0.0,0.0,Autumn,No Holiday,Yes
14/09/2018,482,2,21.3,75,1.1,2000,16.6,0.0,0.0,0.0,Autumn,No Holiday,Yes
14/09/2018,349,3,21.0,76,0.7,1995,16.6,0.0,0.0,0.0,Autumn,No Holiday,Yes
14/09/2018,223,4,20.7,76,1.0,2000,16.3,0.0,0.0,0.0,Autumn,No Holiday,Yes
14/09/2018,249,5,20.7,77,0.9,2000,16.5,0.0,0.0,0.0,Autumn,No Holiday,Yes
14/09/2018,644,6,20.4,78,1.0,2000,16.4,0.0,0.0,0.0,Autumn,No Holiday,Yes
14/09/2018,1456,7,20.5,76,1.3,2000,16.1,0.06,0.0,0.0,Autumn,No Holiday,Yes
14/09/2018,2253,8,21.4,70,1.5,1986,15.6,0.38,0.0,0.0,Autumn,No Holiday,Yes
14/09/2018,1201,9,22.3,69,1.3,2000,16.3,0.61,0.0,0.0,Autumn,No Holiday,Yes
14/09/2018,936,10,23.3,65,1.4,1996,16.3,0.76,0.0,0.0,Autumn,No Holiday,Yes
14/09/2018,982,11,24.0,64,1.3,2000,16.7,0.95,0.0,0.0,Autumn,No Holiday,Yes
14/09/2018,1088,12,25.3,56,1.2,1960,15.8,1.35,0.0,0.0,Autumn,No Holiday,Yes
14/09/2018,1155,13,26.4,57,1.2,2000,17.1,1.8,0.0,0.0,Autumn,No Holiday,Yes
14/09/2018,1199,14,26.3,58,1.5,1986,17.3,1.37,0.0,0.0,Autumn,No Holiday,Yes
14/09/2018,1347,15,26.6,55,1.8,2000,16.8,1.1,0.0,0.0,Autumn,No Holiday,Yes
14/09/2018,1503,16,26.3,57,1.6,2000,17.0,0.72,0.0,0.0,Autumn,No Holiday,Yes
14/09/2018,2059,17,25.9,56,1.7,2000,16.4,0.42,0.0,0.0,Autumn,No Holiday,Yes
14/09/2018,2826,18,25.7,57,1.5,2000,16.5,0.24,0.0,0.0,Autumn,No Holiday,Yes
14/09/2018,1996,19,25.3,60,1.2,2000,16.9,0.04,0.0,0.0,Autumn,No Holiday,Yes
14/09/2018,1869,20,25.0,61,1.1,2000,16.9,0.0,0.0,0.0,Autumn,No Holiday,Yes
14/09/2018,1259,21,24.7,61,1.6,2000,16.6,0.0,0.0,0.0,Autumn,No Holiday,Yes
14/09/2018,567,22,24.0,73,2.1,1541,18.8,0.0,0.0,0.0,Autumn,No Holiday,Yes
14/09/2018,810,23,22.3,87,1.1,1810,20.0,0.0,0.5,0.0,Autumn,No Holiday,Yes
15/09/2018,906,0,21.8,83,1.5,2000,18.7,0.0,0.0,0.0,Autumn,No Holiday,Yes
15/09/2018,881,1,21.8,79,1.4,2000,17.9,0.0,0.0,0.0,Autumn,No Holiday,Yes
15/09/2018,580,2,21.7,78,1.0,2000,17.6,0.0,0.0,0.0,Autumn,No Holiday,Yes
15/09/2018,302,3,21.6,80,1.2,2000,17.9,0.0,0.0,0.0,Autumn,No Holiday,Yes
15/09/2018,234,4,21.2,83,0.6,2000,18.1,0.0,0.1,0.0,Autumn,No Holiday,Yes
15/09/2018,169,5,21.1,82,0.8,2000,17.8,0.0,0.0,0.0,Autumn,No Holiday,Yes
15/09/2018,272,6,21.0,84,0.9,2000,18.1,0.0,0.1,0.0,Autumn,No Holiday,Yes
15/09/2018,453,7,21.2,84,0.3,2000,18.3,0.05,0.0,0.0,Autumn,No Holiday,Yes
15/09/2018,829,8,21.7,78,0.3,2000,17.6,0.21,0.0,0.0,Autumn,No Holiday,Yes
15/09/2018,934,9,22.7,72,1.2,2000,17.3,0.59,0.0,0.0,Autumn,No Holiday,Yes
15/09/2018,1017,10,24.4,65,1.6,1972,17.3,1.42,0.0,0.0,Autumn,No Holiday,Yes
15/09/2018,1212,11,25.2,64,1.2,1938,17.8,1.31,0.0,0.0,Autumn,No Holiday,Yes
15/09/2018,1284,12,25.4,63,0.9,2000,17.8,1.01,0.0,0.0,Autumn,No Holiday,Yes
15/09/2018,1465,13,25.8,65,1.0,1996,18.7,1.12,0.0,0.0,Autumn,No Holiday,Yes
15/09/2018,1474,14,25.7,67,1.2,2000,19.1,0.9,0.0,0.0,Autumn,No Holiday,Yes
15/09/2018,1077,15,25.2,71,0.2,2000,19.5,0.41,0.0,0.0,Autumn,No Holiday,Yes
15/09/2018,1273,16,24.4,74,0.6,1996,19.4,0.13,0.0,0.0,Autumn,No Holiday,Yes
15/09/2018,1474,17,24.4,75,0.6,2000,19.6,0.17,0.0,0.0,Autumn,No Holiday,Yes
15/09/2018,1566,18,24.2,76,1.2,2000,19.6,0.12,0.0,0.0,Autumn,No Holiday,Yes
15/09/2018,1578,19,23.8,78,2.2,1991,19.7,0.0,0.0,0.0,Autumn,No Holiday,Yes
15/09/2018,1613,20,23.5,80,1.7,1621,19.8,0.0,0.0,0.0,Autumn,No Holiday,Yes
15/09/2018,1710,21,23.3,80,0.7,1877,19.6,0.0,0.0,0.0,Autumn,No Holiday,Yes
15/09/2018,1566,22,23.1,79,0.6,1891,19.2,0.0,0.0,0.0,Autumn,No Holiday,Yes
15/09/2018,1210,23,22.9,81,0.9,1550,19.4,0.0,0.0,0.0,Autumn,No Holiday,Yes
16/09/2018,1014,0,22.8,82,1.5,935,19.5,0.0,0.0,0.0,Autumn,No Holiday,Yes
16/09/2018,764,1,22.8,84,0.9,827,19.9,0.0,0.0,0.0,Autumn,No Holiday,Yes
16/09/2018,432,2,22.8,85,0.8,708,20.1,0.0,0.0,0.0,Autumn,No Holiday,Yes
16/09/2018,258,3,22.6,89,0.6,578,20.6,0.0,0.2,0.0,Autumn,No Holiday,Yes
16/09/2018,188,4,22.5,89,0.7,444,20.5,0.0,0.3,0.0,Autumn,No Holiday,Yes
16/09/2018,123,5,22.2,90,1.4,514,20.4,0.0,0.0,0.0,Autumn,No Holiday,Yes
16/09/2018,137,6,22.0,90,1.3,471,20.2,0.0,0.0,0.0,Autumn,No Holiday,Yes
16/09/2018,258,7,21.9,95,1.3,424,21.0,0.02,0.0,0.0,Autumn,No Holiday,Yes
16/09/2018,464,8,21.9,88,1.6,601,19.8,0.17,0.0,0.0,Autumn,No Holiday,Yes
16/09/2018,725,9,22.3,84,1.9,751,19.4,0.47,0.0,0.0,Autumn,No Holiday,Yes
16/09/2018,813,10,22.9,74,1.3,1162,18.0,0.84,0.0,0.0,Autumn,No Holiday,Yes
16/09/2018,1014,11,23.4,61,2.1,1964,15.4,0.91,0.0,0.0,Autumn,No Holiday,Yes
16/09/2018,989,12,23.7,64,1.9,1474,16.4,0.79,0.0,0.0,Autumn,No Holiday,Yes
16/09/2018,754,13,23.6,66,2.1,1689,16.8,0.87,0.0,0.0,Autumn,No Holiday,Yes
16/09/2018,409,14,23.4,72,2.2,682,18.0,0.73,0.0,0.0,Autumn,No Holiday,Yes
16/09/2018,222,15,23.2,83,1.5,349,20.1,0.77,0.5,0.0,Autumn,No Holiday,Yes
16/09/2018,142,16,22.5,86,2.5,342,20.0,0.47,0.0,0.0,Autumn,No Holiday,Yes
16/09/2018,322,17,22.0,89,2.2,285,20.0,0.21,1.0,0.0,Autumn,No Holiday,Yes
16/09/2018,520,18,21.5,89,3.0,350,19.6,0.18,0.0,0.0,Autumn,No Holiday,Yes
16/09/2018,852,19,21.2,87,2.7,479,18.9,0.01,0.0,0.0,Autumn,No Holiday,Yes
16/09/2018,1073,20,21.1,88,1.7,404,19.0,0.0,0.0,0.0,Autumn,No Holiday,Yes
16/09/2018,1146,21,21.2,88,1.7,373,19.1,0.0,0.0,0.0,Autumn,No Holiday,Yes
16/09/2018,988,22,21.4,87,2.4,540,19.1,0.0,0.0,0.0,Autumn,No Holiday,Yes
16/09/2018,571,23,21.3,80,2.6,1203,17.7,0.0,0.0,0.0,Autumn,No Holiday,Yes
17/09/2018,531,0,21.0,82,1.8,958,17.8,0.0,0.0,0.0,Autumn,No Holiday,Yes
17/09/2018,337,1,20.5,73,1.9,1693,15.4,0.0,0.0,0.0,Autumn,No Holiday,Yes
17/09/2018,227,2,20.3,81,1.9,1234,16.9,0.0,0.1,0.0,Autumn,No Holiday,Yes
17/09/2018,186,3,20.2,82,1.4,1202,17.0,0.0,0.0,0.0,Autumn,No Holiday,Yes
17/09/2018,160,4,20.0,81,2.0,1313,16.6,0.0,0.0,0.0,Autumn,No Holiday,Yes
17/09/2018,246,5,19.4,84,1.6,1252,16.6,0.0,0.0,0.0,Autumn,No Holiday,Yes
17/09/2018,625,6,18.8,88,1.2,798,16.7,0.0,0.0,0.0,Autumn,No Holiday,Yes
17/09/2018,1487,7,18.5,88,1.4,695,16.4,0.08,0.0,0.0,Autumn,No Holiday,Yes
17/09/2018,2276,8,18.9,77,0.6,1109,14.7,0.56,0.0,0.0,Autumn,No Holiday,Yes
17/09/2018,1185,9,20.5,66,1.1,1711,13.9,1.12,0.0,0.0,Autumn,No Holiday,Yes
17/09/2018,868,10,21.7,60,1.7,1540,13.5,1.44,0.0,0.0,Autumn,No Holiday,Yes
17/09/2018,954,11,23.8,54,2.1,1626,13.9,2.55,0.0,0.0,Autumn,No Holiday,Yes
17/09/2018,1083,12,25.2,50,1.7,1710,14.0,2.83,0.0,0.0,Autumn,No Holiday,Yes
17/09/2018,1069,13,25.6,50,3.8,1876,14.3,2.82,0.0,0.0,Autumn,No Holiday,Yes
17/09/2018,1092,14,26.7,40,3.3,1822,11.9,2.8,0.0,0.0,Autumn,No Holiday,Yes
17/09/2018,1207,15,27.4,33,2.7,1955,9.6,2.5,0.0,0.0,Autumn,No Holiday,Yes
17/09/2018,1445,16,27.6,37,2.8,1935,11.5,1.9,0.0,0.0,Autumn,No Holiday,Yes
17/09/2018,2056,17,27.3,43,2.6,2000,13.6,1.25,0.0,0.0,Autumn,No Holiday,Yes
17/09/2018,3277,18,25.3,56,2.8,1992,15.8,0.54,0.0,0.0,Autumn,No Holiday,Yes
17/09/2018,2489,19,23.0,63,3.1,2000,15.5,0.03,0.0,0.0,Autumn,No Holiday,Yes
17/09/2018,2232,20,21.9,65,2.5,1986,15.0,0.0,0.0,0.0,Autumn,No Holiday,Yes
17/09/2018,2100,21,21.3,66,2.3,1989,14.6,0.0,0.0,0.0,Autumn,No Holiday,Yes
17/09/2018,1865,22,20.8,65,0.9,2000,13.9,0.0,0.0,0.0,Autumn,No Holiday,Yes
17/09/2018,1293,23,20.2,68,1.2,1963,14.0,0.0,0.0,0.0,Autumn,No Holiday,Yes
18/09/2018,0,0,19.5,73,1.2,1916,14.5,0.0,0.0,0.0,Autumn,No Holiday,No
18/09/2018,0,1,19.3,71,0.4,1912,13.9,0.0,0.0,0.0,Autumn,No Holiday,No
18/09/2018,0,2,18.8,74,0.2,1866,14.0,0.0,0.0,0.0,Autumn,No Holiday,No
18/09/2018,0,3,18.7,76,0.5,1916,14.3,0.0,0.0,0.0,Autumn,No Holiday,No
18/09/2018,0,4,18.3,78,0.4,1906,14.3,0.0,0.0,0.0,Autumn,No Holiday,No
18/09/2018,0,5,17.9,77,0.5,1658,13.8,0.0,0.0,0.0,Autumn,No Holiday,No
18/09/2018,0,6,17.7,77,0.2,1757,13.6,0.0,0.0,0.0,Autumn,No Holiday,No
18/09/2018,0,7,17.8,76,0.5,1729,13.5,0.08,0.0,0.0,Autumn,No Holiday,No
18/09/2018,0,8,18.7,73,0.9,1501,13.7,0.34,0.0,0.0,Autumn,No Holiday,No
18/09/2018,0,9,20.8,64,1.1,1205,13.7,1.13,0.0,0.0,Autumn,No Holiday,No
18/09/2018,0,10,22.7,54,1.0,1619,12.9,1.74,0.0,0.0,Autumn,No Holiday,No
18/09/2018,0,11,24.1,46,2.1,1678,11.7,2.03,0.0,0.0,Autumn,No Holiday,No
18/09/2018,0,12,24.7,43,1.8,1809,11.2,1.75,0.0,0.0,Autumn,No Holiday,No
18/09/2018,0,13,25.6,40,2.5,1704,10.9,2.18,0.0,0.0,Autumn,No Holiday,No
18/09/2018,0,14,26.1,37,2.3,1749,10.2,1.92,0.0,0.0,Autumn,No Holiday,No
18/09/2018,0,15,26.1,43,2.8,1785,12.5,1.62,0.0,0.0,Autumn,No Holiday,No
18/09/2018,0,16,26.4,34,2.5,1953,9.2,1.6,0.0,0.0,Autumn,No Holiday,No
18/09/2018,0,17,25.5,38,2.9,1997,10.1,0.92,0.0,0.0,Autumn,No Holiday,No
18/09/2018,0,18,24.8,48,1.4,2000,13.0,0.51,0.0,0.0,Autumn,No Holiday,No
18/09/2018,0,19,23.2,57,2.2,2000,14.2,0.03,0.0,0.0,Autumn,No Holiday,No
18/09/2018,0,20,22.6,58,1.4,2000,13.9,0.0,0.0,0.0,Autumn,No Holiday,No
18/09/2018,0,21,22.1,61,1.5,2000,14.2,0.0,0.0,0.0,Autumn,No Holiday,No
18/09/2018,0,22,21.8,65,0.3,2000,14.9,0.0,0.0,0.0,Autumn,No Holiday,No
18/09/2018,0,23,21.2,69,1.3,1999,15.2,0.0,0.0,0.0,Autumn,No Holiday,No
