Country,Year,Status,Life expectancy,Adult Mortality,infant deaths,Alcohol,percentage expenditure,Hepatitis B,Measles , BMI ,under-five deaths ,Polio,Total expenditure,Diphtheria , HIV/AIDS,GDP,Population, thinness  1-19 years, thinness 5-9 years,Income composition of resources,Schooling
Afghanistan,2015,Developing,65.0,263,62,0.01,71.27962362,65.0,1154,19.1,83,6.0,8.16,65.0,0.1,584.25921,33736494.0,17.2,17.3,0.479,10.1
Afghanistan,2014,Developing,59.9,271,64,0.01,73.52358168,62.0,492,18.6,86,58.0,8.18,62.0,0.1,612.696514,327582.0,17.5,17.5,0.476,10.0
Afghanistan,2010,Developing,58.8,279,74,0.01,79.67936736,66.0,1989,16.7,102,66.0,9.2,66.0,0.1,553.32894,2883167.0,18.4,18.4,0.448,9.2
Afghanistan,2001,Developing,55.3,316,88,0.01,10.5747282,63.0,8762,12.6,122,35.0,7.8,33.0,0.1,117.49698,2966463.0,2.1,2.4,0.34,5.9
Afghanistan,2002,Developing,56.2,3,88,0.01,16.88735091,64.0,2486,13.0,122,36.0,7.76,36.0,0.1,187.84595,21979923.0,19.9,2.2,0.341,6.2
Afghanistan,2004,Developing,57.0,293,87,0.02,15.29606643,67.0,466,13.8,120,5.0,8.79,5.0,0.1,219.1413528,24118979.0,19.5,19.7,0.381,6.8
Afghanistan,2007,Developing,57.5,295,82,0.02,10.91015598,63.0,1141,15.2,113,63.0,6.73,63.0,0.1,369.835796,26616792.0,19.0,19.1,0.415,8.4
Afghanistan,2006,Developing,57.3,295,84,0.03,17.17151751,64.0,1990,14.7,116,58.0,7.43,58.0,0.1,272.56377,2589345.0,19.2,19.3,0.405,8.1
Albania,2009,Developing,76.1,91,1,5.79,348.0559517,98.0,0,53.5,1,98.0,5.79,98.0,0.1,4114.136545,2927519.0,1.5,1.6,0.721,12.2
Albania,2013,Developing,77.2,84,0,4.76,430.8769785,99.0,0,56.5,1,99.0,5.66,99.0,0.1,4414.72314,289592.0,1.3,1.4,0.759,14.2
Albania,2007,Developing,75.9,9,1,5.58,32.24655228,98.0,22,51.7,1,99.0,6.1,98.0,0.1,363.13685,29717.0,1.6,1.7,0.703,11.6
Albania,2002,Developing,73.3,15,1,3.73,104.5169157,96.0,16,46.9,1,98.0,6.3,98.0,0.1,1453.642777,3511.0,2.0,2.1,0.67,10.7
Albania,2006,Developing,74.2,99,1,5.31,3.3021542,98.0,68,5.8,1,97.0,5.86,97.0,0.1,35.1293,2992547.0,1.7,1.8,0.696,11.4
Albania,2003,Developing,72.8,18,1,4.29,14.71928882,97.0,8,47.9,1,97.0,6.27,97.0,0.1,189.681557,339616.0,1.9,2.0,0.674,10.7
Albania,2005,Developing,73.5,15,1,5.16,26.99312143,98.0,6,49.9,1,97.0,6.12,98.0,0.1,279.142931,311487.0,1.8,1.8,0.685,10.8
Albania,2012,Developing,76.9,86,0,5.14,412.4433563,99.0,9,55.8,1,99.0,5.59,99.0,0.1,4247.61438,2941.0,1.3,1.4,0.752,14.2
Algeria,2014,Developing,75.4,11,21,0.01,54.2373183,95.0,0,58.4,24,95.0,7.21,95.0,0.1,547.8517,39113313.0,6.0,5.8,0.741,14.4
Algeria,2002,Developing,71.6,145,20,0.36,148.5119843,,5862,46.1,23,86.0,3.73,86.0,0.1,1774.33673,3199546.0,6.3,6.2,0.653,11.1
Algeria,2007,Developing,73.8,129,20,0.44,320.3239241,9.0,0,5.8,23,95.0,3.82,95.0,0.1,3935.183343,34376.0,6.0,5.9,0.69,12.3
Algeria,2010,Developing,74.7,119,21,0.45,430.7175861,95.0,103,53.9,24,95.0,5.12,95.0,0.1,4463.394675,36117637.0,5.9,5.8,0.714,13.6
Algeria,2011,Developing,74.9,116,21,0.56,509.0020405,95.0,112,55.0,24,95.0,5.29,95.0,0.1,5432.2523,36819558.0,5.9,5.8,0.724,14.0
Algeria,2001,Developing,71.4,145,20,0.23,147.9860714,,2686,45.3,24,89.0,3.84,89.0,0.1,1732.857979,31592153.0,6.4,6.3,0.644,10.9
Algeria,2015,Developing,75.6,19,21,,0.0,95.0,63,59.5,24,95.0,,95.0,0.1,4132.76292,39871528.0,6.0,5.8,0.743,14.4
Algeria,2008,Developing,74.1,126,20,0.46,43.08717334,91.0,217,51.8,23,92.0,4.2,93.0,0.1,495.254866,3486715.0,6.0,5.9,0.697,12.6
Angola,2015,Developing,52.4,335,66,,0.0,64.0,118,23.3,98,7.0,,64.0,1.9,3695.793748,2785935.0,8.3,8.2,0.531,11.4
Angola,2010,Developing,49.6,365,78,7.8,191.6537407,77.0,1190,2.4,121,81.0,3.39,77.0,2.5,3529.53482,23369131.0,9.1,9.0,0.488,9.0
Angola,2013,Developing,51.1,355,69,8.1,35.95857279,77.0,8523,22.1,105,67.0,4.26,77.0,2.3,484.616884,2599834.0,8.6,8.5,0.523,11.4
Angola,2001,Developing,45.7,44,97,2.58,30.35993647,,9046,15.8,159,41.0,5.38,38.0,2.1,526.168743,16983266.0,1.7,1.7,0.391,5.1
Angola,2003,Developing,46.8,388,95,3.49,35.93349121,,1196,16.8,155,4.0,4.41,4.0,2.4,779.468356,1823369.0,1.4,1.3,0.406,5.9
Angola,2008,Developing,48.7,371,84,7.07,249.9101958,69.0,265,19.3,133,65.0,3.84,69.0,2.6,3868.578883,2175942.0,9.5,9.4,0.468,8.1
Angola,2011,Developing,51.0,361,75,8.06,239.8913921,72.0,1449,21.0,115,73.0,3.38,71.0,2.5,4299.12889,24218565.0,8.9,8.8,0.495,9.4
Angola,2005,Developing,47.4,382,92,5.04,98.19145117,,258,17.7,148,39.0,4.1,38.0,2.6,1443.991929,19552542.0,1.0,9.9,0.426,6.8
Antigua and Barbuda,2001,Developing,73.8,154,0,7.51,163.7676978,96.0,0,38.9,0,99.0,4.48,97.0,0.1,9358.154162,,3.6,3.5,0.0,0.0
Antigua and Barbuda,2005,Developing,74.6,147,0,8.15,1455.608186,99.0,0,41.4,0,98.0,4.41,99.0,0.1,11371.93895,,3.5,3.4,0.0,0.0
Antigua and Barbuda,2011,Developing,75.7,136,0,7.84,1810.875316,99.0,0,45.1,0,99.0,5.65,99.0,0.1,11929.34991,,3.3,3.3,0.782,14.1
Antigua and Barbuda,2000,Developing,73.6,156,0,7.27,1127.74347,,0,38.2,0,96.0,4.13,95.0,0.1,9875.161736,,3.7,3.6,0.0,0.0
Antigua and Barbuda,2010,Developing,75.6,138,0,7.84,1983.956937,98.0,0,44.4,0,99.0,5.63,98.0,0.1,12126.87614,,3.3,3.3,0.783,14.1
Antigua and Barbuda,2007,Developing,75.0,144,0,8.64,257.9665308,97.0,0,42.6,0,98.0,4.27,99.0,0.1,14252.29452,,3.4,3.3,0.781,14.5
Antigua and Barbuda,2006,Developing,74.8,145,0,8.93,216.3146941,99.0,0,42.0,0,99.0,4.34,99.0,0.1,12724.39377,,3.4,3.4,0.773,14.7
Antigua and Barbuda,2002,Developing,74.0,153,0,7.21,927.4075855,99.0,0,39.5,0,93.0,4.41,98.0,0.1,9386.716452,,3.6,3.5,0.0,0.0
Argentina,2013,Developing,76.0,119,8,8.28,1001.796332,94.0,0,61.6,10,99.0,4.99,94.0,0.1,12976.63642,42539925.0,1.0,0.9,0.823,17.3
Argentina,2007,Developing,74.8,129,10,8.16,1105.659031,85.0,0,58.0,12,92.0,6.49,91.0,0.1,7193.61764,3997224.0,1.1,0.9,0.788,16.3
Argentina,2011,Developing,75.7,12,9,8.11,1504.329462,91.0,3,6.4,10,93.0,5.89,91.0,0.1,12726.9836,41656879.0,1.0,0.9,0.816,17.1
Argentina,2003,Developing,74.1,137,11,7.62,57.58467352,73.0,0,55.7,13,95.0,8.22,96.0,0.1,333.4376,3839379.0,1.2,1.0,0.77,16.4
Argentina,2015,Developing,76.3,116,8,,0.0,94.0,0,62.8,9,93.0,,94.0,0.1,13467.1236,43417765.0,1.0,0.9,0.826,17.3
Argentina,2005,Developing,74.9,127,11,7.53,96.16653429,88.0,0,56.9,12,95.0,6.85,98.0,0.1,576.883829,39145488.0,1.1,1.0,0.78,16.3
Argentina,2009,Developing,75.6,126,10,8.33,1398.042623,94.0,3,59.2,11,97.0,7.63,94.0,0.1,8161.36966,479947.0,1.0,0.9,0.794,16.5
Argentina,2010,Developing,75.5,121,10,8.15,187.610955,94.0,17,59.8,11,95.0,6.55,94.0,0.1,1276.265,41223889.0,1.0,0.9,0.802,16.8
Armenia,2001,Developing,72.6,141,1,2.86,53.19373012,69.0,69,47.4,1,97.0,5.94,94.0,0.1,694.435119,35655.0,2.1,2.1,0.644,11.1
Armenia,2002,Developing,72.6,134,1,2.86,57.17810403,91.0,40,47.8,1,96.0,5.4,94.0,0.1,783.261699,333897.0,2.1,2.1,0.645,10.8
Armenia,2013,Developing,74.4,123,1,3.79,279.4290812,95.0,10,53.3,1,96.0,4.55,95.0,0.1,3843.591213,289359.0,2.1,2.1,0.736,12.7
Armenia,2012,Developing,74.4,121,1,3.89,274.1526986,95.0,0,52.6,1,96.0,4.48,95.0,0.1,3684.8481,2881922.0,2.0,2.1,0.732,12.7
Armenia,2010,Developing,73.5,132,1,4.23,224.3212014,94.0,2,51.2,1,96.0,4.56,94.0,0.1,3218.381655,2877311.0,2.0,2.1,0.72,12.3
Armenia,2000,Developing,72.0,142,1,2.9,32.75626853,55.0,15,47.1,1,96.0,6.25,93.0,0.1,622.7427477,369588.0,2.1,2.2,0.639,11.2
Armenia,2009,Developing,73.3,137,1,3.96,201.1855461,93.0,0,5.7,1,94.0,4.55,93.0,0.1,2993.832531,2888584.0,2.0,2.1,0.725,11.9
Armenia,2004,Developing,73.0,132,1,3.81,97.74087744,91.0,1783,48.4,1,93.0,5.5,91.0,0.1,1191.96192,3612.0,2.0,2.1,0.668,10.9
Australia,2004,Developed,86.0,69,1,9.84,588.568371,95.0,70,6.9,1,92.0,8.57,92.0,0.1,3472.37977,21274.0,0.7,0.6,0.908,20.7
Australia,2006,Developed,81.2,66,1,10.31,6187.062017,95.0,0,62.0,2,92.0,8.49,92.0,0.1,36118.28381,26979.0,0.7,0.6,0.915,20.3
Australia,2002,Developed,79.9,73,1,9.84,46.3871819,95.0,32,59.6,2,92.0,8.39,92.0,0.1,281.81763,196514.0,0.7,0.7,0.902,20.1
Australia,2010,Developed,81.9,64,1,10.52,8875.786493,92.0,70,63.9,1,92.0,9.2,92.0,0.1,51874.848,223175.0,0.7,0.6,0.927,19.5
Australia,2007,Developed,81.3,66,1,10.56,872.5986092,94.0,11,62.5,2,92.0,8.53,92.0,0.1,4991.98289,28276.0,0.7,0.6,0.918,19.0
Australia,2012,Developed,82.3,61,1,10.03,11714.99858,91.0,199,65.0,1,92.0,9.36,92.0,0.1,67677.63477,22728254.0,0.6,0.6,0.93,20.1
Australia,2005,Developed,81.0,67,1,10.3,579.1331637,95.0,10,61.5,2,92.0,8.45,92.0,0.1,3416.71483,23948.0,0.7,0.6,0.91,20.3
Australia,2014,Developed,82.7,6,1,9.71,10769.36305,91.0,340,66.1,1,92.0,9.42,92.0,0.1,62214.6912,2346694.0,0.6,0.6,0.936,20.4
Austria,2012,Developed,88.0,7,0,12.26,7878.372355,92.0,36,56.1,0,92.0,11.17,92.0,0.1,48333.57273,8429991.0,1.8,2.0,0.884,15.7
Austria,2014,Developed,81.4,66,0,12.32,8350.193523,98.0,117,57.1,0,98.0,11.21,98.0,0.1,51322.63997,8541575.0,1.8,2.0,0.892,15.9
Austria,2004,Developed,79.3,86,0,12.1,5316.877456,83.0,15,52.2,0,83.0,1.56,83.0,0.1,36693.4262,8171966.0,1.7,1.9,0.841,14.7
Austria,2007,Developed,81.0,8,0,12.5,7453.8644,85.0,20,53.7,0,85.0,1.4,85.0,0.1,46586.6525,8295487.0,1.7,1.9,0.86,15.2
Austria,2002,Developed,78.7,9,0,12.5,3979.057728,81.0,0,51.2,0,82.0,1.27,83.0,0.1,26351.37568,881957.0,1.7,1.9,0.847,16.1
Austria,2015,Developed,81.5,65,0,,0.0,93.0,309,57.6,0,93.0,,93.0,0.1,43665.947,8633169.0,1.9,2.1,0.892,15.9
Austria,2006,Developed,79.8,81,0,12.4,69.92899358,83.0,23,53.2,0,83.0,1.35,83.0,0.1,443.99361,8268641.0,1.7,1.9,0.854,15.0
Austria,2005,Developed,79.4,85,0,12.4,5992.588029,86.0,9,52.7,0,86.0,1.53,86.0,0.1,38242.4252,8227829.0,1.7,1.9,0.848,14.9
Azerbaijan,2003,Developing,67.8,154,7,0.55,42.41491183,51.0,1978,43.6,8,79.0,6.56,77.0,0.1,883.6439965,82341.0,3.0,3.0,0.659,10.8
Azerbaijan,2002,Developing,67.8,146,7,0.55,39.33253687,5.0,4353,43.1,9,8.0,4.47,76.0,0.1,763.73858,817195.0,3.1,3.1,0.651,10.6
Azerbaijan,2014,Developing,72.5,119,5,0.01,306.1824313,94.0,0,51.5,6,97.0,6.4,94.0,0.1,7891.299776,953579.0,2.8,2.9,0.752,12.2
Azerbaijan,2010,Developing,71.1,13,5,1.98,246.5686008,8.0,0,48.0,6,85.0,5.33,81.0,0.1,5842.85784,954332.0,2.8,2.9,0.737,11.7
Azerbaijan,2012,Developing,71.9,123,5,0.01,285.6103912,88.0,0,49.7,6,92.0,5.37,89.0,0.1,7496.335728,9295784.0,2.8,2.8,0.742,11.8
Azerbaijan,2001,Developing,67.5,151,8,0.51,4.104190077,,574,42.6,10,77.0,4.48,77.0,0.1,73.6838434,81112.0,3.1,3.1,0.642,10.4
Azerbaijan,2008,Developing,73.0,141,6,1.18,206.2616134,68.0,5,46.6,6,85.0,4.37,81.0,0.1,5574.6382,87634.0,2.8,2.9,0.719,11.6
Azerbaijan,2005,Developing,68.4,162,6,0.73,81.28883085,49.0,1238,44.7,7,79.0,7.86,75.0,0.1,1578.4239,839185.0,2.9,3.0,0.675,11.2
Bahamas,2008,Developing,74.5,167,0,10.15,0.0,9.0,0,6.1,0,93.0,7.3,93.0,0.1,,,2.5,2.5,0.791,12.6
Bahamas,2006,Developing,74.2,171,0,11.07,0.0,96.0,0,58.7,0,94.0,6.93,95.0,0.1,,,2.5,2.5,0.788,12.4
Bahamas,2015,Developing,76.1,147,0,,0.0,95.0,0,64.5,0,95.0,,95.0,0.1,,,2.5,2.5,0.79,12.6
Bahamas,2007,Developing,74.4,167,0,10.75,0.0,93.0,0,59.4,0,95.0,7.8,95.0,0.1,,,2.5,2.5,0.79,12.5
Bahamas,2011,Developing,75.0,162,0,9.34,0.0,95.0,0,62.0,0,97.0,7.63,98.0,0.1,,,2.5,2.5,0.788,12.6
Bahamas,2002,Developing,73.1,19,0,10.85,0.0,89.0,0,56.0,0,93.0,5.26,94.0,0.1,,,2.6,2.6,0.781,12.1
Bahamas,2014,Developing,75.4,16,0,9.45,0.0,96.0,0,63.8,0,96.0,7.74,96.0,0.1,,,2.5,2.5,0.789,12.6
Bahamas,2004,Developing,73.8,174,0,10.1,0.0,93.0,0,57.4,0,92.0,6.2,93.0,0.1,,,2.6,2.5,0.784,12.3
Bahrain,2014,Developing,76.8,7,0,1.57,367.2556742,98.0,46,62.9,0,98.0,4.98,98.0,0.1,24983.3792,,6.1,6.0,0.82,14.5
Bahrain,2013,Developing,76.7,7,0,1.65,3.968695982,99.0,0,62.2,0,99.0,4.69,99.0,0.1,251.18329,,6.1,6.0,0.815,14.5
Bahrain,2008,Developing,75.8,76,0,2.0,231.5478912,97.0,2,58.5,0,97.0,3.17,97.0,0.1,2367.56535,,6.0,5.9,0.815,14.4
Bahrain,2011,Developing,76.1,76,0,1.66,197.7734681,99.0,0,6.8,0,99.0,3.4,99.0,0.1,2281.1242,,6.1,6.0,0.812,14.4
Bahrain,2007,Developing,75.6,77,0,2.0,278.3602806,97.0,7,57.6,0,97.0,3.8,97.0,0.1,2977.1153,,6.1,5.9,0.813,14.4
Bahrain,2000,Developing,74.5,92,0,2.15,167.7270642,97.0,6,54.5,0,97.0,3.51,97.0,0.1,13636.34668,,6.2,6.0,0.786,13.2
Bahrain,2015,Developing,76.9,69,0,,0.0,98.0,0,63.6,0,98.0,,98.0,0.1,22688.87824,,6.2,6.1,0.823,14.5
Bahrain,2005,Developing,75.3,81,0,2.05,1553.468944,98.0,4,56.1,0,98.0,3.16,98.0,0.1,17959.17854,,6.1,5.9,0.806,14.0
Bangladesh,2000,Developing,65.3,173,231,0.01,3.69633051,,5098,1.4,316,83.0,2.33,82.0,0.1,45.63371,131581243.0,2.9,21.5,0.459,7.3
Bangladesh,2014,Developing,71.4,132,98,0.01,10.44640334,97.0,289,17.7,121,97.0,2.82,97.0,0.1,184.56543,15945279.0,18.1,18.6,0.57,10.0
Bangladesh,2006,Developing,68.2,152,164,0.01,42.3304549,86.0,6192,13.0,215,95.0,2.8,94.0,0.1,494.51466,1453684.0,19.7,2.3,0.506,8.4
Bangladesh,2004,Developing,67.3,158,185,0.01,4.11469667,11.0,9743,12.0,247,88.0,2.62,99.0,0.1,46.7579167,14137489.0,2.1,2.7,0.491,8.1
Bangladesh,2011,Developing,73.0,14,118,0.01,62.34988484,96.0,5625,15.8,150,96.0,3.16,96.0,0.1,835.789341,153911916.0,18.7,19.2,0.545,9.4
Bangladesh,2015,Developing,71.8,129,92,,0.0,97.0,240,18.3,113,97.0,,97.0,0.1,121.15812,1612886.0,17.9,18.3,0.575,10.2
Bangladesh,2005,Developing,67.8,155,174,0.01,38.05462002,45.0,25934,12.5,231,94.0,2.68,93.0,0.1,484.155471,14343111.0,19.9,2.5,0.499,8.2
Bangladesh,2008,Developing,69.1,147,144,0.01,42.48865034,96.0,2660,14.0,186,96.0,2.85,96.0,0.1,615.7775411,14885814.0,19.3,19.9,0.52,8.6
Barbados,2013,Developing,75.2,11,0,8.74,263.0372838,91.0,0,53.0,0,91.0,7.57,91.0,0.1,15472.7814,,3.8,3.8,0.792,15.3
Barbados,2009,Developing,74.6,19,0,8.46,327.1618128,93.0,0,49.9,0,93.0,6.21,93.0,0.1,16523.32388,,3.8,3.8,0.779,15.5
Barbados,2000,Developing,73.3,127,0,7.43,1140.615754,,0,43.0,0,86.0,5.16,93.0,0.9,11568.1111,,4.3,4.2,0.741,14.0
Barbados,2011,Developing,74.9,14,0,8.51,173.9825629,91.0,0,51.4,0,91.0,6.67,91.0,0.1,15534.1574,,3.8,3.8,0.78,15.5
Barbados,2006,Developing,74.1,115,0,8.39,181.5000856,84.0,0,47.7,0,85.0,5.27,84.0,0.1,15646.5591,,4.0,3.9,0.766,14.8
Barbados,2014,Developing,75.4,1,0,8.82,294.9056584,94.0,0,53.7,0,95.0,7.47,94.0,0.1,15359.66971,,3.8,3.7,0.793,15.3
Barbados,2002,Developing,73.5,123,0,7.59,133.099491,66.0,0,44.6,0,86.0,5.76,87.0,0.8,11675.39395,,4.2,4.1,0.749,14.0
Barbados,2003,Developing,73.7,121,0,7.65,13.5139917,91.0,0,45.4,0,9.0,5.82,89.0,0.4,1228.5447,,4.1,4.1,0.753,14.2
Belarus,2009,Developing,70.0,226,0,14.09,434.7985025,98.0,0,58.7,1,98.0,6.9,96.0,0.1,5176.172649,956765.0,2.1,2.2,0.771,15.4
Belarus,2001,Developing,67.7,254,1,10.74,14.06141699,93.0,45,54.9,1,99.0,6.62,99.0,0.1,1244.373185,9928549.0,2.6,2.7,0.681,13.3
Belarus,2007,Developing,69.8,226,1,14.22,464.077513,91.0,1,57.7,1,9.0,6.44,95.0,0.1,4735.484827,956953.0,2.2,2.3,0.739,14.9
Belarus,2010,Developing,73.0,222,0,14.44,8.49409518,96.0,1,59.3,1,99.0,5.55,98.0,0.1,63.38877,949583.0,2.0,2.2,0.78,15.5
Belarus,2003,Developing,67.7,253,1,11.17,23.83578594,56.0,21,55.8,1,53.0,6.59,5.0,0.1,1819.525644,9796749.0,2.5,2.6,0.695,13.9
Belarus,2012,Developing,71.9,194,0,16.35,91.70962117,97.0,10,6.5,1,98.0,5.1,98.0,0.1,694.243915,9464495.0,2.0,2.1,0.793,15.6
Belarus,2005,Developing,68.1,252,1,11.01,45.65007798,99.0,1,56.7,1,98.0,6.89,99.0,0.1,3126.71767,9663915.0,2.3,2.5,0.713,14.4
Belarus,2000,Developing,68.0,247,1,12.98,24.24947846,7.0,21,54.4,1,99.0,6.13,99.0,0.1,1276.28834,997961.0,2.7,2.8,0.675,13.1
Belgium,2008,Developed,79.5,87,0,10.47,7191.051507,98.0,98,61.3,1,99.0,9.6,99.0,0.1,48424.58927,179973.0,0.8,0.8,0.874,15.8
Belgium,2001,Developed,78.0,1,1,11.01,2943.375396,6.0,83,58.5,1,96.0,8.29,95.0,0.1,23121.56635,128657.0,0.8,0.8,0.873,18.2
Belgium,2003,Developed,78.3,95,0,11.28,507.306164,64.0,44,59.4,1,96.0,9.3,95.0,0.1,3743.95693,1376133.0,0.8,0.8,0.878,18.6
Belgium,2015,Developed,81.1,74,0,,0.0,98.0,47,63.7,1,99.0,,99.0,0.1,4356.875,11274196.0,1.0,1.0,0.895,16.6
Belgium,2005,Developed,78.9,89,0,12.27,5068.214488,77.0,26,6.2,1,97.0,9.24,97.0,0.1,36967.28292,1478617.0,0.8,0.8,0.861,15.7
Belgium,2000,Developed,77.6,11,1,11.21,287.2084529,6.0,0,58.1,1,96.0,8.12,95.0,0.1,2327.4591,125125.0,0.8,0.8,0.869,18.0
Belgium,2007,Developed,79.5,86,0,10.25,640.3560918,94.0,64,6.9,1,99.0,9.25,98.0,0.1,4443.83131,16257.0,0.8,0.8,0.871,15.8
Belgium,2012,Developed,83.0,78,0,10.08,664.4738975,98.0,109,62.6,1,99.0,1.54,99.0,0.1,4474.5717,11128246.0,0.9,0.9,0.886,16.2
Belize,2006,Developing,69.4,184,0,6.48,387.3324928,98.0,0,44.4,0,98.0,4.4,98.0,0.6,4187.3783,29747.0,3.6,3.5,0.692,12.3
Belize,2003,Developing,68.4,21,0,5.67,312.7995946,96.0,0,42.6,0,95.0,4.53,96.0,1.5,3679.99523,26913.0,3.6,3.6,0.684,12.2
Belize,2000,Developing,68.3,196,0,4.79,219.0239836,76.0,0,4.8,0,91.0,3.98,91.0,0.3,3364.423711,247315.0,3.8,3.7,0.668,11.7
Belize,2009,Developing,69.5,184,0,6.85,549.8096097,97.0,0,46.3,0,98.0,5.81,97.0,0.3,4258.788611,313929.0,3.5,3.4,0.7,12.7
Belize,2001,Developing,68.2,21,0,4.9,251.6586929,96.0,0,41.4,0,96.0,4.5,96.0,0.4,3419.275719,254984.0,3.7,3.7,0.677,11.8
Belize,2005,Developing,69.0,191,0,6.25,365.799896,96.0,0,43.8,0,96.0,4.45,96.0,0.8,3933.332215,283277.0,3.6,3.5,0.695,12.8
Belize,2013,Developing,69.8,18,0,6.56,629.2018591,95.0,0,49.3,0,95.0,5.79,95.0,0.2,4688.538443,344181.0,3.4,3.4,0.706,12.9
Belize,2002,Developing,68.5,199,0,4.99,262.8299189,97.0,0,42.0,0,93.0,4.38,89.0,0.1,3556.561825,26226.0,3.7,3.6,0.678,11.9
Benin,2010,Developing,58.7,254,25,1.33,94.25737917,76.0,392,23.0,39,77.0,4.95,76.0,1.4,757.695974,9199259.0,7.8,7.6,0.451,9.5
Benin,2001,Developing,55.5,281,25,1.29,45.33476384,,5859,18.8,40,77.0,4.69,76.0,2.1,378.73654,776733.0,9.5,9.4,0.395,6.6
Benin,2011,Developing,59.1,251,25,1.4,110.2633619,75.0,426,23.5,39,77.0,5.37,75.0,1.4,825.9427854,94682.0,7.6,7.5,0.454,9.8
Benin,2003,Developing,55.8,285,25,1.35,8.931827297,73.0,217,19.7,40,75.0,4.63,73.0,2.1,519.2922847,752555.0,9.1,9.0,0.416,7.7
Benin,2008,Developing,57.6,278,25,1.28,7.615430126,75.0,928,22.0,39,77.0,4.2,75.0,1.8,82.1513498,8696916.0,8.1,8.0,0.444,9.1
Benin,2014,Developing,59.7,252,25,0.01,90.12206791,78.0,786,25.2,39,74.0,4.59,78.0,1.1,943.686575,1286712.0,7.1,6.9,0.475,10.7
Benin,2005,Developing,56.5,285,25,1.13,7.106997355,7.0,210,2.5,39,73.0,4.73,7.0,2.1,61.799977,7982225.0,8.7,8.6,0.43,8.5
Benin,2015,Developing,60.0,249,25,,0.0,82.0,55,25.7,39,78.0,,82.0,1.0,783.94791,1575952.0,6.9,6.8,0.481,10.7
Bhutan,2005,Developing,65.0,254,1,0.73,145.5965445,95.0,11,16.7,1,95.0,5.28,95.0,0.3,1247.61392,656639.0,17.8,18.6,0.0,9.2
Bhutan,2004,Developing,64.2,263,1,0.96,2.586698228,89.0,3,16.1,1,9.0,4.41,89.0,0.3,197.45788,64282.0,18.0,18.8,0.0,8.8
Bhutan,2011,Developing,68.3,225,0,0.23,289.8524057,95.0,10,21.1,1,95.0,4.73,95.0,0.5,2458.45976,7451.0,16.3,17.0,0.572,11.9
Bhutan,2010,Developing,67.9,228,1,0.28,244.0391949,91.0,21,2.3,1,92.0,5.17,91.0,0.5,2178.921383,727641.0,16.6,17.3,0.0,11.4
Bhutan,2000,Developing,62.0,312,1,0.17,93.35872844,98.0,418,13.9,1,98.0,6.91,92.0,0.1,765.8632358,573416.0,19.2,19.9,0.0,7.3
Bhutan,2015,Developing,69.8,211,0,,0.0,99.0,11,24.5,0,98.0,,99.0,0.5,2613.645177,787386.0,15.4,16.0,0.604,12.5
Bhutan,2008,Developing,67.0,234,1,0.21,302.667579,96.0,7,18.8,1,96.0,6.58,96.0,0.4,1795.18137,795.0,17.1,17.8,0.0,10.5
Bhutan,2012,Developing,68.7,223,0,0.01,188.7373664,97.0,1,21.9,1,97.0,3.7,97.0,0.6,2422.816,752967.0,16.1,16.7,0.581,12.3
Bolivia (Plurinational State of),2014,Developing,74.0,189,8,3.62,0.0,98.0,0,51.9,10,99.0,6.33,98.0,0.1,,,1.2,1.1,0.666,13.8
Bolivia (Plurinational State of),2001,Developing,63.3,238,14,2.2,0.0,77.0,0,43.3,19,71.0,6.31,71.0,0.1,,,1.5,1.4,0.607,13.7
Bolivia (Plurinational State of),2003,Developing,64.5,23,13,2.37,0.0,8.0,0,44.7,17,82.0,5.3,88.0,0.2,,,1.4,1.3,0.617,14.4
Bolivia (Plurinational State of),2010,Developing,68.7,22,9,3.95,0.0,91.0,0,49.3,12,9.0,5.44,91.0,0.2,,,1.2,1.1,0.643,13.8
Bolivia (Plurinational State of),2015,Developing,77.0,186,8,,0.0,99.0,0,52.6,10,99.0,,99.0,0.1,,,1.2,1.1,0.671,13.8
Bolivia (Plurinational State of),2012,Developing,69.8,194,8,3.89,0.0,93.0,0,5.6,11,93.0,5.56,93.0,0.1,,,1.2,1.1,0.655,13.8
Bolivia (Plurinational State of),2002,Developing,63.9,234,14,2.26,0.0,77.0,0,44.0,18,76.0,6.53,77.0,0.1,,,1.4,1.3,0.61,14.0
Bolivia (Plurinational State of),2008,Developing,67.4,211,10,3.77,0.0,88.0,0,48.0,13,87.0,5.0,88.0,0.2,,,1.3,1.1,0.632,14.0
Bosnia and Herzegovina,2006,Developing,75.7,1,0,4.82,38.25414065,9.0,17,51.0,0,91.0,8.28,87.0,0.1,344.321698,3779468.0,2.9,2.8,0.697,12.7
Bosnia and Herzegovina,2003,Developing,75.2,12,0,4.14,39.86518043,,18,49.4,0,87.0,7.94,87.0,0.1,2214.732246,3779247.0,3.0,3.0,0.0,12.1
Bosnia and Herzegovina,2004,Developing,75.5,99,0,4.25,3.479918859,36.0,28,49.9,0,87.0,9.4,84.0,0.1,265.642661,3781287.0,3.0,3.0,0.0,12.3
Bosnia and Herzegovina,2009,Developing,76.1,97,0,4.75,645.021302,9.0,22,52.6,0,9.0,9.64,9.0,0.1,4697.89732,3746561.0,2.7,2.7,0.716,13.3
Bosnia and Herzegovina,2002,Developing,75.4,11,0,3.84,151.1399301,,28,48.8,0,86.0,7.1,8.0,0.1,1761.537647,377587.0,3.1,3.1,0.0,11.9
Bosnia and Herzegovina,2014,Developing,77.2,89,0,4.03,732.8662491,89.0,3000,55.3,0,86.0,9.57,86.0,0.1,5193.94932,35662.0,2.4,2.4,0.742,14.2
Bosnia and Herzegovina,2011,Developing,76.9,92,0,4.64,7.959131146,88.0,10,53.7,0,89.0,9.71,88.0,0.1,55.156834,3688865.0,2.6,2.5,0.711,13.4
Bosnia and Herzegovina,2015,Developing,77.4,88,0,,0.0,82.0,1677,55.8,0,74.0,,82.0,0.1,4574.9787,3535961.0,2.3,2.3,0.747,14.2
Botswana,2010,Developing,61.1,349,2,5.99,547.0386679,95.0,853,35.2,3,96.0,5.64,95.0,6.2,6346.15624,214866.0,8.0,7.8,0.669,12.3
Botswana,2014,Developing,65.1,268,2,0.01,662.802194,95.0,1,37.3,2,96.0,5.41,95.0,2.3,7497.762376,2168573.0,6.7,6.4,0.697,12.6
Botswana,2002,Developing,46.0,699,2,6.41,6.3300072,88.0,7,31.1,4,97.0,6.47,97.0,34.6,355.618382,1779953.0,11.4,11.3,0.558,11.9
Botswana,2009,Developing,59.2,393,2,5.01,426.7855662,94.0,184,34.7,3,96.0,6.39,96.0,9.0,5185.729845,1979882.0,8.4,8.2,0.661,12.2
Botswana,2006,Developing,54.8,491,2,6.45,76.31867911,93.0,6,33.2,3,96.0,4.93,96.0,14.4,5374.554867,1884238.0,9.6,9.4,0.61,11.9
Botswana,2013,Developing,64.2,286,2,0.01,1.117811275,95.0,1,36.8,2,96.0,5.84,95.0,2.8,77.625783,212857.0,7.0,6.7,0.693,12.6
Botswana,2005,Developing,51.7,566,2,6.37,629.8425643,92.0,5,32.7,3,96.0,5.62,96.0,20.6,5351.253732,1855852.0,1.0,9.9,0.593,11.9
Botswana,2008,Developing,57.5,427,2,6.56,476.8625872,94.0,0,34.2,3,96.0,5.55,96.0,12.7,5623.379566,1946351.0,8.8,8.6,0.646,12.1
Brazil,2012,Developing,74.5,148,49,7.55,843.1946259,96.0,2,53.6,54,96.0,8.26,95.0,0.1,12291.46685,256983.0,2.8,2.8,0.73,14.2
Brazil,2015,Developing,75.0,142,42,,0.0,96.0,214,56.1,47,98.0,,96.0,0.1,8757.2622,2596218.0,2.7,2.6,0.754,15.2
Brazil,2014,Developing,74.8,144,44,7.32,83.16465362,96.0,876,55.3,49,96.0,8.32,93.0,0.1,1226.61731,24213133.0,2.7,2.7,0.747,15.2
Brazil,2008,Developing,73.4,158,61,7.21,526.3780636,96.0,0,5.3,68,99.0,8.24,99.0,0.1,8787.61375,19297929.0,3.0,3.0,0.704,13.3
Brazil,2000,Developing,75.0,183,111,7.26,179.4777293,94.0,36,43.7,127,99.0,7.3,98.0,0.1,3739.11936,175287587.0,3.4,3.4,0.677,14.1
Brazil,2007,Developing,73.3,159,65,7.19,394.9321299,99.0,0,49.4,73,99.0,8.28,99.0,0.1,7313.557962,19126637.0,3.1,3.0,0.7,13.5
Brazil,2002,Developing,71.4,176,95,7.0,140.9824766,92.0,1,45.3,109,99.0,7.13,99.0,0.1,2819.649531,1815121.0,3.3,3.3,0.692,14.6
Brazil,2011,Developing,74.1,152,51,7.58,1084.999766,98.0,43,52.8,57,98.0,8.9,99.0,0.1,13167.47289,198686688.0,2.9,2.8,0.724,14.0
Brunei Darussalam,2007,Developing,76.0,1,0,0.85,2048.557422,97.0,0,33.2,0,95.0,2.32,99.0,0.1,32672.36717,,6.2,5.7,0.84,14.3
Brunei Darussalam,2010,Developing,76.9,79,0,0.88,2218.364226,96.0,0,36.2,0,99.0,2.73,95.0,0.1,35268.1117,,5.9,5.4,0.845,14.2
Brunei Darussalam,2014,Developing,77.6,8,0,0.01,269.1432784,99.0,1,4.2,0,99.0,2.65,99.0,0.1,4159.8652,,5.7,5.2,0.863,15.0
Brunei Darussalam,2000,Developing,74.4,16,0,0.37,11.79686108,99.0,42,26.1,0,99.0,3.5,99.0,0.1,188.44826,,6.8,6.3,0.818,13.4
Brunei Darussalam,2006,Developing,76.3,93,0,0.67,24.97532919,99.0,0,32.2,0,94.0,2.24,97.0,0.1,398.96692,,6.3,5.8,0.837,14.3
Brunei Darussalam,2009,Developing,76.8,88,0,0.25,1873.686852,96.0,2,35.2,0,99.0,2.85,99.0,0.1,27965.4754,,6.0,5.5,0.841,14.1
Brunei Darussalam,2003,Developing,76.0,89,0,0.12,1406.51194,99.0,24,29.1,0,99.0,3.9,92.0,0.1,18555.56649,,6.6,6.1,0.823,13.4
Brunei Darussalam,2008,Developing,77.2,84,0,0.67,2538.941033,96.0,3,34.2,0,97.0,2.23,98.0,0.1,37951.286,,6.1,5.6,0.84,14.2
Bulgaria,2009,Developed,73.2,152,1,10.93,661.5144334,96.0,2249,62.1,1,94.0,6.78,94.0,0.1,6955.987733,7444443.0,2.0,2.1,0.768,13.8
Bulgaria,2014,Developed,74.3,138,1,12.03,153.1400362,95.0,0,65.1,1,88.0,8.44,88.0,0.1,7853.335191,7223938.0,1.9,1.9,0.787,14.8
Bulgaria,2012,Developed,73.9,139,1,10.99,851.450672,95.0,1,63.9,1,95.0,7.11,95.0,0.1,7378.25539,735888.0,1.9,1.9,0.778,14.3
Bulgaria,2003,Developed,72.0,155,1,11.19,32.38616103,96.0,0,58.6,1,96.0,7.43,96.0,0.1,271.46824,7775327.0,2.3,2.4,0.729,12.9
Bulgaria,2005,Developed,72.1,16,1,10.48,456.3404657,96.0,3,59.7,1,97.0,7.8,96.0,0.1,3893.68998,7658972.0,2.2,2.3,0.745,13.5
Bulgaria,2000,Developed,71.1,163,1,9.69,15.2357274,94.0,46,57.0,1,94.0,6.7,93.0,0.1,169.28586,817172.0,2.5,2.5,0.709,12.9
Bulgaria,2015,Developed,74.5,137,0,,0.0,92.0,0,65.7,1,91.0,,91.0,0.1,6993.47736,7177991.0,1.9,1.8,0.792,15.0
Bulgaria,2006,Developed,72.2,161,1,10.39,508.6304588,96.0,1,6.3,1,96.0,6.67,95.0,0.1,4513.13628,76122.0,2.2,2.2,0.75,13.5
Burkina Faso,2008,Developing,56.1,288,45,4.5,107.7988339,93.0,395,15.6,80,92.0,6.77,93.0,1.5,569.7612784,14689726.0,9.5,9.1,0.345,5.4
Burkina Faso,2001,Developing,56.0,344,48,4.56,23.1016899,,4174,12.5,93,62.0,4.85,62.0,3.6,235.4912324,11944587.0,11.2,1.8,0.0,3.5
Burkina Faso,2002,Developing,51.0,338,49,4.53,3.195566831,,1744,12.9,93,69.0,5.26,69.0,3.2,26.7635413,122931.0,11.0,1.6,0.0,3.6
Burkina Faso,2006,Developing,54.3,32,47,4.73,64.24025208,76.0,125,14.6,86,94.0,6.58,86.0,2.0,422.6332374,13829177.0,1.0,9.6,0.325,4.7
Burkina Faso,2004,Developing,52.4,323,49,4.54,56.96108089,,77,13.7,91,83.0,6.45,79.0,2.5,371.323865,133569.0,1.5,1.1,0.0,3.9
Burkina Faso,2010,Developing,57.5,279,43,4.55,90.46018236,91.0,2511,16.6,74,9.0,7.17,91.0,1.0,575.4464527,1565217.0,9.0,8.6,0.365,6.3
Burkina Faso,2007,Developing,55.3,293,46,4.58,73.92730583,89.0,12,15.1,83,93.0,6.63,89.0,1.7,475.11122,1425221.0,9.8,9.3,0.334,4.9
Burkina Faso,2005,Developing,53.3,313,48,4.88,8.769989329,,253,14.2,89,94.0,6.87,82.0,2.3,46.998871,1342193.0,1.3,9.8,0.0,4.3
Burundi,2011,Developing,57.4,321,22,4.16,3.595980333,96.0,129,16.6,33,95.0,8.58,96.0,1.5,26.479973,94358.0,7.6,7.6,0.385,9.9
Burundi,2012,Developing,58.0,312,22,0.01,38.73170505,96.0,49,17.1,33,96.0,8.21,96.0,1.2,265.285651,931971.0,7.5,7.5,0.393,10.3
Burundi,2008,Developing,55.3,35,23,4.33,15.99415192,92.0,173,15.2,35,89.0,7.86,92.0,2.9,196.2472628,8212264.0,7.9,7.9,0.319,7.9
Burundi,2013,Developing,58.6,33,22,0.01,40.15128458,96.0,0,17.6,32,96.0,8.3,96.0,1.0,282.7555252,96186.0,7.4,7.4,0.398,10.5
Burundi,2002,Developing,51.5,387,24,5.98,9.660010196,,1016,13.3,39,74.0,5.15,81.0,5.2,122.4335893,6741569.0,8.7,8.7,0.268,4.4
Burundi,2003,Developing,51.9,387,24,5.84,6.545263634,,224,13.5,38,75.0,5.25,82.0,5.1,112.849373,6953113.0,8.5,8.5,0.276,4.7
Burundi,2015,Developing,59.6,288,21,,0.0,94.0,9,18.7,31,94.0,,94.0,0.7,33.681223,119927.0,7.3,7.2,0.406,10.6
Burundi,2007,Developing,54.8,355,24,4.54,1.72659515,99.0,43,14.8,36,93.0,1.3,99.0,3.4,17.79995,7939573.0,8.0,8.0,0.309,7.2
Cabo Verde,2010,Developing,72.5,123,0,4.75,286.8907303,98.0,0,27.5,0,99.0,4.83,99.0,0.4,3312.825985,52384.0,7.4,7.4,0.627,12.7
Cabo Verde,2001,Developing,73.0,152,0,3.81,150.7434862,,0,22.1,0,91.0,5.19,9.0,0.8,1268.884564,443716.0,9.4,9.3,0.562,11.0
Cabo Verde,2015,Developing,73.3,114,0,,0.0,96.0,0,31.3,0,93.0,,93.0,0.2,2954.119467,532913.0,6.6,6.6,0.646,13.5
Cabo Verde,2005,Developing,71.8,134,0,4.26,3.349816965,93.0,0,24.3,0,95.0,4.86,95.0,0.8,248.13459,474567.0,8.5,8.5,0.582,11.2
Cabo Verde,2004,Developing,71.4,14,0,4.19,240.139715,91.0,0,23.7,0,94.0,5.6,93.0,0.8,1976.45856,467664.0,8.7,8.7,0.574,11.1
Cabo Verde,2012,Developing,72.7,121,0,0.01,33.55888998,94.0,0,29.0,0,94.0,4.61,94.0,0.3,348.482762,513979.0,7.1,7.1,0.636,13.2
Cabo Verde,2011,Developing,72.6,122,0,5.07,4.409153436,9.0,0,28.2,0,9.0,4.6,9.0,0.3,367.429453,5867.0,7.3,7.2,0.632,13.1
Cabo Verde,2008,Developing,72.4,124,0,4.16,360.6208825,98.0,0,26.2,0,99.0,3.96,99.0,0.4,3638.95946,491723.0,7.8,7.8,0.615,12.2
Cambodia,2011,Developing,67.0,19,13,2.12,60.18591771,88.0,722,17.0,15,87.0,5.64,88.0,0.3,882.491462,14537886.0,11.0,11.2,0.533,10.7
Cambodia,2001,Developing,58.5,273,25,1.71,27.68971051,,3761,12.4,33,59.0,5.7,6.0,2.2,321.22634,1242473.0,11.6,11.8,0.412,7.6
Cambodia,2000,Developing,57.7,274,27,1.51,0.328418056,,12237,12.1,36,62.0,5.87,59.0,2.1,3.685949,12152354.0,11.6,11.9,0.401,7.2
Cambodia,2002,Developing,59.3,273,23,1.43,30.91060554,,1361,12.8,29,54.0,5.95,54.0,2.1,339.676984,12634729.0,11.6,11.8,0.427,8.2
Cambodia,2005,Developing,62.9,234,18,1.99,62.21817261,,264,13.9,22,82.0,5.84,82.0,1.4,474.2238766,132721.0,11.5,11.6,0.47,10.0
Cambodia,2010,Developing,66.6,192,14,2.2,56.88416481,89.0,1156,16.4,16,88.0,5.95,89.0,0.5,785.6928841,143874.0,11.0,11.3,0.519,10.6
Cambodia,2006,Developing,64.1,216,17,2.03,51.50447119,8.0,188,14.3,21,8.0,4.48,8.0,1.1,539.8791529,13474489.0,11.4,11.6,0.483,10.1
Cambodia,2007,Developing,65.0,24,16,2.08,57.73516711,82.0,394,14.8,20,82.0,3.75,82.0,0.9,631.675789,13676693.0,11.3,11.5,0.495,10.3
Cameroon,2008,Developing,54.2,382,56,5.9,68.7073044,84.0,495,24.9,87,82.0,5.18,84.0,6.7,1233.524316,18978.0,6.4,6.5,0.466,8.8
Cameroon,2011,Developing,55.6,371,51,6.19,83.18071241,82.0,504,26.6,79,8.0,3.96,82.0,4.9,1295.649726,252447.0,6.0,6.0,0.486,10.0
Cameroon,2004,Developing,52.1,412,59,4.71,7.177302132,,358,22.8,94,72.0,4.73,73.0,7.5,93.211716,1695981.0,7.0,7.1,0.455,8.2
Cameroon,2007,Developing,53.6,395,57,5.44,7.562892922,82.0,100,24.4,89,81.0,4.76,82.0,7.0,111.71186,18395389.0,6.6,6.6,0.456,8.0
Cameroon,2013,Developing,56.4,364,48,0.01,63.07890158,89.0,760,27.8,73,88.0,4.29,89.0,4.0,1365.34419,21655715.0,5.8,5.8,0.501,10.4
Cameroon,2009,Developing,54.8,373,54,5.89,9.042540892,8.0,251,25.4,85,79.0,5.7,8.0,6.3,123.19538,19432541.0,6.3,6.3,0.473,9.2
Cameroon,2005,Developing,52.8,4,58,5.03,73.03276195,79.0,605,23.3,93,79.0,4.75,8.0,7.4,952.1872484,1742795.0,6.9,7.0,0.456,8.3
Cameroon,2014,Developing,56.7,366,47,0.01,61.39263642,87.0,831,28.4,71,86.0,4.1,87.0,3.7,1441.1417,2223994.0,5.7,5.7,0.507,10.4
Canada,2000,Developing,79.1,82,2,7.6,3787.49456,,206,57.8,2,88.0,8.67,89.0,0.1,24124.16917,37697.0,0.5,0.5,0.864,15.9
Canada,2014,Developing,82.0,65,2,8.1,102.1902168,55.0,418,66.4,2,91.0,1.45,91.0,0.1,544.43376,35544564.0,0.5,0.5,0.912,15.9
Canada,2015,Developing,82.2,64,2,,0.0,55.0,195,67.0,2,91.0,,91.0,0.1,43315.744,3584861.0,0.6,0.5,0.919,16.3
Canada,2006,Developing,85.0,75,2,8.2,771.1817686,14.0,13,61.9,2,95.0,9.75,95.0,0.1,4386.69948,325755.0,0.5,0.4,0.891,15.8
Canada,2013,Developing,81.8,67,2,8.2,9733.228019,55.0,83,65.8,2,91.0,1.67,91.0,0.1,52413.72116,35155451.0,0.5,0.5,0.909,15.9
Canada,2007,Developing,85.0,74,2,8.3,7946.743581,14.0,101,62.5,2,9.0,9.83,94.0,0.1,44544.5268,32887928.0,0.5,0.4,0.894,15.8
Canada,2005,Developing,81.0,76,2,8.0,6333.177967,14.0,6,61.3,2,93.0,9.57,93.0,0.1,36189.58838,32312.0,0.5,0.4,0.886,15.8
Canada,2010,Developing,81.2,7,2,8.4,8649.674911,56.0,99,64.1,2,88.0,11.2,89.0,0.1,47447.4762,345274.0,0.5,0.4,0.898,15.9
Central African Republic,2012,Developing,53.0,439,16,0.01,7.344808214,47.0,141,21.2,23,47.0,3.62,47.0,5.1,486.41114,449416.0,8.7,8.6,0.366,7.1
Central African Republic,2000,Developing,46.0,49,16,1.51,30.78382657,,3207,16.5,25,38.0,4.24,37.0,14.3,243.5429317,3754986.0,1.5,1.5,0.312,5.2
Central African Republic,2001,Developing,45.6,54,17,1.52,33.65315697,,2837,16.8,25,4.0,3.95,4.0,13.9,243.1586486,383223.0,1.4,1.4,0.314,5.3
Central African Republic,2010,Developing,49.2,446,17,1.67,43.48359197,45.0,2,2.2,24,46.0,3.9,45.0,6.6,446.4434494,4448525.0,9.0,8.9,0.352,6.6
Central African Republic,2007,Developing,46.8,495,17,1.5,60.04884821,,49,19.0,26,46.0,4.4,48.0,9.0,397.148467,42758.0,9.4,9.4,0.33,6.2
Central African Republic,2005,Developing,45.9,511,17,1.5,40.92207976,,471,18.2,26,47.0,4.29,54.0,11.2,327.1149461,412791.0,9.7,9.7,0.319,5.9
Central African Republic,2011,Developing,49.8,443,16,1.66,58.52947463,47.0,679,2.7,24,47.0,3.73,47.0,5.8,494.336779,4476153.0,8.8,8.8,0.361,6.8
Central African Republic,2014,Developing,58.0,437,15,0.01,53.43964323,47.0,210,22.1,22,47.0,4.2,47.0,4.5,377.132274,4515392.0,8.4,8.3,0.345,7.1
Chad,2000,Developing,47.6,44,41,0.25,21.52701616,,3546,13.9,74,3.0,6.28,36.0,4.6,166.231785,8342559.0,11.5,11.4,0.0,4.7
Chad,2013,Developing,52.2,366,46,0.64,76.52382535,39.0,226,18.2,78,46.0,3.42,39.0,3.1,986.13177,13133589.0,8.8,8.7,0.387,7.3
Chad,2002,Developing,48.1,43,43,0.36,3.039691193,,7277,14.4,76,31.0,8.33,25.0,5.0,22.854821,91689.0,11.1,11.0,0.303,5.1
Chad,2012,Developing,51.8,367,46,0.62,57.8242709,4.0,120,17.9,79,51.0,3.0,4.0,3.6,973.472574,1275135.0,9.0,8.9,0.381,7.3
Chad,2005,Developing,48.6,46,45,0.42,8.936064632,,2,15.4,79,37.0,3.91,25.0,5.2,66.2421396,1679.0,1.5,1.4,0.306,5.6
Chad,2009,Developing,57.0,37,46,0.47,4.982900401,24.0,165,16.7,80,32.0,3.31,24.0,4.4,84.455939,1152786.0,9.6,9.5,0.343,6.3
Chad,2010,Developing,51.2,364,46,0.5,43.57328908,39.0,194,17.1,80,43.0,2.95,39.0,4.1,896.5697341,1188722.0,9.4,9.3,0.36,6.7
Chad,2008,Developing,49.6,394,46,0.45,49.09198224,17.0,63,16.4,80,3.0,2.92,19.0,4.7,929.772391,11133861.0,9.8,9.7,0.338,6.0
Chile,2012,Developing,79.9,84,2,6.76,2260.777642,9.0,0,61.8,2,9.0,7.24,9.0,0.1,15431.9293,1739746.0,0.8,0.8,0.826,15.5
Chile,2007,Developing,78.9,9,2,7.39,209.4875875,92.0,0,58.7,2,95.0,6.35,96.0,0.1,1526.87746,16491687.0,0.9,0.9,0.797,14.8
Chile,2005,Developing,78.4,93,2,7.57,954.9644887,,0,57.4,2,92.0,6.69,91.0,0.1,7615.3468,1614764.0,0.9,1.0,0.79,14.6
Chile,2014,Developing,83.0,83,2,7.16,2352.999591,95.0,0,63.1,2,95.0,7.79,95.0,0.1,14817.37778,17613798.0,0.8,0.8,0.841,16.2
Chile,2008,Developing,79.6,88,2,7.31,241.5533381,95.0,0,59.3,2,95.0,6.87,95.0,0.1,1781.3668,16661942.0,0.9,0.9,0.804,15.2
Chile,2000,Developing,77.3,13,2,6.24,74.14842946,,0,54.0,3,91.0,6.4,91.0,0.1,511.368479,15262754.0,1.1,1.1,0.755,13.5
Chile,2004,Developing,78.0,97,2,6.32,78.78564878,,0,56.8,2,94.0,6.93,93.0,0.1,621.828325,15973778.0,0.9,1.0,0.781,14.3
Chile,2001,Developing,77.3,16,2,6.1,687.5116825,,0,54.7,3,96.0,6.51,97.0,0.1,4595.666327,15444969.0,1.0,1.0,0.761,13.7
China,2010,Developing,75.0,92,231,5.75,5.660754839,99.0,38159,28.1,268,99.0,4.89,99.0,0.1,456.512487,133775.0,4.2,3.6,0.691,12.5
China,2008,Developing,74.5,97,266,4.27,39.22509728,95.0,131441,26.5,308,99.0,4.59,97.0,0.1,3471.247547,1324655.0,4.5,4.0,0.672,11.9
China,2014,Developing,75.8,86,171,5.78,109.8743903,99.0,52628,31.9,198,99.0,5.55,99.0,0.1,7683.5238,136427.0,3.7,3.0,0.723,13.1
China,2013,Developing,75.6,88,185,5.79,9.955532032,99.0,26883,3.9,216,99.0,5.39,99.0,0.1,777.77594,135738.0,3.8,3.2,0.713,12.7
China,2007,Developing,74.4,96,285,3.88,312.6624819,92.0,109023,25.7,332,94.0,4.32,93.0,0.1,2695.366223,1317885.0,4.7,4.1,0.659,11.4
China,2000,Developing,71.7,115,490,3.06,17.46057369,6.0,71093,2.5,608,86.0,4.6,85.0,0.1,959.372181,1262645.0,5.9,5.1,0.583,9.5
China,2003,Developing,73.1,13,391,2.96,122.9365349,75.0,71879,22.6,467,87.0,4.82,86.0,0.1,1288.642924,12884.0,5.3,4.7,0.61,9.9
China,2009,Developing,74.9,93,248,4.88,50.28348923,99.0,52461,27.3,288,99.0,5.8,99.0,0.1,3838.434292,133126.0,4.4,3.8,0.682,12.2
Colombia,2009,Developing,73.6,15,13,4.34,941.6464045,92.0,0,53.5,15,92.0,7.1,92.0,0.1,5148.422113,45416181.0,2.2,2.0,0.691,12.4
Colombia,2008,Developing,73.5,146,14,4.45,978.07041,92.0,0,52.8,16,92.0,6.62,92.0,0.1,5433.7245,4491544.0,2.3,2.0,0.683,12.2
Colombia,2007,Developing,73.5,144,14,4.66,780.5946749,93.0,0,52.0,17,93.0,6.25,93.0,0.1,4674.21961,44374572.0,2.3,2.1,0.675,11.9
Colombia,2004,Developing,72.8,148,16,4.26,42.17956418,89.0,0,49.8,19,89.0,5.37,89.0,0.1,274.249442,42724163.0,2.4,2.2,0.658,11.3
Colombia,2000,Developing,71.4,167,18,4.66,477.1341814,78.0,1,46.7,21,82.0,5.91,79.0,0.1,2472.197831,443958.0,2.6,2.3,0.65,11.3
Colombia,2001,Developing,71.5,165,17,4.43,404.4205858,8.0,3,47.5,21,83.0,5.96,8.0,0.1,2395.856551,498899.0,2.5,2.3,0.653,11.4
Colombia,2015,Developing,74.8,143,10,,0.0,91.0,1,57.9,12,91.0,,91.0,0.1,644.525556,48228697.0,2.1,1.9,0.724,13.6
Colombia,2003,Developing,72.4,15,16,4.25,417.8038898,92.0,0,49.0,19,92.0,5.92,92.0,0.1,2246.257472,42152151.0,2.5,2.2,0.659,11.6
Comoros,2002,Developing,59.5,271,2,0.08,29.41897495,,0,18.0,2,98.0,3.39,89.0,0.1,433.2691451,569479.0,7.7,7.7,0.0,8.8
Comoros,2003,Developing,59.6,271,2,0.26,45.09010835,28.0,0,18.4,2,8.0,3.65,8.0,0.1,544.566526,583211.0,7.6,7.6,0.0,9.2
Comoros,2009,Developing,61.3,251,2,0.17,56.98952474,83.0,1,21.1,2,84.0,3.82,83.0,0.1,778.5454199,673252.0,7.2,7.0,0.465,10.3
Comoros,2001,Developing,59.5,272,1,0.08,19.71741043,,0,17.6,2,7.0,2.86,7.0,0.1,395.9319363,555888.0,7.8,7.8,0.0,8.5
Comoros,2010,Developing,61.8,246,2,0.15,47.30421873,74.0,0,21.6,2,82.0,5.82,74.0,0.1,769.1742883,689692.0,7.1,6.9,0.476,10.5
Comoros,2006,Developing,63.0,262,2,0.25,77.0283958,69.0,85,19.6,2,69.0,4.57,69.0,0.1,648.38717,626425.0,7.4,7.3,0.451,9.9
Comoros,2011,Developing,62.2,241,2,0.12,59.6596497,83.0,3,22.1,2,85.0,6.1,83.0,0.2,829.7586885,76569.0,7.0,6.8,0.479,10.6
Comoros,2007,Developing,66.0,259,2,0.16,9.087638194,75.0,0,2.1,2,75.0,4.93,75.0,0.1,72.759313,64162.0,7.3,7.2,0.459,10.0
Congo,2001,Developing,52.7,419,9,2.3,0.0,,2152,19.8,14,32.0,2.44,31.0,7.6,,,9.4,9.0,0.487,9.7
Congo,2011,Developing,62.9,285,7,3.82,0.0,7.0,315,25.0,10,69.0,2.79,82.0,3.5,,,8.0,7.6,0.558,10.7
Congo,2010,Developing,62.0,298,7,3.53,0.0,74.0,4,24.5,10,72.0,2.29,74.0,3.8,,,8.1,7.7,0.548,10.5
Congo,2012,Developing,63.7,273,7,0.01,0.0,62.0,260,25.6,10,61.0,3.98,85.0,3.3,,,7.9,7.5,0.557,10.2
Congo,2007,Developing,58.2,354,8,2.75,0.0,64.0,84,22.8,11,71.0,2.54,72.0,5.0,,,8.5,8.2,0.517,9.8
Congo,2000,Developing,52.9,416,9,2.26,0.0,,1678,19.3,14,31.0,2.13,33.0,7.8,,,9.5,9.2,0.487,9.8
Congo,2009,Developing,68.0,314,7,3.47,0.0,75.0,1,23.9,11,76.0,2.27,78.0,4.0,,,8.3,7.9,0.545,10.3
Congo,2002,Developing,52.6,424,9,2.55,0.0,,2788,2.3,14,41.0,2.45,41.0,7.2,,,9.3,8.9,0.488,9.5
Costa Rica,2005,Developing,78.6,97,1,4.1,1002.833273,9.0,1,5.3,1,91.0,7.74,91.0,0.1,4697.11135,4247841.0,2.0,2.0,0.723,12.4
Costa Rica,2010,Developing,78.1,16,1,3.58,2377.010299,89.0,0,55.5,1,93.0,9.66,88.0,0.1,8199.414621,454528.0,1.8,1.8,0.749,13.3
Costa Rica,2015,Developing,79.6,95,1,,0.0,92.0,0,6.5,1,92.0,,92.0,0.1,1146.36273,487852.0,1.7,1.7,0.775,14.2
Costa Rica,2004,Developing,77.7,12,1,4.09,1043.10795,89.0,0,49.3,1,9.0,7.8,9.0,0.1,4425.57467,418738.0,2.1,2.0,0.719,12.2
Costa Rica,2001,Developing,77.5,1,1,4.29,868.3713593,8.0,0,46.4,1,92.0,7.25,91.0,0.1,3981.52847,3996798.0,2.3,2.2,0.708,11.7
Costa Rica,2008,Developing,78.9,99,1,4.22,1859.095621,89.0,0,53.4,1,89.0,9.1,9.0,0.1,6911.136136,442958.0,1.9,1.8,0.74,12.9
Costa Rica,2011,Developing,79.0,98,1,3.41,2429.854745,84.0,0,56.5,1,82.0,9.73,85.0,0.1,9186.59639,46474.0,1.8,1.7,0.752,13.4
Costa Rica,2003,Developing,78.0,1,1,4.04,1070.268999,86.0,1,48.3,1,88.0,8.45,88.0,0.1,4167.71417,4125971.0,2.2,2.1,0.715,12.1
Croatia,2004,Developed,75.4,114,0,13.11,1116.396502,,54,56.9,0,96.0,6.56,96.0,0.1,9365.742468,4439.0,1.9,1.9,0.771,13.3
Croatia,2010,Developed,76.6,16,0,12.1,206.8868182,97.0,7,6.6,0,97.0,8.25,97.0,0.1,1355.74586,4417781.0,1.6,1.6,0.803,14.2
Croatia,2014,Developed,77.8,97,0,12.14,1884.098811,95.0,0,63.1,0,95.0,7.8,95.0,0.1,13467.46827,4238389.0,1.5,1.5,0.82,15.1
Croatia,2005,Developed,75.2,116,0,11.59,167.2319899,,2,57.5,0,96.0,6.89,96.0,0.1,1224.2459,4442.0,1.8,1.8,0.777,13.6
Croatia,2009,Developed,76.3,19,0,12.21,2160.380199,97.0,2,6.0,0,96.0,8.18,96.0,0.1,14157.14416,442978.0,1.7,1.6,0.803,14.2
Croatia,2008,Developed,76.0,116,0,12.06,2425.403891,97.0,51,59.4,0,96.0,7.7,96.0,0.1,15893.8656,443458.0,1.7,1.7,0.8,14.3
Croatia,2013,Developed,77.7,97,0,12.39,1899.107385,96.0,0,62.5,0,96.0,7.83,96.0,0.1,13574.749,4255689.0,1.5,1.5,0.817,14.9
Croatia,2015,Developed,78.0,95,0,,0.0,94.0,206,63.7,0,94.0,,94.0,0.1,11579.6674,42364.0,1.5,1.4,0.823,15.3
Cuba,2012,Developing,78.7,96,1,4.16,742.1961992,96.0,0,59.2,1,98.0,8.59,99.0,0.1,6425.941119,,3.4,3.2,0.778,15.7
Cuba,2007,Developing,78.1,14,1,4.13,750.7147641,93.0,0,55.4,1,99.0,1.42,93.0,0.1,5184.494227,,3.4,3.2,0.754,16.0
Cuba,2014,Developing,79.0,93,1,4.37,13.6691019,97.0,0,6.7,1,99.0,11.6,99.0,0.1,75.5199,,3.4,3.3,0.772,14.0
Cuba,2003,Developing,77.4,18,1,4.39,60.34145124,99.0,0,52.1,1,98.0,6.31,72.0,0.1,3192.669378,,3.5,3.3,0.694,12.9
Cuba,2010,Developing,78.0,98,1,4.13,787.2808163,96.0,0,57.7,1,99.0,1.19,96.0,0.1,5676.14143,,3.4,3.2,0.784,17.6
Cuba,2001,Developing,76.7,115,1,4.04,322.5863149,98.0,0,5.4,1,99.0,6.27,98.0,0.1,2832.188893,,3.6,3.4,0.686,12.3
Cuba,2013,Developing,78.7,96,1,4.18,95.67571176,96.0,0,59.9,1,99.0,9.48,99.0,0.1,676.15344,,3.4,3.3,0.773,14.7
Cuba,2005,Developing,77.2,19,1,4.48,518.9359221,95.0,0,53.8,1,99.0,9.39,89.0,0.1,3779.577,,3.4,3.3,0.719,14.2
Cyprus,2014,Developed,83.0,53,0,0.01,207.3041936,96.0,10,59.8,0,99.0,7.37,99.0,0.1,2734.88382,115239.0,0.9,1.0,0.85,14.0
Cyprus,2009,Developed,79.3,6,0,10.8,230.2524184,96.0,0,57.3,0,99.0,7.4,99.0,0.1,3215.8159,19876.0,0.9,1.0,0.849,14.1
Cyprus,2002,Developed,78.4,68,0,11.68,1128.050886,88.0,0,53.8,0,98.0,6.12,98.0,0.1,16372.29152,976966.0,0.9,1.0,0.805,12.5
Cyprus,2008,Developed,79.1,62,0,12.01,239.6409938,93.0,1,56.8,0,97.0,6.89,97.0,0.1,3539.7488,181563.0,0.9,1.0,0.844,13.7
Cyprus,2004,Developed,78.6,65,0,13.03,1586.724172,88.0,0,54.8,0,98.0,6.42,98.0,0.1,23932.49128,1141.0,0.9,1.0,0.823,13.4
Cyprus,2006,Developed,78.8,64,0,11.47,1700.841534,93.0,0,55.8,0,97.0,6.28,97.0,0.1,27169.99256,14559.0,0.9,1.0,0.829,13.4
Cyprus,2011,Developed,79.7,57,0,10.69,2443.325028,96.0,0,58.3,0,99.0,7.54,99.0,0.1,32233.83942,1124835.0,0.9,1.0,0.847,13.8
Cyprus,2001,Developed,78.2,69,0,10.16,100.8086193,89.0,0,53.3,0,97.0,5.78,97.0,0.1,1562.92433,96282.0,0.9,1.0,0.8,12.4
Czechia,2014,Developed,78.6,88,0,12.68,0.0,99.0,222,65.6,0,99.0,7.41,97.0,0.1,,,1.8,1.9,,
Czechia,2000,Developed,74.7,126,0,13.22,0.0,,9,59.0,0,98.0,6.31,98.0,0.1,,,2.3,2.3,,
Czechia,2010,Developed,77.5,99,0,12.69,0.0,99.0,0,63.6,0,99.0,7.43,99.0,0.1,,,1.9,2.0,,
Czechia,2009,Developed,77.1,12,0,13.23,0.0,99.0,5,63.1,0,99.0,7.85,99.0,0.1,,,1.9,2.0,,
Czechia,2007,Developed,76.8,17,0,13.43,0.0,99.0,2,62.2,0,99.0,6.52,99.0,0.1,,,2.0,2.1,,
Czechia,2008,Developed,77.0,16,0,13.25,0.0,99.0,2,62.6,0,99.0,6.82,99.0,0.1,,,1.9,2.0,,
Czechia,2015,Developed,78.8,86,0,,0.0,97.0,9,66.1,0,97.0,,97.0,0.1,,,1.8,1.8,,
Czechia,2001,Developed,75.1,123,0,13.36,0.0,,6,59.4,0,97.0,6.42,98.0,0.1,,,2.2,2.3,,
CÃ´te d'Ivoire,2008,Developing,54.0,437,60,2.69,0.0,74.0,12,23.8,85,58.0,6.21,74.0,4.1,,,6.6,6.6,,
CÃ´te d'Ivoire,2015,Developing,53.3,397,57,,0.0,83.0,65,28.0,79,81.0,,83.0,1.9,,,5.5,5.5,,
CÃ´te d'Ivoire,2012,Developing,52.0,415,59,3.24,0.0,82.0,137,26.2,82,83.0,6.14,82.0,2.9,,,5.9,5.9,,
CÃ´te d'Ivoire,2013,Developing,52.3,412,59,3.15,0.0,8.0,48,26.8,81,79.0,5.81,8.0,2.4,,,5.8,5.7,,
CÃ´te d'Ivoire,2004,Developing,48.2,472,64,3.08,0.0,67.0,3466,21.5,91,76.0,5.24,67.0,6.5,,,7.3,7.3,,
CÃ´te d'Ivoire,2014,Developing,52.8,47,58,0.01,0.0,76.0,50,27.4,80,76.0,5.72,76.0,2.0,,,5.6,5.6,,
CÃ´te d'Ivoire,2001,Developing,47.8,467,65,3.15,0.0,1.0,5790,19.9,94,7.0,4.85,66.0,7.0,,,7.9,7.9,,
CÃ´te d'Ivoire,2010,Developing,51.5,417,60,3.15,0.0,85.0,441,25.0,84,81.0,6.32,85.0,3.3,,,6.3,6.2,,
Democratic People's Republic of Korea,2013,Developing,71.0,146,6,3.35,0.0,93.0,0,31.8,8,99.0,,93.0,0.1,,,5.0,5.0,,
Democratic People's Republic of Korea,2003,Developing,68.1,165,12,3.13,0.0,27.0,0,26.7,15,99.0,,68.0,0.1,,,5.8,5.8,,
Democratic People's Republic of Korea,2002,Developing,67.6,167,14,3.08,0.0,,0,26.2,18,99.0,,64.0,0.1,,,5.9,5.9,,
Democratic People's Republic of Korea,2012,Developing,69.8,149,7,3.61,0.0,96.0,0,31.3,9,99.0,,96.0,0.1,,,5.1,5.1,,
Democratic People's Republic of Korea,2008,Developing,68.6,164,9,3.16,0.0,92.0,8,29.2,12,98.0,,92.0,0.1,,,5.4,5.4,,
Democratic People's Republic of Korea,2009,Developing,68.7,161,9,3.35,0.0,93.0,0,29.7,11,98.0,,93.0,0.1,,,5.3,5.3,,
Democratic People's Republic of Korea,2010,Developing,69.0,157,8,3.12,0.0,93.0,0,3.3,10,99.0,,93.0,0.1,,,5.2,5.2,,
Democratic People's Republic of Korea,2011,Developing,69.4,153,8,3.39,0.0,94.0,0,3.8,10,99.0,,94.0,0.1,,,5.1,5.2,,
Democratic Republic of the Congo,2003,Developing,52.8,332,231,1.83,0.0,,21956,16.1,331,47.0,3.2,41.0,2.2,,,11.9,11.7,,
Democratic Republic of the Congo,2009,Developing,56.7,292,238,2.13,0.0,72.0,57,18.6,323,78.0,5.61,72.0,1.7,,,1.6,1.4,,
Democratic Republic of the Congo,2007,Developing,55.7,299,236,1.52,0.0,7.0,55577,17.8,326,72.0,3.61,7.0,1.9,,,11.1,1.9,,
Democratic Republic of the Congo,2002,Developing,52.1,341,229,1.85,0.0,,30466,15.7,331,4.0,2.59,38.0,2.4,,,12.1,11.9,,
Democratic Republic of the Congo,2012,Developing,58.3,277,239,0.01,0.0,75.0,72029,2.1,317,76.0,3.77,75.0,1.5,,,1.0,9.8,,
Democratic Republic of the Congo,2015,Developing,59.8,258,236,,0.0,81.0,5020,21.6,308,78.0,,81.0,1.1,,,9.5,9.3,,
Democratic Republic of the Congo,2001,Developing,51.8,34,227,1.9,0.0,,8072,15.3,332,3.0,2.67,3.0,2.4,,,12.2,12.1,,
Democratic Republic of the Congo,2008,Developing,56.3,295,237,2.09,0.0,65.0,12461,18.2,324,64.0,4.46,65.0,1.8,,,1.8,1.7,,
Denmark,2001,Developed,77.0,12,0,11.56,530.4832336,,11,52.8,0,97.0,9.1,97.0,0.1,3751.64946,5358783.0,1.3,1.0,0.862,16.2
Denmark,2015,Developed,86.0,71,0,,0.0,,9,58.8,0,93.0,,93.0,0.1,5314.64416,5683483.0,1.1,0.9,0.923,19.2
Denmark,2006,Developed,78.1,93,0,11.02,850.9544783,,27,55.4,0,93.0,9.92,93.0,0.1,5226.99311,5437272.0,1.2,0.9,0.902,16.9
Denmark,2011,Developed,79.7,79,0,10.47,10251.10872,,84,57.4,0,91.0,1.87,91.0,0.1,61753.667,557572.0,1.1,0.9,0.91,16.9
Denmark,2008,Developed,78.8,88,0,10.7,10761.18209,,14,56.3,0,88.0,1.18,88.0,0.1,64322.6664,5493621.0,1.1,0.9,0.906,16.8
Denmark,2000,Developed,76.9,12,0,11.69,508.7496912,,14,52.2,0,97.0,8.7,97.0,0.1,3743.55917,5339616.0,1.3,1.0,0.86,16.5
Denmark,2014,Developed,84.0,73,0,9.64,10468.76292,,27,58.4,0,94.0,1.8,94.0,0.1,62425.5392,5643475.0,1.1,0.9,0.926,19.2
Denmark,2005,Developed,78.1,92,0,11.28,7627.412444,,2,55.0,0,93.0,9.77,93.0,0.1,48799.8237,5419432.0,1.2,1.0,0.897,16.6
Djibouti,2010,Developing,61.3,273,1,0.44,187.4960097,88.0,7,32.2,2,88.0,8.84,88.0,3.1,1325.99724,851146.0,5.6,5.6,0.441,5.5
Djibouti,2001,Developing,57.7,323,2,0.95,92.4978948,,79,28.6,2,49.0,5.37,53.0,4.3,781.2322196,732711.0,6.3,6.1,0.363,2.9
Djibouti,2002,Developing,57.9,322,2,1.03,13.46662004,,50,29.0,2,62.0,5.45,62.0,4.3,792.15412,746221.0,6.2,6.0,0.372,3.3
Djibouti,2005,Developing,58.6,318,2,1.23,12.70325933,,298,3.2,2,71.0,7.21,71.0,3.9,94.7297489,783254.0,5.9,5.8,0.396,4.0
Djibouti,2011,Developing,61.8,268,1,0.39,20.35974738,87.0,49,32.7,2,87.0,8.71,87.0,2.7,143.986898,865937.0,5.6,5.5,0.451,5.9
Djibouti,2013,Developing,62.7,256,1,0.53,229.4410095,82.0,28,33.8,2,82.0,9.14,82.0,2.1,1622.637974,896688.0,5.6,5.4,0.464,6.3
Djibouti,2015,Developing,63.5,241,1,,0.0,84.0,47,35.0,1,84.0,,84.0,2.1,1862.167274,927414.0,5.6,5.4,0.47,6.3
Djibouti,2009,Developing,69.0,279,1,0.49,177.2671607,89.0,48,31.7,2,89.0,8.37,89.0,3.2,1253.657431,83684.0,5.7,5.6,0.436,5.3
Dominican Republic,2009,Developing,73.6,157,6,6.05,587.8828228,8.0,0,52.6,8,85.0,4.41,82.0,1.2,4952.67753,9767758.0,3.4,3.3,0.695,12.9
Dominican Republic,2013,Developing,73.4,157,6,5.93,97.52211538,8.0,0,56.8,7,82.0,4.12,83.0,0.3,627.55544,1281296.0,3.3,3.2,0.709,13.2
Dominican Republic,2005,Developing,69.7,28,7,5.71,289.7418649,87.0,0,48.2,8,86.0,4.26,87.0,2.0,3681.5993,9237566.0,3.5,3.4,0.668,12.6
Dominican Republic,2000,Developing,72.0,176,7,6.58,44.79247812,68.0,253,43.1,9,71.0,5.9,78.0,2.5,282.4242,8562622.0,3.8,3.7,0.651,12.2
Dominican Republic,2003,Developing,73.0,22,7,6.32,293.0196601,79.0,0,46.1,8,65.0,5.53,79.0,2.3,2372.628827,896776.0,3.6,3.5,0.665,12.4
Dominican Republic,2012,Developing,72.1,174,6,5.93,857.1307037,74.0,0,55.8,7,85.0,4.26,85.0,0.4,5968.876767,115495.0,3.3,3.2,0.706,13.1
Dominican Republic,2014,Developing,73.6,154,6,5.92,1088.244952,89.0,0,57.9,7,9.0,4.38,91.0,0.3,6268.692122,145844.0,3.3,3.2,0.712,13.2
Dominican Republic,2006,Developing,72.3,178,7,6.2,352.9551269,84.0,0,49.3,8,88.0,4.34,89.0,1.8,3836.468771,9371338.0,3.5,3.4,0.677,12.6
Ecuador,2004,Developing,74.4,148,8,3.65,16.37920405,88.0,0,46.5,9,9.0,6.22,88.0,0.3,278.557892,1359647.0,1.5,1.3,0.682,12.7
Ecuador,2009,Developing,75.1,137,7,3.87,282.1440066,91.0,0,5.0,8,91.0,5.58,94.0,0.1,4255.56571,14691275.0,1.3,1.2,0.702,13.1
Ecuador,2002,Developing,73.6,157,8,3.88,187.3843511,75.0,0,45.1,10,88.0,4.62,88.0,0.3,2183.966796,13726.0,1.5,1.4,0.675,12.5
Ecuador,2008,Developing,74.6,139,7,3.76,197.9303077,93.0,1,49.3,9,94.0,5.66,96.0,0.1,4274.95265,14447562.0,1.3,1.2,0.698,13.0
Ecuador,2014,Developing,76.0,121,6,3.82,79.11626341,83.0,0,53.5,7,84.0,9.16,83.0,0.1,6432.216537,1593112.0,1.2,1.1,0.737,14.0
Ecuador,2015,Developing,76.2,118,6,,0.0,78.0,0,54.2,7,84.0,,78.0,0.1,625.62224,16144368.0,1.2,1.1,0.739,14.0
Ecuador,2006,Developing,74.4,144,8,3.52,19.13983284,96.0,0,47.9,9,92.0,5.86,96.0,0.3,335.786541,1396748.0,1.4,1.3,0.693,12.8
Ecuador,2007,Developing,74.7,14,7,3.63,19.60467787,94.0,0,48.6,9,95.0,5.94,96.0,0.2,359.71886,1425453.0,1.4,1.3,0.696,12.9
Egypt,2008,Developing,69.8,172,54,0.24,0.0,97.0,668,55.5,65,97.0,4.82,97.0,0.1,,,3.1,3.0,0.651,11.9
Egypt,2007,Developing,69.7,171,55,0.21,0.0,98.0,1684,54.8,65,98.0,4.95,98.0,0.1,,,3.1,3.1,0.644,11.7
Egypt,2003,Developing,68.6,178,59,0.15,0.0,98.0,164,52.3,72,98.0,5.41,98.0,0.1,,,3.3,3.3,0.621,11.3
Egypt,2005,Developing,69.4,174,56,0.16,0.0,98.0,77,53.5,68,98.0,5.6,98.0,0.1,,,3.2,3.2,0.629,11.4
Egypt,2014,Developing,78.0,161,53,0.21,0.0,94.0,1314,6.2,62,94.0,5.64,94.0,0.1,,,2.8,2.8,0.686,13.1
Egypt,2012,Developing,72.0,165,54,0.23,0.0,93.0,245,58.6,64,93.0,5.29,93.0,0.1,,,2.9,2.8,0.673,12.4
Egypt,2006,Developing,69.5,175,55,0.18,0.0,98.0,953,54.2,66,98.0,5.24,98.0,0.1,,,3.2,3.1,0.636,11.5
Egypt,2000,Developing,68.8,171,65,0.14,0.0,98.0,2633,5.7,82,98.0,5.55,98.0,0.1,,,3.6,3.5,0.606,11.0
El Salvador,2010,Developing,72.0,191,2,2.36,469.3904193,89.0,0,52.8,2,89.0,6.91,89.0,0.3,3474.392445,6164626.0,1.7,1.6,0.662,12.9
El Salvador,2013,Developing,73.0,184,2,2.42,653.6925016,92.0,0,54.7,2,92.0,6.95,92.0,0.2,3895.664491,625777.0,1.6,1.6,0.675,13.2
El Salvador,2015,Developing,73.5,178,2,,0.0,91.0,0,56.1,2,92.0,,91.0,0.2,4127.11775,6312478.0,1.6,1.5,0.678,13.2
El Salvador,2002,Developing,73.0,24,3,2.97,29.68529375,81.0,0,47.0,4,81.0,7.9,81.0,0.4,248.4125,59433.0,2.0,1.9,0.621,11.8
El Salvador,2009,Developing,71.4,23,2,2.55,416.4338399,91.0,0,52.1,2,91.0,6.83,91.0,0.3,3366.482133,6137276.0,1.7,1.6,0.662,12.8
El Salvador,2007,Developing,71.2,23,2,2.83,52.30172215,99.0,0,5.8,3,99.0,6.32,99.0,0.3,334.83817,683475.0,1.8,1.7,0.657,12.9
El Salvador,2005,Developing,71.0,213,3,2.77,440.6027042,89.0,0,49.4,3,89.0,7.19,89.0,0.2,2835.281237,628961.0,1.9,1.8,0.644,12.7
El Salvador,2014,Developing,73.3,181,2,2.52,665.7260253,93.0,0,55.4,2,93.0,6.77,94.0,0.2,3988.771871,6281189.0,1.6,1.6,0.676,13.2
Equatorial Guinea,2009,Developing,55.7,34,3,7.97,115.0692415,,78,21.7,4,57.0,5.32,43.0,7.3,1653.2937,99111.0,9.2,9.2,0.59,9.1
Equatorial Guinea,2001,Developing,53.1,334,3,5.07,197.7839552,,1339,18.7,4,43.0,1.78,35.0,2.3,2283.87939,639762.0,1.6,1.4,0.527,8.0
Equatorial Guinea,2013,Developing,57.4,327,3,10.72,156.3907685,,321,23.5,4,3.0,3.73,3.0,5.7,2246.9938,183746.0,8.6,8.6,0.586,9.2
Equatorial Guinea,2014,Developing,57.9,32,3,0.01,13.40477417,2.0,13,24.0,4,24.0,3.8,2.0,4.4,192.59733,1129424.0,8.5,8.4,0.582,9.2
Equatorial Guinea,2002,Developing,53.5,334,3,6.01,234.7874207,,24,19.1,4,44.0,2.5,36.0,2.9,2711.17114,66647.0,1.4,1.3,0.542,8.2
Equatorial Guinea,2008,Developing,55.4,338,3,8.34,1705.678619,,436,21.3,4,55.0,2.31,42.0,6.3,22742.38159,868418.0,9.3,9.3,0.592,9.1
Equatorial Guinea,2004,Developing,54.1,336,3,6.28,44.54768305,,38,19.8,4,48.0,2.4,38.0,4.4,685.34897,724817.0,1.0,1.0,0.553,8.5
Equatorial Guinea,2006,Developing,54.8,337,3,7.28,827.5979335,,0,2.5,4,52.0,2.13,4.0,5.3,12732.2759,792217.0,9.7,9.6,0.569,9.0
Eritrea,2012,Developing,63.6,274,6,0.01,0.0,94.0,194,17.0,8,94.0,2.98,94.0,0.6,,,8.7,8.6,0.41,5.0
Eritrea,2009,Developing,61.4,311,6,0.63,1.575160196,92.0,82,15.5,9,92.0,3.3,92.0,1.0,43.7544499,431334.0,9.0,8.9,0.402,5.2
Eritrea,2004,Developing,59.1,342,7,0.64,10.26097341,84.0,24,13.6,10,98.0,3.14,98.0,1.8,287.4222243,3858623.0,9.6,9.6,0.0,5.0
Eritrea,2015,Developing,64.7,255,5,,0.0,95.0,198,18.6,7,95.0,,95.0,0.4,,,8.4,8.2,0.418,5.0
Eritrea,2003,Developing,58.8,343,7,0.56,6.913998013,91.0,376,13.3,10,95.0,3.5,93.0,1.9,232.7945459,3738265.0,9.7,9.7,0.0,4.7
Eritrea,2002,Developing,58.5,343,7,0.83,0.703132179,86.0,460,13.1,10,92.0,4.2,9.0,1.9,21.7687981,3614639.0,9.9,9.9,0.0,4.4
Eritrea,2005,Developing,59.4,34,7,1.07,5.064688968,96.0,19,13.9,9,96.0,2.97,96.0,1.6,276.75896,39697.0,9.4,9.5,0.0,5.4
Eritrea,2000,Developing,45.3,593,7,0.83,0.735940361,,789,12.6,10,82.0,4.43,81.0,1.9,28.1969487,339281.0,1.2,1.1,0.0,3.9
Estonia,2008,Developing,74.2,167,0,16.99,225.0723618,94.0,0,56.7,0,95.0,6.6,95.0,0.1,1894.5485,13379.0,2.0,2.1,0.835,16.1
Estonia,2003,Developing,71.9,199,0,11.64,132.7233922,,0,54.9,0,95.0,4.92,94.0,0.1,7174.237415,13772.0,2.2,2.3,0.798,15.6
Estonia,2012,Developing,76.3,135,0,0.01,2263.103797,94.0,4,58.5,0,94.0,6.36,94.0,0.1,17421.8922,1322696.0,1.9,1.9,0.85,16.5
Estonia,2006,Developing,73.0,188,0,16.58,244.3510801,95.0,27,55.9,0,95.0,5.1,95.0,0.1,12595.4165,134681.0,2.1,2.2,0.822,16.1
Estonia,2004,Developing,72.3,195,0,15.07,101.1201161,9.0,0,55.2,0,95.0,5.13,94.0,0.1,885.465115,136255.0,2.2,2.3,0.805,15.7
Estonia,2009,Developing,74.9,156,0,15.04,1717.088711,95.0,0,57.1,0,95.0,6.93,95.0,0.1,14726.31828,1334515.0,2.0,2.0,0.836,16.1
Estonia,2013,Developing,76.9,127,0,0.01,261.2914808,93.0,2,59.0,0,94.0,6.48,94.0,0.1,1929.7746,1317997.0,1.9,1.9,0.856,16.5
Estonia,2001,Developing,78.0,225,0,0.01,88.62945822,,0,54.3,0,94.0,4.85,94.0,0.1,4498.95727,1388115.0,2.4,2.5,0.781,15.0
Ethiopia,2014,Developing,64.2,234,140,0.01,89.95805845,77.0,12739,17.2,202,75.0,4.88,77.0,0.6,571.1622759,97366774.0,1.5,1.3,0.435,8.4
Ethiopia,2012,Developing,63.3,241,150,1.84,86.82551124,69.0,4347,16.4,221,7.0,5.77,69.0,1.2,468.567249,92444183.0,1.7,1.5,0.422,8.4
Ethiopia,2008,Developing,59.8,289,177,1.13,38.55783268,52.0,3511,14.9,270,63.0,4.28,54.0,2.4,325.3825543,83184892.0,11.2,1.9,0.378,7.6
Ethiopia,2006,Developing,57.2,328,196,1.22,22.18952246,,1451,14.2,304,59.0,4.47,46.0,3.3,193.794956,7885689.0,11.4,11.1,0.346,6.6
Ethiopia,2001,Developing,52.5,372,246,0.85,1.186227577,,2366,12.6,392,55.0,4.26,32.0,4.9,12.1789279,68492257.0,11.8,11.7,0.283,4.3
Ethiopia,2005,Developing,56.0,343,206,0.99,18.03753133,,357,13.8,323,56.0,4.2,44.0,3.7,161.6266248,7672783.0,11.5,11.2,0.325,5.8
Ethiopia,2000,Developing,51.2,391,253,0.88,11.59481766,,1660,12.3,404,55.0,4.36,3.0,5.0,123.876257,66537331.0,11.9,11.8,0.0,3.9
Ethiopia,2004,Developing,55.0,354,217,0.86,1.506962482,,73,13.5,342,54.0,4.23,4.0,4.1,135.7623858,7462445.0,11.5,11.3,0.31,5.4
Fiji,2008,Developing,68.7,26,0,1.95,81.04656111,99.0,0,57.3,0,99.0,3.68,99.0,0.1,4177.657789,84334.0,4.0,3.7,0.7,14.3
Fiji,2012,Developing,69.4,195,0,0.01,431.4854874,99.0,0,6.2,0,99.0,4.16,99.0,0.1,4546.73854,873596.0,4.0,3.7,0.714,14.9
Fiji,2014,Developing,69.7,19,0,0.01,50.539484,99.0,0,61.9,0,99.0,4.49,99.0,0.1,546.3728,88586.0,4.0,3.7,0.727,15.2
Fiji,2009,Developing,68.9,23,0,2.31,60.65068446,99.0,1,58.0,0,99.0,4.26,99.0,0.1,3369.48247,851967.0,4.0,3.7,0.704,14.5
Fiji,2003,Developing,68.0,22,0,1.76,253.8196705,99.0,305,53.2,0,95.0,3.35,94.0,0.1,2835.973972,816628.0,4.2,3.9,0.689,13.3
Fiji,2004,Developing,68.1,218,0,1.63,43.99452464,99.0,37,54.2,0,96.0,3.61,95.0,0.1,3332.918533,818354.0,4.2,3.9,0.691,13.4
Fiji,2005,Developing,68.3,214,0,2.02,64.39203443,99.0,0,55.1,0,97.0,3.61,96.0,0.1,3658.63832,821817.0,4.1,3.8,0.699,13.9
Fiji,2010,Developing,69.1,2,0,2.25,62.08343533,99.0,0,58.7,0,99.0,4.23,99.0,0.1,3651.966784,85995.0,4.0,3.7,0.706,14.6
Finland,2011,Developing,83.0,86,0,9.81,71.01620838,,27,6.6,0,99.0,9.1,99.0,0.1,579.72415,5388272.0,0.9,0.8,0.878,16.9
Finland,2012,Developing,84.0,82,0,9.24,5889.012536,,0,61.0,0,99.0,9.3,99.0,0.1,47415.55987,5413971.0,0.9,0.8,0.884,17.0
Finland,2000,Developing,77.5,15,0,8.59,397.7533689,,0,55.5,0,96.0,7.22,99.0,0.1,24253.2542,517629.0,0.9,0.9,0.847,17.3
Finland,2007,Developing,79.3,96,0,10.45,6147.1323,,0,59.0,0,97.0,8.9,99.0,0.1,48288.5491,528872.0,0.9,0.8,0.873,17.2
Finland,2005,Developing,78.9,11,0,9.95,4816.589613,,1,58.1,0,97.0,8.43,97.0,0.1,38969.17163,524696.0,0.9,0.8,0.864,17.1
Finland,2013,Developing,87.0,79,0,8.97,6115.496624,,2,61.4,0,98.0,9.55,98.0,0.1,49638.7713,5438972.0,0.9,0.8,0.887,17.0
Finland,2003,Developing,78.4,98,0,9.31,3869.026302,,0,57.1,0,96.0,8.15,98.0,0.1,32816.1688,521314.0,0.9,0.8,0.866,18.1
Finland,2010,Developing,79.9,89,0,9.72,591.6691405,,5,6.2,0,99.0,9.5,99.0,0.1,4622.41516,5363352.0,0.9,0.8,0.874,16.8
France,2003,Developing,79.3,99,3,13.49,4572.441963,28.0,0,56.4,4,96.0,1.43,97.0,0.1,29691.18158,62244884.0,0.6,0.6,0.852,15.4
France,2006,Developing,86.0,92,3,12.4,5689.991931,39.0,40,58.0,4,99.0,1.53,99.0,0.1,36544.5853,63621376.0,0.6,0.6,0.87,16.1
France,2012,Developing,81.5,83,3,11.5,751.3793553,78.0,0,61.1,3,99.0,11.44,99.0,0.1,4838.2444,6565979.0,0.6,0.6,0.885,16.1
France,2008,Developing,89.0,88,3,11.9,7002.785925,47.0,604,59.1,3,98.0,1.57,98.0,0.1,45413.6571,6437499.0,0.6,0.6,0.877,16.1
France,2013,Developing,82.0,81,3,11.1,6646.953935,74.0,272,61.6,3,99.0,11.56,99.0,0.1,42554.1225,6599857.0,0.6,0.6,0.887,16.2
France,2014,Developing,82.2,79,3,11.5,6739.677606,83.0,267,62.0,3,98.0,11.54,98.0,0.1,42955.24287,66331957.0,0.6,0.6,0.89,16.2
France,2010,Developing,81.3,86,3,11.7,72.8001211,65.0,5048,6.1,3,99.0,11.2,99.0,0.1,473.34279,6527512.0,0.6,0.6,0.879,16.0
France,2000,Developing,78.8,13,3,13.63,3410.284431,26.0,10000,54.6,4,98.0,9.77,97.0,0.1,22465.64184,6912498.0,0.7,0.6,0.844,15.7
Gabon,2007,Developing,61.6,291,2,9.02,545.4389573,75.0,0,31.9,3,78.0,2.86,81.0,10.0,8352.81711,1489193.0,6.9,6.8,0.645,12.4
Gabon,2003,Developing,59.7,32,2,6.47,352.232365,,0,29.8,3,44.0,3.48,45.0,11.0,4892.11618,1328146.0,7.5,7.4,0.638,12.3
Gabon,2011,Developing,62.8,289,2,8.9,133.5223672,75.0,2,34.1,3,75.0,3.12,75.0,6.0,1716.2258,169711.0,6.4,6.3,0.664,12.5
Gabon,2008,Developing,61.6,298,2,8.75,11.05422474,82.0,3,32.4,3,81.0,2.54,82.0,8.9,194.2746,1536411.0,6.8,6.6,0.651,12.4
Gabon,2015,Developing,66.0,229,2,,0.0,8.0,27,36.3,3,79.0,,8.0,2.7,7388.984144,193175.0,6.1,5.9,0.694,12.6
Gabon,2012,Developing,63.5,276,2,8.3,805.3925284,82.0,2,34.6,3,8.0,3.13,82.0,4.9,9774.18117,1756817.0,6.3,6.2,0.669,12.5
Gabon,2006,Developing,61.4,288,2,8.01,40.53719812,52.0,90,31.4,3,44.0,2.88,45.0,10.7,727.777345,1444844.0,7.1,6.9,0.646,12.4
Gabon,2009,Developing,61.7,31,2,8.64,52.31086276,79.0,0,33.0,3,74.0,3.43,76.0,8.0,763.66223,1586754.0,6.7,6.5,0.652,12.4
Gambia,2005,Developing,57.7,294,3,2.26,0.0,95.0,0,2.9,6,94.0,4.97,95.0,3.0,,,9.2,9.1,0.412,7.8
Gambia,2003,Developing,57.0,297,3,2.47,0.0,94.0,119,19.7,6,87.0,4.22,87.0,2.7,,,9.6,9.6,0.395,7.3
Gambia,2008,Developing,58.7,287,3,2.79,0.0,98.0,0,22.8,6,96.0,5.95,96.0,3.0,,,8.6,8.5,0.426,8.6
Gambia,2010,Developing,59.3,284,3,3.48,0.0,97.0,2,24.1,6,97.0,5.75,97.0,2.1,,,8.2,8.1,0.439,8.8
Gambia,2000,Developing,55.9,33,3,2.18,0.0,91.0,336,18.0,6,84.0,3.61,8.0,2.0,,,1.2,1.2,0.377,6.5
Gambia,2014,Developing,68.0,266,3,0.01,0.0,96.0,1,26.7,5,97.0,7.34,96.0,1.7,,,7.5,7.3,0.449,8.9
Gambia,2012,Developing,62.0,269,3,0.01,0.0,98.0,0,25.4,5,98.0,6.12,98.0,1.4,,,7.8,7.7,0.44,8.8
Gambia,2007,Developing,58.5,288,3,2.64,0.0,97.0,0,22.2,6,94.0,5.76,95.0,3.1,,,8.8,8.7,0.42,8.4
Georgia,2006,Developing,73.9,126,1,6.18,110.1138286,84.0,334,49.2,1,89.0,8.39,88.0,0.1,1872.68416,4136.0,2.7,2.9,0.714,12.6
Georgia,2004,Developing,72.3,134,1,3.74,7.132564768,64.0,6847,48.1,1,66.0,8.53,78.0,0.1,127.367228,4245.0,2.8,3.0,0.694,12.0
Georgia,2001,Developing,73.0,121,2,2.76,57.10318825,61.0,35,46.5,2,83.0,7.82,87.0,0.1,733.974142,43864.0,3.0,3.1,0.673,11.7
Georgia,2005,Developing,73.9,128,1,4.7,9.444875415,79.0,1356,48.6,1,82.0,8.6,82.0,0.1,153.57521,419.0,2.8,2.9,0.703,12.2
Georgia,2000,Developing,71.8,129,2,3.28,47.81704183,55.0,50,46.0,2,81.0,6.94,8.0,0.1,691.997711,44183.0,3.1,3.1,0.0,11.4
Georgia,2007,Developing,74.4,12,1,8.65,106.164686,94.0,44,49.9,1,88.0,8.17,98.0,0.1,2492.12878,482.0,2.7,2.9,0.722,12.5
Georgia,2015,Developing,74.4,129,1,,0.0,94.0,431,56.2,1,91.0,,94.0,0.1,3764.64912,37171.0,2.7,2.8,0.768,13.9
Georgia,2009,Developing,73.2,133,1,6.66,18.5314303,54.0,23,51.3,1,93.0,1.19,88.0,0.1,276.588512,3978.0,2.6,2.8,0.734,12.8
Germany,2007,Developed,79.8,82,3,11.5,7777.556353,86.0,567,58.5,3,95.0,1.18,96.0,0.1,41814.8191,82266372.0,1.1,1.1,0.898,16.6
Germany,2009,Developed,80.0,79,2,11.22,7641.270645,88.0,574,59.5,3,95.0,11.4,96.0,0.1,41732.7725,819237.0,1.1,1.1,0.906,16.7
Germany,2015,Developed,81.0,68,2,,0.0,88.0,2464,62.3,3,94.0,,95.0,0.1,41176.88158,81686611.0,1.1,1.1,0.924,17.1
Germany,2010,Developed,81.0,76,2,11.2,7584.078579,88.0,780,59.9,3,94.0,11.25,95.0,0.1,41785.55691,8177693.0,1.1,1.1,0.907,16.7
Germany,2012,Developed,86.0,71,2,11.18,839.91332,88.0,166,6.9,3,94.0,1.99,95.0,0.1,4465.24891,8425823.0,1.1,1.1,0.916,16.9
Germany,2004,Developed,79.1,86,3,11.83,5842.374765,88.0,121,57.1,3,96.0,1.37,96.0,0.1,34165.9343,8251626.0,1.1,1.1,0.877,16.4
Germany,2008,Developed,79.9,8,2,11.36,8285.264655,87.0,917,59.0,3,95.0,1.39,96.0,0.1,45699.19832,821197.0,1.1,1.1,0.903,16.6
Germany,2011,Developed,85.0,74,2,11.2,869.790735,88.0,1607,6.4,3,94.0,1.93,95.0,0.1,4681.32796,8274983.0,1.1,1.1,0.912,16.8
Ghana,2008,Developing,63.0,275,41,1.78,161.0106435,93.0,82,24.2,61,92.0,4.85,93.0,2.2,1224.41554,2329864.0,7.5,7.4,0.53,9.8
Ghana,2012,Developing,61.6,257,39,0.01,151.899429,92.0,1613,26.7,56,91.0,4.79,92.0,0.9,1629.8222,2573349.0,6.7,6.6,0.563,11.2
Ghana,2009,Developing,66.0,271,41,1.76,30.72290501,94.0,101,24.9,60,94.0,5.17,94.0,2.1,186.76538,2393831.0,7.3,7.2,0.542,10.4
Ghana,2004,Developing,58.3,34,41,1.46,53.23775977,8.0,60,21.8,62,81.0,3.96,8.0,3.2,423.1936389,2986536.0,8.4,8.3,0.491,7.7
Ghana,2013,Developing,61.9,254,38,0.01,28.66897829,9.0,319,27.3,55,91.0,4.63,9.0,0.9,1814.492297,26346251.0,6.6,6.4,0.57,11.5
Ghana,2003,Developing,57.9,38,41,1.53,31.09435342,8.0,1939,21.2,63,8.0,3.12,8.0,3.4,373.2815537,2446782.0,8.6,8.5,0.489,7.9
Ghana,2005,Developing,58.9,296,41,1.5,78.71123825,84.0,435,22.4,62,85.0,4.51,84.0,3.1,498.172394,215429.0,8.1,8.1,0.499,8.1
Ghana,2001,Developing,57.4,39,42,1.49,25.55981288,,13476,2.1,64,81.0,3.56,79.0,3.5,273.6596668,1942165.0,9.0,9.0,0.485,8.0
Greece,2014,Developing,88.0,73,0,7.53,2163.043414,96.0,1,66.0,0,99.0,8.8,99.0,0.1,21673.7817,1892413.0,0.8,0.7,0.862,17.2
Greece,2009,Developing,80.0,78,0,9.08,372.6854142,95.0,2,63.1,0,99.0,9.76,99.0,0.1,2971.973,111717.0,0.8,0.7,0.857,16.2
Greece,2002,Developing,79.0,81,1,8.09,160.8897265,91.0,5,58.6,1,92.0,8.72,92.0,0.1,1411.31339,19222.0,0.8,0.8,0.811,14.6
Greece,2000,Developing,78.2,84,1,8.48,122.1823517,89.0,56,57.4,1,89.0,7.6,89.0,0.1,1242.95373,18588.0,0.9,0.8,0.794,13.9
Greece,2011,Developing,85.0,76,0,8.02,3192.887363,95.0,40,64.3,0,99.0,9.77,99.0,0.1,25916.29353,1114899.0,0.8,0.7,0.86,16.7
Greece,2013,Developing,86.0,74,0,7.46,2183.106986,98.0,3,65.4,0,99.0,9.26,99.0,0.1,21874.8195,1965211.0,0.8,0.7,0.86,17.1
Greece,2003,Developing,79.1,81,0,9.46,2124.921517,92.0,0,59.2,1,93.0,8.61,94.0,0.1,18477.57841,19287.0,0.8,0.8,0.823,15.2
Greece,2004,Developing,79.2,81,0,9.56,287.6124519,92.0,1,59.9,1,95.0,8.3,95.0,0.1,21955.149,1955141.0,0.8,0.8,0.83,15.3
Grenada,2005,Developing,71.5,169,0,8.8,119.5548694,99.0,0,4.5,0,99.0,5.5,99.0,0.1,6754.512393,,3.9,4.0,0.0,14.9
Grenada,2015,Developing,73.6,142,0,,0.0,92.0,0,48.4,0,99.0,,92.0,0.1,9212.192824,,3.8,3.8,0.751,15.8
Grenada,2003,Developing,71.1,173,0,9.75,77.9454329,97.0,0,39.4,0,98.0,5.89,97.0,0.1,5773.73577,,4.0,4.1,0.0,14.6
Grenada,2012,Developing,73.1,146,0,8.07,865.9999782,97.0,0,45.6,0,98.0,6.36,97.0,0.1,7583.1872,,3.8,3.8,0.744,15.8
Grenada,2013,Developing,73.3,144,0,8.25,780.4459281,97.0,0,46.5,0,98.0,6.15,97.0,0.1,7955.615985,,3.8,3.8,0.746,15.8
Grenada,2002,Developing,79.0,176,0,10.71,513.3465408,98.0,0,38.8,0,98.0,6.67,98.0,0.1,5292.232379,,4.1,4.1,0.0,14.4
Grenada,2007,Developing,71.9,164,0,9.06,95.19375921,96.0,0,41.8,0,96.0,5.88,96.0,0.1,7322.596862,,3.9,3.9,0.0,15.3
Grenada,2011,Developing,72.9,15,0,7.84,11.56715633,94.0,0,44.7,0,95.0,6.35,95.0,0.1,741.48438,,3.8,3.8,0.741,15.8
Guatemala,2002,Developing,69.3,21,16,2.41,25.25040918,,0,41.7,20,82.0,6.71,82.0,0.3,171.771491,1228848.0,1.5,1.5,0.553,8.8
Guatemala,2007,Developing,75.0,192,13,2.4,380.9632429,85.0,0,45.2,16,85.0,6.86,85.0,0.4,2489.955836,137286.0,1.3,1.3,0.578,10.1
Guatemala,2003,Developing,69.4,24,15,2.45,249.3262948,,0,42.4,19,84.0,6.88,84.0,0.4,1753.349471,125478.0,1.4,1.4,0.56,9.0
Guatemala,2012,Developing,71.3,189,11,2.02,484.7187892,96.0,0,48.6,13,94.0,6.33,96.0,0.4,3299.65139,1527156.0,1.2,1.2,0.616,10.6
Guatemala,2011,Developing,71.1,193,11,2.16,457.7745845,88.0,0,47.9,14,88.0,6.28,88.0,0.4,3187.845296,14948919.0,1.2,1.2,0.609,10.5
Guatemala,2015,Developing,71.9,186,10,,0.0,74.0,0,5.6,12,9.0,,74.0,0.4,3923.573344,16252429.0,1.2,1.2,0.637,10.7
Guatemala,2008,Developing,79.0,19,13,2.21,472.2234994,95.0,0,45.9,15,96.0,6.65,95.0,0.4,2794.22189,146366.0,1.3,1.3,0.589,10.4
Guatemala,2000,Developing,67.7,221,17,2.63,238.7369808,,0,4.4,21,8.0,5.25,81.0,0.2,1655.596261,1165743.0,1.6,1.6,0.539,8.2
Guinea,2011,Developing,58.1,29,28,0.22,42.2547904,63.0,11,21.2,43,63.0,4.73,63.0,2.0,459.2912,113517.0,8.0,8.0,0.385,8.4
Guinea,2003,Developing,53.3,338,34,0.18,2.39524067,,2497,17.7,55,61.0,3.45,57.0,2.9,37.1931781,939848.0,9.7,9.7,0.338,5.9
Guinea,2002,Developing,52.9,337,35,0.21,21.3378184,,2151,17.3,56,56.0,3.76,53.0,3.0,322.811171,9137345.0,9.9,9.9,0.329,5.5
Guinea,2008,Developing,56.8,33,30,0.21,19.68510257,57.0,89,19.8,47,59.0,3.21,6.0,2.3,437.4467238,1323142.0,8.6,8.6,0.371,7.9
Guinea,2013,Developing,58.8,284,27,0.01,5.140668848,63.0,53,22.2,41,63.0,5.49,63.0,1.0,54.169324,11536615.0,7.7,7.6,0.406,8.5
Guinea,2014,Developing,58.1,299,27,0.01,50.57976483,51.0,175,22.7,41,42.0,5.64,51.0,0.5,561.997387,118559.0,7.5,7.4,0.412,8.6
Guinea,2005,Developing,54.7,327,32,0.21,1.099665984,,99,18.5,51,59.0,2.82,59.0,2.7,33.424498,9679745.0,9.3,9.3,0.346,6.6
Guinea,2004,Developing,54.0,334,33,0.34,18.93011259,,10,18.1,53,65.0,3.14,6.0,2.8,386.3288283,949229.0,9.5,9.5,0.325,5.1
Guinea-Bissau,2007,Developing,55.0,32,5,2.98,31.06932595,,1,21.3,7,76.0,6.1,74.0,5.7,481.694976,1445958.0,8.7,8.6,0.394,8.8
Guinea-Bissau,2009,Developing,56.3,288,4,2.55,47.12969266,8.0,0,22.5,7,78.0,6.81,8.0,6.0,544.222779,1517448.0,8.3,8.1,0.401,8.9
Guinea-Bissau,2002,Developing,52.8,35,5,2.47,24.65761755,,298,18.5,8,61.0,5.84,57.0,4.1,321.481324,1293523.0,9.8,9.7,0.0,7.1
Guinea-Bissau,2005,Developing,53.9,37,5,3.1,22.09757984,,0,2.1,8,73.0,5.72,68.0,5.4,424.9534585,138838.0,9.2,9.0,0.0,8.0
Guinea-Bissau,2000,Developing,52.1,3,5,2.84,6.699418747,,0,17.4,9,52.0,4.94,49.0,3.1,297.7519443,1243229.0,1.2,1.2,0.0,6.4
Guinea-Bissau,2011,Developing,57.1,289,4,3.57,40.45367358,86.0,0,23.7,7,85.0,5.46,86.0,5.7,692.69989,1596154.0,7.8,7.7,0.41,9.0
Guinea-Bissau,2006,Developing,54.4,36,5,3.22,21.53374936,,0,2.7,8,74.0,5.87,71.0,5.6,418.94454,1412669.0,8.9,8.8,0.388,8.3
Guinea-Bissau,2003,Developing,53.0,38,5,2.16,2.527115422,,1158,19.0,8,65.0,5.62,6.0,4.6,36.5718585,132122.0,9.6,9.5,0.0,7.4
Guyana,2006,Developing,65.2,24,1,7.04,170.6325842,93.0,0,39.6,1,92.0,4.67,93.0,1.1,1945.6395,74961.0,5.7,5.5,0.622,11.7
Guyana,2009,Developing,66.1,218,0,7.49,466.6693698,98.0,0,41.6,1,97.0,7.32,98.0,0.3,2716.35256,745693.0,5.6,5.4,0.618,10.5
Guyana,2013,Developing,65.9,218,0,7.56,345.9044258,98.0,0,45.0,1,98.0,5.1,98.0,0.3,3944.178173,75881.0,5.5,5.3,0.633,10.3
Guyana,2014,Developing,66.0,217,0,7.64,4.141293345,98.0,0,45.9,1,97.0,5.25,98.0,0.3,43.82321,763393.0,5.5,5.3,0.636,10.3
Guyana,2012,Developing,65.8,22,0,7.57,497.4719464,97.0,0,44.1,1,97.0,6.57,97.0,0.3,3785.935665,75391.0,5.6,5.3,0.63,10.6
Guyana,2000,Developing,65.4,246,1,6.63,16.75480888,,0,35.7,1,79.0,5.85,88.0,1.1,946.599372,75331.0,5.9,5.8,0.602,10.9
Guyana,2001,Developing,65.4,247,1,6.71,15.54978677,85.0,0,36.4,1,9.0,5.82,85.0,1.7,925.582546,752263.0,5.9,5.7,0.606,10.9
Guyana,2002,Developing,65.3,244,1,7.73,10.9363388,91.0,0,37.1,1,93.0,5.84,91.0,2.3,96.8674827,751884.0,5.9,5.7,0.609,11.0
Haiti,2015,Developing,63.5,24,14,,0.0,6.0,0,49.9,18,56.0,,6.0,0.5,814.5463952,171161.0,3.9,3.9,0.49,9.1
Haiti,2001,Developing,58.9,35,19,6.22,60.77815868,,159,34.8,27,52.0,5.63,45.0,5.0,413.7383164,8692567.0,4.7,4.7,0.443,7.9
Haiti,2004,Developing,58.7,32,18,6.1,64.39853344,,0,37.5,24,58.0,5.61,55.0,4.3,387.9429725,9119178.0,4.5,4.5,0.45,8.1
Haiti,2010,Developing,36.3,682,23,5.76,36.2929176,,0,44.2,58,66.0,8.9,66.0,1.9,662.2795182,9999617.0,4.0,4.0,0.47,8.6
Haiti,2014,Developing,63.1,245,14,0.01,5.103249438,48.0,0,48.8,19,55.0,7.56,48.0,0.5,83.1148117,1572466.0,3.9,3.9,0.487,9.1
Haiti,2012,Developing,62.3,259,15,5.68,26.37942542,,0,46.5,20,67.0,9.88,67.0,0.8,766.8437623,128921.0,3.9,3.9,0.477,8.9
Haiti,2011,Developing,62.3,259,15,5.68,4.106484317,,0,45.3,20,67.0,1.41,68.0,1.5,74.9358452,114554.0,4.0,4.0,0.47,8.7
Haiti,2005,Developing,65.0,29,17,5.57,38.10904264,,0,38.5,24,6.0,4.41,6.0,3.9,465.311876,926344.0,4.4,4.4,0.452,8.2
Honduras,2012,Developing,74.1,151,4,3.11,363.5721644,97.0,0,48.4,4,97.0,9.78,97.0,0.4,2178.38325,855646.0,2.2,2.1,0.614,11.6
Honduras,2011,Developing,73.9,153,4,3.1,32.16407994,97.0,0,47.6,5,97.0,8.57,97.0,0.4,212.584798,83516.0,2.2,2.2,0.611,11.7
Honduras,2003,Developing,71.9,166,6,3.04,194.4335736,91.0,0,41.2,7,92.0,8.29,92.0,1.4,1157.3427,733821.0,2.6,2.5,0.566,10.3
Honduras,2005,Developing,72.5,163,5,3.23,203.7134882,97.0,0,42.8,6,98.0,7.81,98.0,0.9,1311.741714,737343.0,2.5,2.4,0.577,10.6
Honduras,2004,Developing,72.2,165,5,3.02,188.2499208,93.0,0,42.0,7,94.0,7.89,94.0,1.2,1217.657961,724153.0,2.6,2.5,0.571,10.4
Honduras,2006,Developing,72.8,161,5,3.23,192.9297829,94.0,0,43.5,6,94.0,7.63,95.0,0.8,1437.628785,754146.0,2.4,2.4,0.583,10.8
Honduras,2009,Developing,73.4,157,4,3.08,286.1211446,97.0,0,45.9,5,97.0,8.84,97.0,0.5,1815.489496,83521.0,2.3,2.2,0.603,11.3
Honduras,2014,Developing,74.5,149,3,2.87,345.3776344,97.0,0,5.2,4,97.0,8.72,97.0,0.3,2242.711912,889216.0,2.1,2.1,0.618,11.4
Hungary,2000,Developed,71.7,193,1,12.22,75.36251406,,1,56.1,1,99.0,7.6,99.0,0.1,4623.46712,121971.0,2.3,2.3,0.761,13.9
Hungary,2005,Developed,72.9,182,1,12.94,1317.08348,,2,58.8,1,99.0,8.28,99.0,0.1,11161.72441,18765.0,2.0,2.0,0.795,15.0
Hungary,2003,Developed,72.5,184,1,13.24,1030.220271,,0,57.6,1,99.0,8.42,99.0,0.1,8396.25323,1129552.0,2.1,2.1,0.784,14.9
Hungary,2014,Developed,75.6,137,0,0.01,160.9449342,,0,64.2,0,99.0,7.4,99.0,0.1,14117.97668,9866468.0,1.7,1.6,0.834,15.8
Hungary,2009,Developed,74.2,162,0,11.46,1281.155944,,1,61.1,1,99.0,7.55,99.0,0.1,12967.16543,12265.0,1.8,1.8,0.816,15.3
Hungary,2008,Developed,74.1,165,1,11.64,181.7634078,,0,6.5,1,99.0,7.33,99.0,0.1,15669.25929,138188.0,1.9,1.9,0.812,15.3
Hungary,2007,Developed,73.5,176,1,12.55,163.3433278,,0,59.9,1,99.0,7.51,99.0,0.1,13842.6549,15578.0,1.9,1.9,0.809,15.3
Hungary,2002,Developed,72.5,184,1,13.29,8.98619805,,0,57.1,1,98.0,7.47,99.0,0.1,665.6443,115868.0,2.2,2.2,0.775,14.6
Iceland,2007,Developed,81.3,59,0,7.53,12042.97366,,0,57.8,0,97.0,8.75,97.0,0.1,68348.31817,311566.0,0.9,0.9,0.887,18.2
Iceland,2004,Developed,88.0,65,0,6.79,8506.101443,,0,56.5,0,99.0,9.59,99.0,0.1,46917.27216,29274.0,1.0,0.9,0.873,18.3
Iceland,2008,Developed,81.4,58,0,8.49,7613.814999,,0,58.1,0,98.0,8.8,98.0,0.1,55575.29196,317414.0,0.9,0.9,0.892,18.2
Iceland,2006,Developed,81.1,61,0,7.2,1003.139804,,0,57.4,0,97.0,8.96,97.0,0.1,5613.54115,33782.0,0.9,0.9,0.884,18.1
Iceland,2001,Developed,80.0,72,0,6.37,5048.274426,,0,54.8,0,92.0,9.12,92.0,0.1,28585.9254,284968.0,1.0,0.9,0.854,17.1
Iceland,2009,Developed,81.6,55,0,10.22,687.5776358,,0,58.5,0,96.0,9.12,96.0,0.1,4461.89251,318499.0,0.9,0.9,0.894,18.4
Iceland,2014,Developed,82.5,49,0,7.45,8254.020763,,0,6.6,0,9.0,8.86,9.0,0.1,52473.11356,327386.0,1.0,0.9,0.915,19.0
Iceland,2000,Developed,79.7,74,0,6.17,5809.12199,,0,54.2,0,98.0,9.28,98.0,0.1,31813.37344,28125.0,1.0,0.9,0.847,16.8
India,2004,Developing,64.0,214,1600,1.2,27.33800857,6.0,55443,13.0,2100,58.0,4.22,63.0,0.3,621.3183767,1126135777.0,27.2,28.2,0.518,9.2
India,2009,Developing,66.0,2,1300,2.5,0.844186331,37.0,56188,15.4,1700,73.0,4.38,74.0,0.2,19.317765,121427132.0,27.0,27.8,0.563,10.5
India,2006,Developing,64.8,28,1500,1.37,34.85942671,6.0,64185,13.9,2000,66.0,4.25,65.0,0.3,792.259698,1161977719.0,27.1,28.0,0.536,9.7
India,2001,Developing,62.9,222,1800,1.0,19.00340606,,51780,11.8,2400,58.0,4.5,59.0,0.3,447.138966,171477855.0,27.5,28.5,0.494,8.3
India,2010,Developing,66.4,196,1200,2.77,57.73359864,38.0,31458,15.9,1600,76.0,4.28,79.0,0.2,1345.77153,12398691.0,27.0,27.8,0.569,10.4
India,2013,Developing,67.6,187,1000,3.11,67.67230438,7.0,13822,17.5,1300,82.0,4.53,83.0,0.2,1452.195373,127856227.0,26.8,27.5,0.599,11.5
India,2002,Developing,63.3,219,1700,1.1,17.81205644,,40044,12.2,2300,58.0,4.4,59.0,0.3,466.2842,18987112.0,27.4,28.4,0.499,8.4
India,2005,Developing,64.4,211,1500,1.27,3.5096369,8.0,36711,13.5,2000,65.0,4.28,65.0,0.3,77.819,1144118674.0,27.2,28.1,0.526,9.4
Indonesia,2009,Developing,67.9,189,143,0.08,125.7980678,82.0,20818,22.1,174,85.0,2.83,78.0,0.3,2254.44566,23934478.0,1.7,1.6,0.645,11.7
Indonesia,2005,Developing,67.2,19,163,0.06,5.381782562,65.0,15853,19.0,201,79.0,2.79,72.0,0.1,126.928834,22671273.0,1.9,1.9,0.629,11.1
Indonesia,2006,Developing,67.3,191,159,0.06,72.0159316,66.0,20422,19.7,194,78.0,2.91,72.0,0.1,1586.254,22983822.0,1.8,1.8,0.632,10.9
Indonesia,2015,Developing,69.1,176,114,,0.0,78.0,15099,27.4,136,8.0,,78.0,0.3,3336.16686,258162113.0,1.4,1.2,0.686,12.9
Indonesia,2010,Developing,68.1,187,138,0.08,190.5453646,83.0,18869,22.9,167,82.0,2.74,81.0,0.3,3113.48635,242524123.0,1.6,1.5,0.656,12.1
Indonesia,2013,Developing,68.7,181,124,0.09,22.8478308,85.0,8419,25.6,148,86.0,2.93,85.0,0.3,362.663981,25232263.0,1.5,1.3,0.677,12.9
Indonesia,2012,Developing,68.5,183,129,0.08,254.4688257,83.0,15489,24.7,154,84.0,2.9,83.0,0.3,3687.953996,248883232.0,1.5,1.4,0.669,12.6
Indonesia,2003,Developing,66.9,189,173,0.05,8.460155758,64.0,24457,17.5,215,8.0,2.53,71.0,0.1,164.59447,22545214.0,1.9,11.0,0.613,10.8
Iran (Islamic Republic of),2015,Developing,75.5,83,18,,0.0,98.0,615,59.7,21,98.0,,98.0,0.1,,,8.5,8.6,0.774,14.8
Iran (Islamic Republic of),2009,Developing,73.3,122,23,0.03,0.0,99.0,262,52.5,27,99.0,7.63,99.0,0.1,,,7.7,7.9,0.728,12.8
Iran (Islamic Republic of),2012,Developing,75.1,85,21,0.01,0.0,98.0,332,56.0,24,99.0,6.98,99.0,0.1,,,8.0,8.2,0.755,13.6
Iran (Islamic Republic of),2014,Developing,75.4,83,19,0.01,0.0,99.0,99,58.5,22,99.0,6.89,99.0,0.1,,,8.3,8.4,0.77,14.9
Iran (Islamic Republic of),2010,Developing,74.1,16,22,0.03,0.0,99.0,538,53.6,26,99.0,8.2,99.0,0.1,,,7.8,8.0,0.735,12.9
Iran (Islamic Republic of),2006,Developing,72.2,139,26,0.02,0.0,98.0,220,49.4,30,99.0,5.95,98.0,0.1,,,7.4,7.7,0.692,11.4
Iran (Islamic Republic of),2002,Developing,71.2,142,31,0.01,0.0,99.0,9554,46.2,37,99.0,5.39,99.0,0.1,,,7.6,7.7,0.674,11.9
Iran (Islamic Republic of),2004,Developing,71.8,139,28,0.01,0.0,95.0,3,47.6,33,98.0,5.89,99.0,0.1,,,7.4,7.7,0.686,11.8
Iraq,2000,Developing,70.0,144,30,0.2,0.0,67.0,726,49.5,37,83.0,,8.0,0.1,,23565413.0,5.6,5.4,0.603,8.6
Iraq,2004,Developing,67.2,21,30,0.32,44.12059646,62.0,9081,51.9,37,69.0,5.61,74.0,0.1,1391.816923,2631669.0,5.4,5.2,0.603,9.8
Iraq,2015,Developing,68.9,182,32,,0.0,56.0,1433,59.1,38,63.0,,58.0,0.1,4974.2693,36115649.0,5.3,5.1,0.649,10.1
Iraq,2005,Developing,66.8,29,31,0.18,59.18845152,65.0,908,52.5,37,69.0,4.13,65.0,0.1,1849.63911,278426.0,5.4,5.2,0.628,10.1
Iraq,2011,Developing,77.0,144,32,0.17,285.119726,77.0,15,56.5,39,8.0,3.32,79.0,0.1,5854.614497,3172753.0,5.3,5.1,0.649,10.4
Iraq,2013,Developing,69.5,17,32,0.01,447.3695001,66.0,669,57.8,39,7.0,5.92,68.0,0.1,6925.22446,33883145.0,5.3,5.1,0.659,10.3
Iraq,2010,Developing,76.0,145,32,0.19,21.82252494,72.0,492,55.8,39,74.0,3.82,74.0,0.1,452.74948,376271.0,5.3,5.1,0.646,10.4
Iraq,2009,Developing,74.0,148,32,0.2,185.6366983,75.0,30328,55.2,39,78.0,4.65,78.0,0.1,3735.144836,29894652.0,5.4,5.1,0.643,10.3
Ireland,2006,Developed,79.0,78,0,13.44,9126.931178,,87,55.8,0,91.0,7.22,91.0,0.1,54326.9713,4273591.0,0.3,0.2,0.896,17.6
Ireland,2005,Developed,78.7,78,0,13.31,973.681333,,95,55.1,0,9.0,7.27,9.0,0.1,5886.82789,4159914.0,0.3,0.2,0.889,17.5
Ireland,2012,Developed,85.0,69,0,11.49,6616.695125,95.0,107,6.5,0,95.0,8.32,95.0,0.1,49231.36254,4586897.0,0.3,0.2,0.895,18.5
Ireland,2003,Developed,78.0,82,0,13.24,675.2134725,,584,53.6,0,86.0,7.5,86.0,0.1,4117.15532,3996521.0,0.3,0.2,0.87,16.8
Ireland,2008,Developed,79.8,75,0,12.66,9528.230574,,57,57.4,0,93.0,8.64,93.0,0.1,61235.415,4489544.0,0.3,0.2,0.908,17.9
Ireland,2013,Developed,81.0,67,0,10.49,703.5527332,95.0,51,61.3,0,96.0,8.1,96.0,0.1,5234.76736,4598294.0,0.3,0.2,0.902,18.6
Ireland,2011,Developed,84.0,7,0,11.72,6386.95437,95.0,285,59.7,0,95.0,8.15,95.0,0.1,52567.52568,4576794.0,0.3,0.2,0.909,18.5
Ireland,2010,Developed,86.0,68,0,11.88,4509.234803,46.0,443,58.9,0,94.0,8.76,94.0,0.1,48538.58776,456155.0,0.3,0.2,0.907,18.2
Israel,2014,Developing,82.2,6,1,2.62,4348.33531,97.0,6,64.6,1,95.0,7.81,95.0,0.1,37582.84624,82157.0,1.2,1.1,0.895,16.0
Israel,2002,Developing,79.3,74,1,2.47,1701.195787,98.0,2,59.2,1,91.0,7.49,9.0,0.1,18431.15696,657.0,1.1,1.1,0.855,15.3
Israel,2007,Developing,84.0,68,1,2.33,4.3451016,99.0,539,61.6,1,95.0,7.37,95.0,0.1,258.637,7181.0,1.1,1.1,0.872,15.7
Israel,2010,Developing,81.7,61,1,2.63,409.4109292,97.0,23,63.0,1,95.0,7.36,95.0,0.1,3661.994,76236.0,1.2,1.1,0.878,15.7
Israel,2005,Developing,80.0,71,1,2.41,250.9343317,96.0,2,6.6,1,95.0,7.44,93.0,0.1,2611.17931,6931.0,1.1,1.1,0.866,15.8
Israel,2011,Developing,81.8,61,1,2.67,3793.161624,98.0,70,63.4,1,94.0,7.39,94.0,0.1,33657.15727,77658.0,1.2,1.1,0.883,15.8
Israel,2003,Developing,79.7,71,1,2.32,1731.755747,98.0,124,59.6,1,93.0,7.44,93.0,0.1,18946.99942,66897.0,1.1,1.1,0.863,16.0
Israel,2001,Developing,79.3,74,1,2.53,22.27332618,96.0,19,58.7,1,93.0,7.61,92.0,0.1,236.19646,6439.0,1.1,1.1,0.85,15.1
Italy,2004,Developed,89.0,66,2,8.98,4270.914882,96.0,599,57.6,3,97.0,8.49,94.0,0.1,31174.56118,57685327.0,0.5,0.5,0.846,15.6
Italy,2001,Developed,79.8,75,2,9.69,3.1222302,95.0,0,55.7,3,96.0,8.11,93.0,0.1,24.819,569741.0,0.5,0.5,0.828,14.9
Italy,2003,Developed,79.9,72,2,9.3,3519.258515,95.0,10982,57.0,3,97.0,8.17,96.0,0.1,27387.2258,5731323.0,0.5,0.5,0.841,15.4
Italy,2008,Developed,81.5,61,2,7.96,66.37840495,96.0,1617,59.9,2,96.0,8.89,96.0,0.1,464.18465,58826731.0,0.5,0.5,0.866,16.3
Italy,2007,Developed,81.3,63,2,8.37,5228.821581,97.0,321,59.4,2,97.0,8.48,97.0,0.1,37698.78573,5843831.0,0.5,0.5,0.862,16.1
Italy,2002,Developed,80.0,72,2,9.25,2883.334911,95.0,9385,56.4,3,96.0,8.23,93.0,0.1,22196.5736,57597.0,0.5,0.5,0.836,15.2
Italy,2000,Developed,79.4,77,3,9.78,31.50582204,94.0,1457,55.0,3,97.0,7.91,87.0,0.1,251.2426,5694218.0,0.5,0.5,0.823,14.8
Italy,2013,Developed,82.3,58,2,7.35,483.1916844,96.0,0,62.6,2,96.0,9.22,96.0,0.1,3537.27441,6233948.0,0.5,0.6,0.876,16.5
Jamaica,2005,Developing,73.5,161,1,3.59,16.97511622,99.0,0,46.3,1,99.0,4.7,99.0,1.9,482.24762,2744673.0,1.9,1.7,0.706,12.4
Jamaica,2015,Developing,76.2,125,1,,0.0,91.0,0,54.2,1,91.0,,91.0,0.5,4965.989857,2871934.0,1.8,1.7,0.729,12.8
Jamaica,2007,Developing,74.2,148,1,3.64,25.62349238,92.0,0,48.1,1,94.0,4.87,92.0,0.9,462.517913,2775467.0,1.9,1.7,0.714,12.5
Jamaica,2006,Developing,74.0,15,1,3.63,194.092569,97.0,0,47.2,1,99.0,4.22,95.0,1.5,4313.1682,276279.0,1.9,1.7,0.709,12.5
Jamaica,2010,Developing,75.0,138,1,3.55,396.6270975,94.0,0,5.5,1,94.0,5.3,94.0,0.5,4682.728424,281721.0,1.8,1.7,0.721,12.7
Jamaica,2004,Developing,73.3,165,1,3.67,192.3226305,98.0,0,45.4,1,97.0,4.8,98.0,2.3,3719.97351,2728777.0,1.9,1.8,0.689,11.1
Jamaica,2009,Developing,74.7,142,1,3.33,235.7067417,9.0,0,49.7,1,9.0,5.16,9.0,0.6,4293.383274,28482.0,1.9,1.7,0.721,12.7
Jamaica,2013,Developing,75.6,136,1,3.79,5.457289334,93.0,0,52.7,1,86.0,5.91,93.0,0.6,56.144952,285187.0,1.8,1.7,0.727,12.8
Japan,2001,Developed,81.5,72,4,8.03,5486.51208,,22552,22.5,5,81.0,7.75,95.0,0.1,33846.46564,127149.0,1.7,1.4,0.856,14.6
Japan,2015,Developed,83.7,55,2,,0.0,,35,29.0,3,99.0,,96.0,0.1,34474.13736,127141.0,2.1,1.8,0.902,15.3
Japan,2007,Developed,82.6,67,3,7.29,6599.995239,,0,25.4,4,97.0,8.25,98.0,0.1,35275.22843,1281.0,1.8,1.5,0.877,15.0
Japan,2002,Developed,81.8,7,3,7.87,5250.249188,,33812,22.9,5,89.0,7.85,96.0,0.1,32289.3554,127445.0,1.7,1.4,0.86,14.7
Japan,2013,Developed,83.5,56,2,7.55,94.43428615,,229,28.2,3,99.0,1.25,96.0,0.1,4454.44746,127445.0,2.0,1.7,0.894,15.3
Japan,2014,Developed,83.5,57,2,0.01,88.83362243,,462,28.6,3,99.0,1.23,96.0,0.1,3896.21151,127276.0,2.0,1.7,0.899,15.3
Japan,2009,Developed,83.0,64,3,7.09,899.1785285,,741,26.4,4,99.0,9.51,97.0,0.1,4855.17564,12847.0,1.8,1.6,0.881,15.0
Japan,2003,Developed,81.9,7,3,7.83,578.7254273,,8286,23.4,5,97.0,8.0,97.0,0.1,3488.3992,127718.0,1.7,1.4,0.863,14.8
Jordan,2009,Developing,73.3,118,4,0.59,668.7447334,98.0,0,6.9,4,98.0,9.54,98.0,0.1,3492.1396,6821116.0,3.8,3.8,0.742,13.6
Jordan,2010,Developing,73.4,117,4,0.51,715.9709092,98.0,0,61.7,4,98.0,8.42,98.0,0.1,3679.19275,718239.0,3.8,3.8,0.739,13.2
Jordan,2013,Developing,73.9,114,4,0.4,546.6235156,98.0,120,64.0,4,98.0,7.23,98.0,0.1,3992.86717,8413464.0,3.9,3.9,0.737,13.1
Jordan,2003,Developing,72.3,127,4,0.54,228.7838108,97.0,76,56.3,4,97.0,9.15,97.0,0.1,1889.213962,5396774.0,3.9,3.9,0.717,13.2
Jordan,2004,Developing,72.5,125,4,0.54,32.52523612,95.0,21,57.0,4,95.0,9.5,95.0,0.1,261.456882,5535595.0,3.9,3.8,0.723,13.5
Jordan,2001,Developing,71.9,131,4,0.55,248.697463,97.0,61,54.8,4,97.0,9.9,99.0,0.1,1728.2659,5193482.0,4.0,3.9,0.706,12.7
Jordan,2005,Developing,72.4,127,4,0.55,27.44252286,95.0,28,57.8,4,95.0,8.88,95.0,0.1,223.83787,5714111.0,3.9,3.8,0.73,13.8
Jordan,2011,Developing,73.6,116,4,0.43,68.86623298,98.0,0,62.4,4,98.0,8.39,98.0,0.1,387.324145,7574943.0,3.8,3.9,0.737,13.1
Kazakhstan,2004,Developing,64.7,287,8,6.55,33.91660183,99.0,2204,45.8,9,99.0,3.95,82.0,0.1,2874.288291,1512985.0,2.5,2.6,0.725,13.5
Kazakhstan,2002,Developing,64.7,276,8,5.99,145.1022528,95.0,18,44.8,9,95.0,3.61,95.0,0.1,1658.31146,14858948.0,2.6,2.6,0.7,12.7
Kazakhstan,2012,Developing,69.1,214,6,6.82,235.3566066,95.0,55,5.6,7,98.0,4.32,99.0,0.1,12387.18982,16791425.0,2.4,2.5,0.774,14.7
Kazakhstan,2014,Developing,69.9,22,5,6.29,24.44473709,95.0,321,52.3,5,95.0,4.36,95.0,0.1,1286.56511,17289224.0,2.4,2.5,0.789,15.0
Kazakhstan,2005,Developing,64.6,294,8,6.94,351.8603267,94.0,16118,46.3,9,99.0,4.7,98.0,0.1,3771.278957,1514729.0,2.4,2.5,0.737,13.9
Kazakhstan,2011,Developing,68.5,224,7,6.63,179.170133,99.0,127,49.9,7,99.0,4.6,99.0,0.1,11634.42422,165566.0,2.3,2.5,0.766,14.4
Kazakhstan,2006,Developing,65.0,295,8,7.08,76.19868936,99.0,109,46.8,9,99.0,3.73,99.0,0.1,5291.57565,153884.0,2.4,2.5,0.747,14.3
Kazakhstan,2015,Developing,72.0,198,4,,0.0,98.0,526,53.1,5,98.0,,98.0,0.1,159.9817,17544126.0,2.4,2.5,0.793,15.0
Kenya,2012,Developing,62.1,263,59,1.81,154.2269697,94.0,0,2.1,84,94.0,5.49,94.0,3.0,1155.2582,43646629.0,8.0,7.8,0.536,11.1
Kenya,2006,Developing,55.3,388,68,1.76,52.60385429,8.0,1847,16.9,104,77.0,4.24,8.0,10.3,697.66385,37525.0,8.5,8.4,0.483,9.7
Kenya,2014,Developing,62.9,255,56,0.01,170.9626624,92.0,354,21.3,79,93.0,5.72,92.0,2.9,1335.6458,462425.0,7.8,7.7,0.546,11.1
Kenya,2004,Developing,53.0,432,72,1.43,36.29775249,73.0,20,15.9,112,73.0,4.29,73.0,13.2,458.8843551,3574931.0,8.7,8.6,0.461,8.9
Kenya,2002,Developing,52.1,437,76,1.66,32.73674134,84.0,766,15.1,118,83.0,4.54,84.0,15.7,395.8493511,332149.0,8.9,8.9,0.451,8.5
Kenya,2003,Developing,52.4,437,74,1.49,35.85204668,73.0,65,15.5,115,75.0,4.45,73.0,14.5,436.6875357,3413852.0,8.8,8.8,0.45,8.2
Kenya,2011,Developing,61.2,278,60,1.8,109.7051836,96.0,2395,19.5,86,97.0,5.23,96.0,3.4,987.4453967,42486839.0,8.1,7.9,0.53,11.1
Kenya,2005,Developing,54.1,412,70,1.82,39.55677502,76.0,153,16.4,108,7.0,4.36,76.0,11.6,519.7999346,3648288.0,8.6,8.5,0.474,9.6
Kiribati,2005,Developing,64.9,213,0,0.6,111.7392134,5.0,0,72.1,0,74.0,1.6,79.0,0.1,1214.556667,92325.0,0.2,0.2,0.0,12.2
Kiribati,2015,Developing,66.3,198,0,,0.0,82.0,0,77.6,0,8.0,,78.0,0.1,1424.483611,11247.0,0.1,0.1,0.586,11.9
Kiribati,2001,Developing,64.3,219,0,0.6,59.97185848,85.0,0,68.8,0,88.0,9.0,85.0,0.1,734.9492461,85858.0,0.2,0.2,0.0,10.4
Kiribati,2002,Developing,64.6,217,0,0.49,70.75572222,79.0,0,69.7,0,96.0,9.1,77.0,0.1,826.58554,87343.0,0.2,0.2,0.0,11.7
Kiribati,2004,Developing,64.8,214,0,0.48,10.6242741,67.0,0,71.4,0,61.0,1.39,62.0,0.1,113.6286,9542.0,0.2,0.2,0.0,12.4
Kiribati,2008,Developing,65.1,21,0,0.46,167.6201552,83.0,0,74.1,0,74.0,12.23,82.0,0.1,1413.3234,9844.0,0.2,0.1,0.572,11.6
Kiribati,2009,Developing,65.2,28,0,0.54,162.2903711,86.0,0,74.6,0,84.0,12.24,86.0,0.1,1297.285141,1568.0,0.1,0.1,0.576,11.9
Kiribati,2014,Developing,66.1,2,0,0.01,97.87193319,75.0,0,77.1,0,79.0,1.21,75.0,0.1,1684.54274,11458.0,0.1,0.1,0.597,11.9
Kuwait,2014,Developing,74.6,82,0,0.01,2480.896965,96.0,55,7.8,1,94.0,3.4,95.0,0.1,42996.4812,,3.4,3.4,0.787,13.0
Kuwait,2003,Developing,73.4,93,0,0.03,159.0098727,99.0,0,65.5,1,99.0,3.23,99.0,0.1,2271.56961,,3.2,3.0,0.788,14.1
Kuwait,2007,Developing,73.7,89,1,0.03,2555.303869,99.0,0,67.1,1,99.0,2.13,99.0,0.1,45793.97614,,3.2,3.1,0.787,13.9
Kuwait,2006,Developing,73.6,89,1,0.01,2443.444275,99.0,0,66.7,1,99.0,2.25,99.0,0.1,42717.55725,,3.2,3.1,0.787,14.1
Kuwait,2011,Developing,74.2,85,1,0.02,2785.097712,99.0,32,69.0,1,99.0,2.62,99.0,0.1,48268.5912,,3.3,3.2,0.792,13.4
Kuwait,2012,Developing,74.3,84,1,0.01,2957.973963,98.0,27,69.5,1,98.0,2.57,98.0,0.1,51264.7134,,3.4,3.3,0.794,13.2
Kuwait,2009,Developing,73.9,87,1,0.1,3001.628237,99.0,0,67.9,1,99.0,3.87,99.0,0.1,37567.3121,,3.3,3.2,0.788,13.6
Kuwait,2015,Developing,74.7,81,0,,0.0,99.0,18,71.4,1,99.0,,99.0,0.1,28975.418,,3.5,3.4,0.799,13.3
Kyrgyzstan,2000,Developing,66.6,225,4,2.13,0.0,44.0,16,35.6,5,99.0,4.68,99.0,0.1,,,3.6,3.6,0.586,11.4
Kyrgyzstan,2013,Developing,77.0,174,3,0.01,0.0,97.0,1,43.0,4,97.0,6.68,97.0,0.1,,,3.3,3.3,0.647,12.5
Kyrgyzstan,2002,Developing,66.7,215,4,3.31,0.0,99.0,2,36.5,5,99.0,5.43,98.0,0.1,,,3.5,3.5,0.601,12.1
Kyrgyzstan,2004,Developing,67.1,218,4,3.41,0.0,99.0,8,37.5,4,98.0,5.57,99.0,0.1,,,3.4,3.4,0.609,12.5
Kyrgyzstan,2008,Developing,67.6,217,4,2.53,0.0,97.0,16,39.5,4,95.0,6.7,95.0,0.2,,,3.3,3.4,0.624,12.6
Kyrgyzstan,2012,Developing,69.9,18,3,0.01,0.0,96.0,0,42.2,4,94.0,6.97,96.0,0.1,,,3.2,3.3,0.638,12.3
Kyrgyzstan,2007,Developing,67.2,229,4,2.77,0.0,94.0,40,39.0,4,94.0,6.87,94.0,0.1,,,3.3,3.4,0.618,12.6
Kyrgyzstan,2009,Developing,68.5,21,4,2.39,0.0,96.0,1,4.1,4,96.0,6.79,95.0,0.1,,,3.3,3.4,0.629,12.4
Lao People's Democratic Republic,2014,Developing,65.3,199,8,0.01,0.0,88.0,339,2.9,11,88.0,1.87,88.0,0.2,,,8.9,9.0,0.573,10.6
Lao People's Democratic Republic,2010,Developing,63.6,218,10,5.95,0.0,74.0,153,18.0,13,76.0,2.75,74.0,0.3,,,9.3,9.5,0.535,9.6
Lao People's Democratic Republic,2012,Developing,64.4,28,9,0.01,0.0,79.0,32,19.4,12,78.0,2.12,79.0,0.3,,,9.1,9.2,0.554,10.2
Lao People's Democratic Republic,2006,Developing,61.5,24,11,3.69,0.0,57.0,58,15.5,15,56.0,4.14,57.0,0.2,,,9.9,9.9,0.503,9.0
Lao People's Democratic Republic,2011,Developing,64.0,213,9,5.39,0.0,78.0,113,18.7,13,79.0,2.2,78.0,0.3,,,9.2,9.4,0.542,9.9
Lao People's Democratic Republic,2007,Developing,62.1,234,11,5.0,0.0,5.0,1678,16.1,15,46.0,4.14,5.0,0.2,,,9.7,9.8,0.509,9.0
Lao People's Democratic Republic,2002,Developing,59.3,265,13,3.33,0.0,,2070,13.3,18,55.0,4.4,53.0,0.1,,,1.3,1.4,0.468,8.0
Lao People's Democratic Republic,2013,Developing,64.9,23,9,0.01,0.0,87.0,71,2.1,12,86.0,2.0,87.0,0.3,,,9.0,9.1,0.563,10.4
Latvia,2005,Developed,76.0,216,0,9.92,86.9255399,99.0,2,57.0,0,99.0,6.37,99.0,0.1,7558.7426,2238799.0,2.5,2.5,0.791,15.9
Latvia,2001,Developed,69.9,228,0,6.68,332.2751709,96.0,1,55.7,0,97.0,6.17,97.0,0.1,3572.8513,233717.0,2.8,2.8,0.728,14.2
Latvia,2009,Developed,72.6,184,0,9.85,1137.6237,92.0,0,58.5,0,94.0,6.84,94.0,0.1,12219.37379,2141669.0,2.3,2.3,0.821,16.4
Latvia,2011,Developed,73.6,169,0,10.14,24.70841046,89.0,1,59.4,0,92.0,6.1,92.0,0.1,1372.68947,25979.0,2.2,2.3,0.81,15.8
Latvia,2007,Developed,78.0,221,0,12.12,170.9884138,91.0,0,57.7,0,94.0,7.1,94.0,0.1,1444.1589,22325.0,2.4,2.4,0.814,16.2
Latvia,2004,Developed,71.0,26,0,8.81,80.0328375,98.0,0,56.6,0,99.0,6.51,99.0,0.1,6351.8125,2263122.0,2.5,2.6,0.776,15.5
Latvia,2012,Developed,73.8,163,0,10.21,1356.022164,9.0,3,59.8,0,91.0,5.91,91.0,0.1,13822.8559,234319.0,2.2,2.2,0.812,15.5
Latvia,2010,Developed,72.8,18,0,9.8,1109.969508,91.0,0,58.9,0,92.0,6.55,92.0,0.1,11326.21947,297555.0,2.2,2.3,0.815,16.0
Lebanon,2011,Developing,75.0,93,1,1.57,835.0626827,81.0,9,64.0,1,75.0,7.12,81.0,0.1,8734.9653,4588368.0,4.7,4.7,0.758,13.2
Lebanon,2005,Developing,73.9,11,1,1.94,630.0540723,77.0,618,6.8,1,74.0,8.42,77.0,0.1,5339.441291,3986852.0,4.7,4.6,0.0,13.7
Lebanon,2003,Developing,73.5,15,1,2.19,527.9176618,74.0,526,59.7,1,74.0,9.3,74.0,0.1,5425.6697,371464.0,4.8,4.7,0.0,14.8
Lebanon,2007,Developing,74.4,98,1,1.72,8.906931168,8.0,373,61.9,1,75.0,8.9,8.0,0.1,614.271115,486466.0,4.7,4.6,0.731,12.9
Lebanon,2002,Developing,73.2,17,1,1.98,70.13207838,77.0,36,59.1,1,77.0,1.5,77.0,0.1,5436.595223,3522837.0,4.8,4.7,0.0,15.2
Lebanon,2000,Developing,72.7,112,1,2.26,404.3879434,83.0,5,57.9,1,83.0,1.86,83.0,0.1,5334.93329,3235366.0,4.9,4.8,0.0,14.9
Lebanon,2014,Developing,74.8,99,1,1.32,140.3771361,81.0,112,65.4,1,75.0,6.39,81.0,0.1,8161.4614,563279.0,4.8,4.9,0.763,13.3
Lebanon,2010,Developing,74.9,94,1,1.58,805.3956346,81.0,12,63.5,1,75.0,7.19,81.0,0.1,8763.826274,4337141.0,4.7,4.7,0.752,13.3
Lesotho,2010,Developing,51.1,527,4,2.71,154.8705998,93.0,2488,29.7,6,92.0,1.87,93.0,13.4,1173.26212,24551.0,7.2,7.0,0.464,10.9
Lesotho,2005,Developing,44.5,675,5,2.67,57.90369752,87.0,0,27.4,6,88.0,6.3,89.0,34.8,862.9463118,1949543.0,9.3,9.2,0.437,10.7
Lesotho,2001,Developing,47.8,586,5,2.86,38.57187011,,217,25.4,7,78.0,7.53,78.0,31.2,437.819184,1885955.0,11.1,11.1,0.443,10.3
Lesotho,2012,Developing,52.2,513,4,0.01,168.1348992,95.0,179,3.8,6,93.0,11.14,95.0,9.0,1281.516,289928.0,6.4,6.2,0.479,11.0
Lesotho,2011,Developing,52.3,52,4,2.39,195.825251,96.0,172,3.2,6,95.0,11.79,96.0,10.5,1352.38433,264166.0,6.8,6.6,0.469,11.0
Lesotho,2004,Developing,44.8,666,5,1.8,67.91361818,6.0,31,26.9,7,89.0,6.96,9.0,34.6,781.5145936,1933728.0,9.7,9.7,0.439,10.7
Lesotho,2006,Developing,45.3,654,5,2.61,71.15577609,91.0,1,27.9,6,88.0,7.12,89.0,34.1,915.775754,1965662.0,8.8,8.7,0.437,10.7
Lesotho,2013,Developing,52.1,518,4,0.01,153.3443147,93.0,516,31.4,6,9.0,11.7,93.0,9.6,1196.1335,2117361.0,6.1,5.9,0.484,11.1
Liberia,2000,Developing,51.9,39,14,4.46,12.19709744,,5977,2.2,20,56.0,5.91,46.0,3.1,183.4149991,2884522.0,9.2,9.2,0.338,8.7
Liberia,2006,Developing,56.7,32,11,4.05,15.79934152,,20,22.4,15,66.0,1.9,6.0,3.0,178.92799,3375838.0,8.1,8.1,0.377,10.0
Liberia,2004,Developing,54.0,329,12,4.24,17.85870796,,4,21.5,17,47.0,8.77,31.0,3.2,149.4452549,3176414.0,8.5,8.5,0.335,10.2
Liberia,2012,Developing,67.0,261,9,0.01,48.09891474,8.0,43,25.6,12,8.0,1.19,8.0,1.2,415.361958,4181563.0,7.0,6.9,0.416,9.6
Liberia,2007,Developing,57.9,286,10,4.03,3.686899287,,1,22.9,14,67.0,1.24,65.0,2.8,21.3733292,3512932.0,7.9,7.8,0.383,9.9
Liberia,2009,Developing,59.2,277,10,3.75,5.592170255,64.0,6,24.0,13,84.0,14.39,81.0,2.1,33.667491,3811528.0,7.6,7.4,0.4,9.7
Liberia,2010,Developing,59.7,272,9,3.64,41.91052416,47.0,2200,24.5,13,71.0,11.87,7.0,1.8,327.42597,3948125.0,7.4,7.2,0.403,9.6
Liberia,2005,Developing,55.3,316,12,4.19,22.39648813,,8,22.0,16,66.0,8.4,6.0,3.1,168.648254,326123.0,8.3,8.3,0.372,10.1
Libya,2012,Developing,72.9,133,2,0.01,0.0,98.0,320,61.8,2,98.0,4.3,98.0,0.1,,,5.6,5.4,0.706,13.7
Libya,2003,Developing,71.3,144,3,0.01,295.1166511,96.0,0,54.6,3,95.0,4.6,95.0,0.1,4676.96753,,5.6,5.4,0.74,16.0
Libya,2007,Developing,72.5,132,2,0.01,54.8789106,98.0,59,57.4,3,98.0,2.63,98.0,0.1,1138.56661,,5.5,5.4,0.756,15.1
Libya,2010,Developing,72.8,132,2,0.01,52.50394196,98.0,0,59.9,2,98.0,3.5,98.0,0.1,1212.56217,,5.6,5.4,0.755,14.3
Libya,2008,Developing,72.6,132,2,0.01,532.6700005,98.0,8,58.2,2,98.0,2.4,98.0,0.1,14396.4865,,5.5,5.4,0.757,14.8
Libya,2013,Developing,72.9,134,2,0.01,0.0,96.0,0,62.8,2,96.0,4.33,96.0,0.1,,,5.7,5.5,0.735,13.4
Libya,2000,Developing,78.0,148,3,0.01,457.3202236,92.0,0,52.8,3,94.0,3.41,94.0,0.1,7145.628494,,5.7,5.5,0.727,15.5
Libya,2005,Developing,71.9,138,2,0.01,472.3047034,97.0,292,56.0,3,98.0,2.71,98.0,0.1,8171.361651,,5.5,5.4,0.748,15.7
Lithuania,2008,Developed,71.1,224,0,13.3,1888.149904,96.0,1,59.3,0,96.0,6.61,96.0,0.1,14961.56818,3198231.0,2.9,2.9,0.82,16.5
Lithuania,2007,Developed,72.0,24,0,13.4,1581.511914,96.0,0,59.0,0,95.0,6.22,95.0,0.1,12297.91535,3231294.0,2.9,3.0,0.812,16.4
Lithuania,2003,Developed,71.6,22,0,11.29,80.99710054,95.0,1,57.8,0,91.0,6.46,94.0,0.1,555.535669,3415213.0,3.2,3.2,0.78,15.8
Lithuania,2002,Developed,71.4,22,0,11.0,561.9168642,94.0,103,57.5,0,97.0,6.4,95.0,0.1,4146.987928,344367.0,3.3,3.3,0.77,15.3
Lithuania,2010,Developed,72.4,188,0,12.9,1423.802386,94.0,2,6.0,0,95.0,7.9,95.0,0.1,11984.86857,397282.0,2.8,2.8,0.824,16.8
Lithuania,2004,Developed,71.6,24,0,12.1,76.36187737,94.0,1,58.1,0,9.0,5.67,94.0,0.1,676.966998,337775.0,3.1,3.1,0.792,16.3
Lithuania,2009,Developed,72.2,192,0,12.4,1446.529217,95.0,0,59.7,0,98.0,7.53,98.0,0.1,11837.3913,3162916.0,2.8,2.9,0.825,16.6
Lithuania,2013,Developed,73.0,178,0,15.04,1968.816817,93.0,35,61.4,0,93.0,6.59,93.0,0.1,15712.82376,2957689.0,2.7,2.7,0.834,16.4
Luxembourg,2009,Developed,83.0,76,0,11.42,2052.393076,95.0,0,58.8,0,96.0,8.11,99.0,0.1,13198.6693,497783.0,0.9,0.9,0.888,13.5
Luxembourg,2008,Developed,80.0,8,0,11.53,18961.3486,94.0,1,58.4,0,96.0,7.34,99.0,0.1,114293.8433,48865.0,0.9,0.9,0.887,13.5
Luxembourg,2004,Developed,78.7,92,0,12.42,12372.05188,94.0,0,56.4,0,99.0,8.2,99.0,0.1,75716.3518,45895.0,1.0,0.9,0.867,13.5
Luxembourg,2001,Developed,78.0,96,0,12.89,7877.33656,86.0,0,54.6,0,99.0,7.4,99.0,0.1,48179.4285,441525.0,1.0,1.0,0.854,13.4
Luxembourg,2005,Developed,78.8,9,0,11.84,1346.246697,95.0,0,57.0,0,99.0,7.95,99.0,0.1,8289.69641,465158.0,1.0,0.9,0.874,13.5
Luxembourg,2003,Developed,78.6,92,0,12.61,10111.38928,95.0,1,55.8,0,99.0,7.67,98.0,0.1,65445.8853,45163.0,1.0,0.9,0.865,13.6
Luxembourg,2015,Developed,82.0,63,0,,0.0,94.0,0,61.3,0,99.0,,99.0,0.1,1199.8223,56964.0,1.0,0.9,0.896,13.9
Luxembourg,2006,Developed,79.4,85,0,11.98,15345.4907,95.0,8,57.5,0,99.0,7.75,99.0,0.1,89739.7117,472637.0,0.9,0.9,0.88,13.5
Madagascar,2010,Developing,63.3,248,32,1.03,76.60442169,7.0,1,18.0,45,7.0,4.86,7.0,0.5,412.739341,2115164.0,7.6,7.5,0.503,10.2
Madagascar,2006,Developing,61.4,263,36,0.68,38.41870375,82.0,2,16.3,54,83.0,5.11,85.0,0.6,292.157443,1888268.0,8.0,7.9,0.478,9.0
Madagascar,2012,Developing,64.3,235,30,0.87,59.97914461,7.0,2,19.0,42,71.0,3.46,7.0,0.4,443.9611,22346573.0,7.4,7.3,0.506,10.2
Madagascar,2005,Developing,69.0,265,37,0.72,33.74786198,81.0,0,15.8,56,8.0,5.3,85.0,0.6,274.819723,18336724.0,8.1,8.0,0.473,8.9
Madagascar,2003,Developing,59.9,268,40,0.93,37.12894787,61.0,62233,15.0,60,65.0,4.81,66.0,0.7,316.7998965,17279141.0,8.3,8.3,0.457,8.5
Madagascar,2009,Developing,62.8,254,33,0.91,71.16601203,77.0,0,17.6,47,76.0,4.7,77.0,0.5,415.6893226,2569121.0,7.7,7.6,0.5,9.7
Madagascar,2004,Developing,64.0,267,38,0.81,23.72796328,71.0,35558,15.4,58,74.0,4.89,78.0,0.6,245.1235876,1782997.0,8.2,8.1,0.466,8.7
Madagascar,2011,Developing,63.8,241,31,0.97,78.79967196,73.0,0,18.5,43,73.0,4.24,73.0,0.4,454.963464,21743949.0,7.5,7.4,0.504,10.2
Malawi,2001,Developing,43.5,599,48,1.15,12.79760626,,150,14.4,80,86.0,5.7,9.0,25.1,146.7615397,11695863.0,7.9,7.7,0.387,10.1
Malawi,2013,Developing,56.7,394,29,0.01,55.83107625,89.0,1,18.8,42,89.0,1.96,89.0,6.3,332.922339,16577147.0,6.5,6.4,0.459,10.7
Malawi,2006,Developing,47.1,587,38,1.18,6.847033785,99.0,1,16.2,61,99.0,8.99,99.0,21.1,297.6971211,13429262.0,7.3,7.1,0.377,9.6
Malawi,2015,Developing,58.3,365,26,,0.0,88.0,0,19.6,38,88.0,,88.0,4.8,362.6575444,1757367.0,6.4,6.2,0.473,10.8
Malawi,2012,Developing,55.3,42,31,0.01,82.76865922,96.0,11,18.4,46,95.0,12.6,96.0,8.3,374.51882,169735.0,6.6,6.5,0.454,10.7
Malawi,2007,Developing,48.5,559,37,1.18,4.269511381,87.0,143,16.6,59,88.0,9.31,87.0,19.3,32.2227274,1384969.0,7.1,7.0,0.387,9.7
Malawi,2004,Developing,45.1,615,40,1.11,58.13583343,89.0,1116,15.5,65,94.0,7.82,89.0,23.4,274.2256294,1267638.0,7.5,7.4,0.366,10.0
Malawi,2008,Developing,50.0,525,36,1.27,74.34482999,91.0,20,16.9,58,92.0,1.7,91.0,16.9,372.842678,14271234.0,7.0,6.9,0.4,9.6
Malaysia,2002,Developing,72.9,14,4,0.49,216.7029481,95.0,408,27.9,4,94.0,3.4,94.0,0.1,4167.364387,24198811.0,9.5,9.3,0.723,12.0
Malaysia,2008,Developing,73.8,132,3,0.47,438.4519214,97.0,334,33.4,4,97.0,3.47,97.0,0.1,8513.629541,2711169.0,8.5,8.3,0.747,12.5
Malaysia,2014,Developing,74.8,126,4,0.52,721.3655432,96.0,221,39.5,4,97.0,4.17,97.0,0.1,11183.96191,322817.0,7.6,7.4,0.783,13.0
Malaysia,2012,Developing,74.5,129,3,0.53,101.609245,97.0,1868,37.4,4,97.0,4.1,97.0,0.1,1779.49641,2917456.0,7.9,7.7,0.776,12.9
Malaysia,2005,Developing,73.4,135,3,0.46,297.5913833,96.0,1407,3.7,4,96.0,3.29,96.0,0.1,5593.822995,25659393.0,9.0,8.8,0.734,12.9
Malaysia,2000,Developing,72.4,149,4,0.54,23.37167228,97.0,6187,26.0,5,98.0,3.4,98.0,0.1,445.17471,2318568.0,9.8,9.6,0.715,11.6
Malaysia,2013,Developing,74.6,128,3,0.53,110.6779711,96.0,195,38.5,4,97.0,4.2,97.0,0.1,1882.27842,2976724.0,7.8,7.6,0.779,12.9
Malaysia,2004,Developing,73.2,137,3,0.49,315.6639322,94.0,5729,29.8,4,95.0,3.74,95.0,0.1,4955.477743,2517419.0,9.2,8.9,0.731,12.7
Maldives,2013,Developing,77.9,64,0,0.01,1626.591186,99.0,0,25.1,0,99.0,11.16,99.0,0.1,7112.33575,393.0,13.7,13.8,0.683,12.4
Maldives,2005,Developing,74.3,93,0,1.47,620.9518909,98.0,1395,18.0,0,98.0,9.52,98.0,0.1,3488.493769,321.0,14.4,14.5,0.625,12.1
Maldives,2001,Developing,78.0,129,0,1.98,41.30688803,98.0,0,15.6,0,97.0,5.84,98.0,0.1,298.67598,292.0,14.7,14.8,0.587,11.8
Maldives,2008,Developing,75.9,81,0,1.76,1077.712092,98.0,0,2.3,0,98.0,9.3,98.0,0.1,5828.621374,362.0,14.2,14.3,0.641,11.8
Maldives,2000,Developing,69.6,139,0,1.83,300.1621026,96.0,20,15.2,0,98.0,8.0,98.0,0.1,2182.99711,286.0,14.8,14.8,0.577,11.3
Maldives,2014,Developing,78.2,62,0,0.01,2051.748615,99.0,0,26.2,0,99.0,13.73,99.0,0.1,7716.2415,41.0,13.6,13.7,0.693,12.7
Maldives,2010,Developing,76.7,73,0,1.83,91.13971812,97.0,0,22.1,0,97.0,7.93,96.0,0.1,633.79498,367.0,14.0,14.1,0.653,11.6
Maldives,2012,Developing,77.6,65,0,0.01,1259.940376,99.0,0,24.1,0,99.0,9.16,99.0,0.1,6541.7465,385.0,13.8,13.9,0.675,12.1
Mali,2010,Developing,56.5,273,54,0.6,9.585584394,72.0,1719,2.7,91,77.0,6.35,73.0,1.5,78.377632,157585.0,8.8,8.5,0.396,7.3
Mali,2014,Developing,57.8,272,52,0.01,46.56231672,73.0,290,23.2,85,74.0,6.86,73.0,1.6,825.5729915,16962846.0,7.9,7.7,0.43,8.2
Mali,2009,Developing,56.0,276,55,0.59,84.63438925,71.0,2939,2.2,93,77.0,6.85,73.0,1.6,697.153124,1466597.0,9.0,8.8,0.385,7.1
Mali,2005,Developing,53.6,29,57,0.55,60.21211141,83.0,33,18.0,101,78.0,6.34,77.0,1.9,487.942556,12798763.0,9.9,9.7,0.338,5.8
Mali,2007,Developing,55.0,282,56,0.55,81.8405007,74.0,2,19.0,96,76.0,6.97,74.0,1.7,595.6368319,1367566.0,9.4,9.3,0.363,6.4
Mali,2000,Developing,49.8,37,60,0.47,23.94507124,,1578,15.6,111,53.0,6.29,43.0,2.5,269.3483829,196769.0,11.0,1.9,0.291,4.4
Mali,2003,Developing,52.0,299,59,0.54,6.660451777,79.0,232,17.0,106,67.0,6.25,63.0,2.2,391.791281,125128.0,1.3,1.2,0.318,5.2
Mali,2004,Developing,52.8,296,58,0.49,57.11644801,73.0,172,17.5,103,7.0,6.28,69.0,2.0,439.3572924,1239196.0,1.1,1.0,0.333,5.5
Malta,2006,Developed,79.3,66,0,8.84,2380.699796,86.0,1,65.6,0,83.0,8.93,85.0,0.1,16671.5672,4538.0,0.7,0.7,0.809,14.8
Malta,2007,Developed,79.6,65,0,7.45,2578.888314,82.0,2,66.1,0,76.0,8.36,74.0,0.1,19375.5696,46724.0,0.7,0.7,0.808,14.4
Malta,2004,Developed,78.7,69,0,6.53,203.3157499,85.0,4,64.5,0,89.0,8.46,89.0,0.1,1519.5497,41268.0,0.7,0.7,0.797,14.2
Malta,2005,Developed,79.0,67,0,6.41,2247.035692,85.0,6,65.0,0,94.0,8.83,92.0,0.1,15835.34667,43834.0,0.7,0.7,0.805,14.8
Malta,2013,Developed,81.1,57,0,8.58,374.2947283,94.0,0,68.8,0,99.0,9.89,99.0,0.1,2393.1888,423374.0,0.8,0.7,0.828,14.2
Malta,2001,Developed,77.8,79,0,5.62,130.0150391,,2,62.8,0,95.0,7.11,95.0,0.1,1121.78636,39328.0,0.7,0.7,0.783,13.7
Malta,2012,Developed,81.0,58,0,7.67,343.123395,93.0,0,68.4,0,99.0,9.95,99.0,0.1,2193.8836,419455.0,0.8,0.7,0.821,14.1
Malta,2000,Developed,77.5,8,0,5.59,134.3547253,,2,62.3,0,94.0,6.83,94.0,0.1,1139.5651,3987.0,0.8,0.7,0.779,13.8
Mauritania,2000,Developing,60.0,23,7,0.03,8.594570232,,0,21.1,11,58.0,5.26,51.0,1.1,477.476124,279359.0,1.9,1.7,0.443,6.4
Mauritania,2013,Developing,62.7,28,8,0.01,8.88028118,8.0,62,29.4,12,8.0,3.63,8.0,1.1,145.57838,394617.0,8.1,7.9,0.501,8.2
Mauritania,2012,Developing,62.5,29,8,0.01,62.48419552,8.0,35,28.8,12,8.0,3.36,8.0,1.2,1364.283745,383239.0,8.3,8.1,0.491,7.8
Mauritania,2008,Developing,61.4,217,8,0.02,61.76263795,74.0,4,26.1,12,73.0,3.23,74.0,1.3,1167.535689,347541.0,9.2,8.9,0.475,7.2
Mauritania,2010,Developing,62.0,214,8,0.01,8.353074798,64.0,1292,27.4,12,52.0,3.28,64.0,1.2,123.383675,369543.0,8.7,8.5,0.484,7.6
Mauritania,2009,Developing,61.7,215,8,0.01,11.14504291,64.0,322,26.8,12,63.0,3.79,64.0,1.2,146.83851,356288.0,8.9,8.7,0.476,7.1
Mauritania,2015,Developing,63.1,25,8,,0.0,73.0,1,3.8,12,67.0,,73.0,0.9,1158.256469,4182341.0,7.8,7.5,0.513,8.5
Mauritania,2011,Developing,62.2,212,8,0.01,79.27658464,75.0,234,28.1,12,73.0,2.87,75.0,1.2,1393.261593,3717672.0,8.5,8.3,0.487,7.7
Mauritius,2015,Developing,74.6,146,0,,0.0,97.0,0,33.3,0,98.0,,97.0,0.1,9252.11724,126265.0,6.9,6.8,0.779,15.2
Mauritius,2001,Developing,71.5,177,0,4.38,70.15536981,92.0,0,25.8,0,93.0,3.87,92.0,0.1,3792.182152,1196287.0,8.0,8.0,0.673,12.2
Mauritius,2010,Developing,73.3,163,0,2.95,0.108055973,99.0,12,3.7,0,99.0,5.29,99.0,0.2,8.376432,1254.0,7.2,7.2,0.74,14.0
Mauritius,2003,Developing,71.5,174,0,4.08,407.779262,97.0,777,26.9,0,99.0,4.15,99.0,0.1,4623.347642,121337.0,7.9,7.8,0.687,12.6
Mauritius,2002,Developing,71.5,179,0,4.14,369.6317105,88.0,0,26.4,0,88.0,4.24,88.0,0.1,3957.51296,124621.0,7.9,7.9,0.683,12.5
Mauritius,2004,Developing,71.9,168,0,4.16,509.3899943,98.0,28,27.5,0,98.0,4.29,98.0,0.1,5229.876738,12213.0,7.8,7.7,0.696,12.8
Mauritius,2012,Developing,73.9,154,0,0.01,915.1859205,98.0,0,31.8,0,98.0,4.76,98.0,0.1,9291.227619,1255882.0,7.1,7.0,0.756,14.3
Mauritius,2011,Developing,73.6,158,0,3.03,918.807245,98.0,2,31.3,0,98.0,5.2,98.0,0.1,9197.26972,125244.0,7.1,7.1,0.748,14.1
Mexico,2010,Developing,75.6,127,35,5.21,1033.039737,93.0,0,6.1,40,95.0,6.39,95.0,0.1,8959.581416,117318941.0,1.6,1.6,0.739,12.5
Mexico,2002,Developing,75.0,127,49,4.77,12.1859723,97.0,0,54.1,58,98.0,5.52,97.0,0.1,716.8219,1435568.0,1.9,1.8,0.703,11.6
Mexico,2001,Developing,75.0,126,52,4.86,13.31109532,97.0,3,53.2,62,97.0,5.35,97.0,0.1,731.378864,136768.0,1.9,1.9,0.7,11.6
Mexico,2008,Developing,75.6,127,37,5.36,159.8772264,97.0,0,58.7,43,96.0,6.6,96.0,0.1,9689.52887,11366189.0,1.7,1.6,0.735,12.3
Mexico,2012,Developing,76.3,123,33,5.29,112.696486,99.0,0,61.5,38,99.0,6.21,99.0,0.1,982.532572,1282837.0,1.6,1.5,0.748,12.7
Mexico,2009,Developing,75.7,13,36,5.27,881.7364327,95.0,0,59.4,42,95.0,6.6,95.0,0.1,7748.12331,11555228.0,1.7,1.6,0.738,12.5
Mexico,2007,Developing,76.0,123,38,5.35,105.7476131,98.0,0,57.9,45,98.0,5.92,98.0,0.1,933.341687,111836346.0,1.7,1.7,0.731,12.3
Mexico,2014,Developing,76.6,122,31,5.26,168.173753,84.0,3,62.8,36,87.0,6.3,87.0,0.1,1452.27766,1242216.0,1.6,1.5,0.754,13.1
Micronesia (Federated States of),2006,Developing,68.0,176,0,1.73,0.0,84.0,0,64.1,0,81.0,11.92,67.0,0.1,,,0.2,0.2,0.622,10.9
Micronesia (Federated States of),2003,Developing,67.5,18,0,3.15,0.0,89.0,0,62.8,0,88.0,9.69,92.0,0.1,,,0.2,0.2,0.612,10.4
Micronesia (Federated States of),2004,Developing,67.7,179,0,2.02,0.0,8.0,0,63.2,0,82.0,1.64,78.0,0.1,,,0.2,0.2,0.616,10.5
Micronesia (Federated States of),2013,Developing,69.2,166,0,1.67,0.0,83.0,0,68.1,0,81.0,13.38,81.0,0.1,,,0.2,0.2,0.641,11.7
Micronesia (Federated States of),2012,Developing,69.0,168,0,2.98,0.0,82.0,0,67.5,0,81.0,12.77,81.0,0.1,,,0.2,0.2,0.64,11.7
Micronesia (Federated States of),2007,Developing,68.2,175,0,1.64,0.0,9.0,0,64.7,0,79.0,11.99,79.0,0.1,,,0.2,0.2,0.625,11.0
Micronesia (Federated States of),2014,Developing,69.4,164,0,1.58,0.0,81.0,140,68.7,0,76.0,13.71,77.0,0.1,,,0.2,0.2,0.639,11.7
Micronesia (Federated States of),2002,Developing,66.2,21,0,2.78,0.0,85.0,0,62.4,0,84.0,8.2,84.0,0.1,,,0.2,0.2,0.608,10.2
Mongolia,2001,Developing,63.2,266,2,2.87,61.84921903,95.0,10677,39.1,3,95.0,5.45,95.0,0.1,524.145924,2419776.0,2.5,2.6,0.588,9.4
Mongolia,2012,Developing,67.8,231,1,0.01,253.8285861,99.0,0,49.2,2,99.0,4.22,99.0,0.1,4368.82248,2814226.0,2.2,2.3,0.712,14.7
Mongolia,2005,Developing,64.5,274,2,2.75,98.68367951,98.0,0,42.1,2,99.0,5.9,99.0,0.1,998.8226671,2526446.0,2.3,2.4,0.637,11.8
Mongolia,2013,Developing,68.1,227,1,0.01,241.1958645,98.0,0,5.4,1,98.0,4.21,98.0,0.1,4385.379355,286917.0,2.2,2.3,0.72,14.7
Mongolia,2000,Developing,62.8,274,2,2.79,56.431387,93.0,925,38.5,3,94.0,4.92,94.0,0.1,474.2133361,2397436.0,2.6,2.6,0.582,8.9
Mongolia,2008,Developing,67.4,225,2,4.26,181.0123284,96.0,31,44.9,2,95.0,5.58,96.0,0.1,2139.625631,2628131.0,2.2,2.3,0.673,13.4
Mongolia,2014,Developing,68.4,225,1,0.01,281.0023992,99.0,0,51.5,1,99.0,4.73,99.0,0.1,4181.583321,2923896.0,2.2,2.3,0.729,14.8
Mongolia,2010,Developing,66.3,25,1,5.8,22.31624272,96.0,7,46.9,2,96.0,4.7,96.0,0.1,265.353659,271265.0,2.2,2.3,0.693,14.3
Montenegro,2006,Developing,73.8,13,0,5.38,595.7306923,9.0,0,56.5,0,9.0,8.1,9.0,0.1,4383.59597,61525.0,2.2,2.2,0.751,13.2
Montenegro,2011,Developing,75.4,113,0,6.56,666.7374371,91.0,5,59.7,0,95.0,6.92,95.0,0.1,7318.742449,6279.0,1.9,2.0,0.792,15.1
Montenegro,2015,Developing,76.1,16,0,,0.0,82.0,0,61.8,0,89.0,,89.0,0.1,6461.192554,622159.0,1.8,1.8,0.804,15.1
Montenegro,2010,Developing,75.3,115,0,6.56,635.4849381,9.0,5,59.1,0,93.0,6.9,94.0,0.1,6682.281158,619428.0,2.0,2.0,0.787,15.0
Montenegro,2007,Developing,74.2,125,0,4.98,678.5188944,9.0,0,57.2,0,92.0,6.74,92.0,0.1,5957.145693,615875.0,2.1,2.2,0.762,13.6
Montenegro,2001,Developing,73.3,136,0,0.01,33.66981355,,0,52.7,0,,8.23,,0.1,199.583957,67389.0,2.5,2.6,0.0,0.0
Montenegro,2003,Developing,73.5,134,0,0.01,495.0782963,,0,54.2,0,,8.91,,0.1,2789.1735,612267.0,2.4,2.4,0.0,0.0
Montenegro,2013,Developing,75.8,19,0,0.01,707.144691,9.0,0,6.7,0,94.0,6.43,94.0,0.1,7186.429787,62127.0,1.8,1.9,0.799,15.1
Morocco,2000,Developing,68.6,16,27,0.45,63.42140024,43.0,7368,44.8,32,95.0,4.18,95.0,0.1,1332.382358,28849621.0,6.7,6.6,0.519,8.0
Morocco,2009,Developing,72.3,116,20,0.62,188.2902861,98.0,834,52.7,23,99.0,5.67,99.0,0.1,2861.5545,31989897.0,6.4,6.2,0.596,10.5
Morocco,2007,Developing,71.4,128,21,0.56,157.6431445,95.0,2248,5.8,25,95.0,5.48,95.0,0.1,2494.353552,31225881.0,6.4,6.3,0.581,10.0
Morocco,2010,Developing,72.8,11,20,0.56,183.6592186,98.0,633,53.6,23,99.0,5.86,99.0,0.1,2834.2472,3249639.0,6.3,6.2,0.603,10.7
Morocco,2015,Developing,74.3,95,17,,0.0,99.0,17,58.5,20,99.0,,99.0,0.1,2847.285569,3483322.0,6.4,6.2,0.645,12.1
Morocco,2012,Developing,73.6,99,19,0.55,19.15853732,99.0,668,55.5,22,99.0,6.15,99.0,0.1,294.746728,33333789.0,6.3,6.2,0.623,11.6
Morocco,2005,Developing,77.0,137,22,0.47,9.469371264,96.0,0,49.1,26,98.0,5.6,98.0,0.1,213.755559,35217.0,6.5,6.3,0.569,9.8
Morocco,2006,Developing,71.0,133,22,0.58,127.7632005,95.0,1217,49.9,25,97.0,5.23,97.0,0.1,2191.478567,3869346.0,6.4,6.3,0.575,10.0
Mozambique,2004,Developing,54.0,429,82,1.54,46.58195631,76.0,9396,18.1,120,69.0,5.91,83.0,15.9,336.3318145,231275.0,3.9,3.8,0.332,7.0
Mozambique,2012,Developing,54.8,48,64,1.19,49.90987221,76.0,145,21.3,90,73.0,5.58,76.0,6.9,566.513873,2567666.0,3.6,3.5,0.4,9.2
Mozambique,2001,Developing,49.5,48,90,2.09,37.82511936,25.0,7085,16.9,132,72.0,5.64,73.0,13.4,256.4414872,18588758.0,4.1,4.0,0.298,5.8
Mozambique,2011,Developing,54.3,47,66,0.94,40.80617976,76.0,177,2.9,94,73.0,6.23,76.0,9.6,526.5313517,249395.0,3.7,3.6,0.397,9.5
Mozambique,2000,Developing,49.0,43,93,1.14,47.17250718,,7375,16.5,136,69.0,6.16,7.0,12.2,277.6486591,1867687.0,4.2,4.1,0.291,5.4
Mozambique,2010,Developing,54.0,47,69,0.96,5.743393664,74.0,2321,2.5,98,73.0,5.38,74.0,10.8,419.2258149,2422145.0,3.7,3.6,0.39,9.3
Mozambique,2008,Developing,53.2,45,72,1.48,0.796915785,75.0,4,19.7,104,74.0,4.91,75.0,12.6,53.127719,22846758.0,3.7,3.7,0.372,8.8
Mozambique,2005,Developing,58.0,434,80,1.23,67.33378735,75.0,12598,18.5,117,71.0,6.87,8.0,16.2,369.1545359,29237.0,3.9,3.8,0.341,7.3
Myanmar,2003,Developing,63.2,231,69,0.4,3.824212472,8.0,830,15.2,93,86.0,1.97,78.0,0.5,219.782326,47624894.0,13.3,13.6,0.445,7.7
Myanmar,2001,Developing,62.5,239,72,0.38,1.917164,,2519,14.1,98,77.0,1.8,73.0,0.4,138.9249275,46627994.0,13.3,13.7,0.427,7.6
Myanmar,2010,Developing,65.4,29,49,0.3,17.48293752,92.0,190,19.8,65,9.0,1.92,9.0,0.5,987.7365832,5155896.0,13.1,13.3,0.515,8.8
Myanmar,2006,Developing,64.2,22,61,0.28,4.632776304,75.0,760,17.0,83,82.0,1.78,82.0,0.6,296.97284,48846474.0,13.2,13.5,0.474,8.0
Myanmar,2000,Developing,62.1,243,73,0.35,2.511437292,,845,13.6,100,88.0,1.84,82.0,0.4,193.187484,4695462.0,13.3,13.7,0.417,7.5
Myanmar,2002,Developing,62.8,235,71,0.41,3.421880938,,736,14.6,96,84.0,2.5,79.0,0.4,143.77651,471422.0,13.3,13.7,0.435,7.6
Myanmar,2004,Developing,63.5,228,66,0.44,4.15451614,39.0,1329,15.7,90,92.0,1.97,82.0,0.5,219.8156688,487377.0,13.3,13.6,0.455,7.8
Myanmar,2008,Developing,59.2,296,59,0.3,9.53048032,85.0,333,18.3,96,85.0,1.87,85.0,0.6,643.951373,49479752.0,13.2,13.4,0.493,8.2
Namibia,2000,Developing,57.4,41,3,5.73,35.80978512,,469,24.5,4,8.0,6.11,79.0,22.8,257.99557,1899257.0,15.7,15.9,0.559,11.5
Namibia,2005,Developing,55.1,477,3,4.89,457.7200522,,4,27.9,4,86.0,7.32,86.0,22.1,3573.146387,232196.0,13.1,13.1,0.565,11.6
Namibia,2006,Developing,57.0,431,3,4.94,459.1572399,,3,28.7,4,74.0,7.2,86.0,19.2,3881.29535,255734.0,12.6,12.6,0.57,11.4
Namibia,2004,Developing,54.7,483,3,4.8,368.2848258,,4,27.2,4,81.0,6.47,81.0,24.0,3288.257373,29228.0,13.7,13.7,0.559,11.7
Namibia,2002,Developing,55.7,452,3,5.09,203.7322893,,1278,25.8,4,78.0,6.17,77.0,24.6,1713.47594,1962147.0,14.7,14.8,0.556,11.8
Namibia,2010,Developing,63.0,299,3,7.58,719.5535161,83.0,3138,31.8,4,83.0,7.89,83.0,6.2,5191.58381,217317.0,1.4,1.4,0.604,11.4
Namibia,2007,Developing,60.0,356,3,5.12,62.11039296,,21,29.4,4,81.0,6.99,86.0,15.2,422.51968,279915.0,12.0,12.0,0.578,11.3
Namibia,2001,Developing,56.5,426,3,5.09,205.8078833,,416,25.1,4,79.0,6.18,78.0,23.9,1834.29486,1933596.0,15.2,15.4,0.556,11.7
Nepal,2003,Developing,64.3,22,38,0.2,2.79096532,2.0,13344,12.9,50,76.0,5.48,78.0,0.1,253.72412,2495623.0,18.0,18.6,0.457,9.2
Nepal,2009,Developing,67.5,183,25,0.22,6.19357029,89.0,189,15.9,32,93.0,6.41,89.0,0.2,48.7299,2674113.0,16.9,17.4,0.502,10.5
Nepal,2010,Developing,68.0,178,23,0.24,84.62302524,82.0,190,16.4,30,83.0,6.43,82.0,0.2,592.1835216,2723137.0,16.7,17.2,0.515,11.1
Nepal,2014,Developing,69.6,158,18,0.01,8.523486403,92.0,1279,18.5,22,92.0,5.8,92.0,0.1,76.2386977,28323241.0,15.9,16.3,0.551,12.4
Nepal,2006,Developing,66.0,21,31,0.2,45.87989927,69.0,2838,14.4,41,91.0,5.7,89.0,0.2,348.6314534,2594618.0,17.4,18.0,0.476,9.6
Nepal,2013,Developing,69.3,162,19,0.27,80.15505125,92.0,1861,18.0,24,92.0,5.69,92.0,0.1,688.6172788,2798531.0,16.1,16.5,0.545,12.3
Nepal,2005,Developing,65.4,28,33,0.2,4.259752532,41.0,5023,13.9,44,78.0,5.72,75.0,0.2,317.89198,2564287.0,17.6,18.2,0.469,9.4
Nepal,2004,Developing,64.7,218,35,0.21,31.93187316,27.0,12074,13.4,47,8.0,5.82,8.0,0.2,287.4156,2539449.0,17.8,18.4,0.463,9.3
Netherlands,2010,Developed,88.0,64,1,9.33,1035.621437,,15,59.3,1,97.0,1.48,97.0,0.1,5338.25483,16615394.0,1.0,0.9,0.906,17.0
Netherlands,2015,Developed,81.9,57,1,,0.0,94.0,7,62.1,1,95.0,,95.0,0.1,44292.88473,16939923.0,1.0,0.9,0.923,18.1
Netherlands,2004,Developed,79.2,77,1,9.56,5170.130703,,11,55.0,1,98.0,8.52,98.0,0.1,39954.64222,16281779.0,1.0,1.0,0.885,16.5
Netherlands,2006,Developed,79.8,71,1,9.79,8344.010392,,1,56.5,1,96.0,9.36,96.0,0.1,44453.97119,1634611.0,1.0,1.0,0.893,16.5
Netherlands,2011,Developed,81.1,63,1,8.96,1047.370244,2.0,51,59.9,1,97.0,1.53,97.0,0.1,5354.6536,1669374.0,1.0,0.9,0.911,17.2
Netherlands,2000,Developed,78.1,84,1,10.06,2944.640134,,1019,51.8,1,97.0,7.42,97.0,0.1,25921.12794,15925513.0,1.1,1.1,0.873,16.5
Netherlands,2013,Developed,81.4,6,1,8.68,1475.030397,51.0,2632,61.0,1,97.0,11.4,97.0,0.1,51574.48942,1684432.0,1.0,0.9,0.922,18.1
Netherlands,2003,Developed,78.7,8,1,9.56,4472.6114,,4,54.2,1,98.0,8.46,98.0,0.1,35245.1647,1622532.0,1.1,1.0,0.881,16.5
New Zealand,2010,Developed,89.0,71,0,9.62,6664.148708,9.0,43,64.8,0,93.0,11.2,93.0,0.1,33691.34837,,0.3,0.3,0.899,20.3
New Zealand,2012,Developed,81.1,7,0,9.2,924.5653683,93.0,68,65.9,0,93.0,11.53,93.0,0.1,3997.25624,,0.3,0.3,0.904,19.5
New Zealand,2009,Developed,85.0,73,0,9.24,63.57705167,93.0,198,64.3,0,92.0,11.21,92.0,0.1,282.94193,,0.3,0.3,0.895,19.3
New Zealand,2008,Developed,81.0,75,0,9.49,6761.288966,9.0,0,63.8,0,89.0,1.7,89.0,0.1,31287.77865,,0.3,0.3,0.894,19.5
New Zealand,2011,Developed,86.0,72,0,9.47,8342.405764,95.0,597,65.3,0,95.0,11.24,95.0,0.1,38426.5581,,0.3,0.3,0.901,19.7
New Zealand,2000,Developed,78.6,87,0,8.91,2143.021083,9.0,65,58.9,0,82.0,7.47,9.0,0.1,13641.1272,,0.3,0.3,0.864,17.2
New Zealand,2004,Developed,79.2,79,0,9.15,442.3774869,88.0,33,61.5,0,87.0,7.89,89.0,0.1,2542.39935,,0.3,0.3,0.884,18.4
New Zealand,2015,Developed,81.6,66,0,8.7,0.0,92.0,10,67.5,0,92.0,,92.0,0.1,3821.8937,,0.4,0.3,0.913,19.2
Nicaragua,2011,Developing,74.5,147,3,3.39,321.6132593,98.0,0,5.9,3,99.0,6.39,98.0,0.1,1682.957924,58782.0,1.8,1.8,0.62,11.5
Nicaragua,2000,Developing,73.0,192,4,3.61,15.25518816,83.0,0,42.8,5,85.0,5.39,83.0,0.4,116.2743,526796.0,2.2,2.1,0.562,10.1
Nicaragua,2002,Developing,75.0,197,4,3.5,2.092343893,85.0,0,44.2,5,85.0,5.71,85.0,0.4,11.147277,5171734.0,2.2,2.1,0.577,10.7
Nicaragua,2004,Developing,71.0,194,4,3.81,36.81621175,79.0,0,45.7,4,8.0,6.13,79.0,0.3,191.55157,53973.0,2.1,2.0,0.587,11.0
Nicaragua,2005,Developing,71.2,194,3,3.7,218.5716179,86.0,0,46.4,4,87.0,6.11,86.0,0.3,1175.116225,5379328.0,2.0,1.9,0.592,11.0
Nicaragua,2010,Developing,73.2,154,3,3.38,302.7045411,98.0,0,5.2,3,99.0,6.58,98.0,0.1,1526.497938,5737723.0,1.9,1.8,0.614,11.4
Nicaragua,2008,Developing,72.5,169,3,3.64,275.064434,97.0,0,48.6,3,97.0,6.98,97.0,0.2,1518.85386,559456.0,1.9,1.8,0.607,11.1
Nicaragua,2014,Developing,74.5,148,2,3.55,473.1238124,98.0,0,53.2,3,99.0,9.4,98.0,0.1,1975.46477,613997.0,1.8,1.7,0.636,11.6
Niger,2002,Developing,51.4,282,57,0.1,17.58722718,,31584,14.3,124,43.0,6.55,39.0,1.6,177.828384,12262.0,12.5,12.5,0.261,2.9
Niger,2006,Developing,54.5,277,54,0.11,43.42193066,,59,15.7,110,52.0,7.39,51.0,1.5,258.463873,1413264.0,11.6,11.5,0.286,3.7
Niger,2001,Developing,56.0,283,57,0.11,1.817829717,,61208,13.9,127,42.0,7.1,36.0,1.6,165.257247,11771976.0,12.7,12.7,0.255,2.9
Niger,2005,Developing,53.7,278,55,0.11,3.751715442,,2183,15.4,114,46.0,7.15,45.0,1.6,25.383731,13618449.0,11.9,11.8,0.278,3.5
Niger,2009,Developing,57.1,263,51,0.11,5.665405066,71.0,801,16.9,99,71.0,6.98,71.0,1.1,341.2894618,15813913.0,11.0,1.8,0.307,4.2
Niger,2015,Developing,61.8,22,49,,0.0,65.0,7693,19.3,87,65.0,,65.0,0.4,358.99731,19896965.0,9.6,9.4,0.351,5.4
Niger,2000,Developing,50.0,284,58,0.1,13.35783844,,21319,13.6,128,41.0,6.1,34.0,1.5,158.455972,11352973.0,12.8,12.9,0.253,2.8
Niger,2014,Developing,61.4,223,49,0.01,3.304039899,68.0,1142,18.9,88,67.0,5.82,68.0,0.5,43.646498,19148219.0,9.8,9.6,0.345,5.3
Nigeria,2015,Developing,54.5,344,483,,0.0,49.0,12423,25.4,747,49.0,,49.0,3.7,2655.157977,181181744.0,9.8,9.7,0.525,10.0
Nigeria,2003,Developing,48.1,41,567,9.75,30.19550849,,141258,18.3,918,42.0,4.5,29.0,5.4,512.65719,131972533.0,13.5,13.6,0.0,8.1
Nigeria,2010,Developing,52.0,374,521,8.9,133.1230872,49.0,8491,22.2,817,54.0,3.47,54.0,4.8,2327.3267,158578261.0,11.3,11.2,0.492,9.5
Nigeria,2012,Developing,52.7,374,505,8.54,204.7186256,42.0,6447,23.5,788,42.0,3.3,42.0,4.4,2755.297787,167297284.0,1.7,1.6,0.507,9.7
Nigeria,2002,Developing,47.7,49,571,9.61,17.137754,,42007,17.8,928,4.0,2.43,25.0,5.3,459.4572117,12866671.0,13.8,13.8,0.0,7.7
Nigeria,2009,Developing,51.6,376,527,9.05,14.5676468,63.0,1272,21.6,832,66.0,4.24,63.0,4.9,197.661422,15442181.0,11.7,11.6,0.487,9.3
Nigeria,2000,Developing,47.1,45,576,9.23,22.48177606,,212183,16.9,943,31.0,2.84,29.0,4.9,379.1193264,1223529.0,14.3,14.4,0.0,7.6
Nigeria,2011,Developing,52.3,375,513,8.75,187.5733187,46.0,18843,22.8,802,48.0,3.69,48.0,4.7,2527.9423,16287776.0,11.0,1.9,0.5,9.6
Norway,2013,Developed,81.5,62,0,6.21,234.782883,,8,6.3,0,94.0,9.39,94.0,0.1,1291.435,579623.0,0.8,0.7,0.942,17.5
Norway,2009,Developed,89.0,67,0,6.68,142.3749426,,2,58.5,0,94.0,9.49,94.0,0.1,817.77681,4828726.0,0.7,0.7,0.936,17.4
Norway,2001,Developed,78.8,82,0,5.49,6356.827282,,4,54.0,0,91.0,8.65,91.0,0.1,38549.58934,4513751.0,0.8,0.7,0.917,17.5
Norway,2012,Developed,81.3,61,0,6.21,2094.19096,,4,59.8,0,95.0,9.16,95.0,0.1,11563.727,518573.0,0.7,0.7,0.941,17.6
Norway,2000,Developed,78.5,85,0,5.67,6191.211908,,0,53.3,0,91.0,8.27,9.0,0.1,38146.71539,449967.0,0.8,0.7,0.911,17.1
Norway,2004,Developed,79.8,77,0,6.22,1009.825011,,7,55.9,0,92.0,9.44,92.0,0.1,5757.26916,459191.0,0.8,0.7,0.924,17.5
Norway,2015,Developed,81.8,59,0,5.97,0.0,,14,61.2,0,95.0,,95.0,0.1,7455.24654,518867.0,0.8,0.7,0.948,17.7
Norway,2007,Developed,85.0,67,0,6.6,14829.41215,,0,57.5,0,93.0,8.58,93.0,0.1,85128.65759,479153.0,0.7,0.7,0.934,17.6
Oman,2011,Developing,75.8,15,1,0.54,158.27708,99.0,5,52.0,1,99.0,2.49,99.0,0.1,2986.36,,6.9,6.8,0.797,13.6
Oman,2005,Developing,74.3,118,1,0.63,854.0115758,99.0,25,49.5,1,99.0,2.59,99.0,0.1,12376.97936,,7.0,6.8,0.742,11.5
Oman,2001,Developing,72.9,134,1,0.55,564.5425663,99.0,15,46.5,1,99.0,3.8,99.0,0.1,8476.61511,,7.1,6.9,0.705,10.7
Oman,2009,Developing,75.4,18,1,0.56,1040.629462,98.0,19,51.5,1,96.0,2.83,98.0,0.1,16784.34616,,6.9,6.8,0.782,12.4
Oman,2007,Developing,74.9,113,1,0.57,88.45038011,99.0,24,5.6,1,97.0,2.43,99.0,0.1,1585.13226,,7.0,6.8,0.753,11.5
Oman,2012,Developing,76.0,14,1,0.51,1055.835493,98.0,13,52.3,1,99.0,2.52,98.0,0.1,22134.916,,7.0,6.8,0.797,13.7
Oman,2002,Developing,73.3,13,1,0.54,585.9170945,99.0,5,47.3,1,99.0,3.18,99.0,0.1,8629.11774,,7.1,6.8,0.716,11.0
Oman,2010,Developing,75.6,16,1,0.56,129.2260751,99.0,3,51.8,1,99.0,2.74,99.0,0.1,1928.74739,,6.9,6.8,0.797,13.5
Pakistan,2014,Developing,66.2,162,359,0.01,62.29361092,72.0,1370,24.7,442,72.0,2.61,72.0,0.1,1316.98966,185546257.0,19.4,19.8,0.542,7.8
Pakistan,2002,Developing,63.2,187,371,0.01,22.39387584,,3903,17.4,474,71.0,2.76,68.0,0.1,499.8633,144654143.0,21.8,22.2,0.457,5.5
Pakistan,2015,Developing,66.4,161,352,,0.0,72.0,386,25.4,433,72.0,,72.0,0.1,1431.244865,18938513.0,19.2,19.6,0.548,8.1
Pakistan,2008,Developing,64.6,177,369,0.03,5.447133608,65.0,1129,2.6,460,7.0,3.26,62.0,0.1,139.31288,16364463.0,2.7,21.1,0.513,7.3
Pakistan,2004,Developing,63.7,183,364,0.01,28.98323119,65.0,4248,18.4,461,65.0,2.56,65.0,0.1,649.848233,15783.0,21.4,21.8,0.474,5.6
Pakistan,2010,Developing,65.1,172,372,0.04,0.66751505,82.0,4321,21.9,461,82.0,3.2,82.0,0.1,14.142268,1756182.0,2.2,2.7,0.521,7.5
Pakistan,2013,Developing,66.0,163,365,0.04,60.18648815,72.0,8749,23.9,450,72.0,2.7,72.0,0.1,1272.44161,181712595.0,19.6,2.0,0.538,7.7
Pakistan,2009,Developing,64.8,175,371,0.03,0.697215581,78.0,863,21.3,460,7.0,2.94,71.0,0.1,16.63999,1674958.0,2.5,2.9,0.514,7.3
Panama,2000,Developing,75.7,121,2,5.58,9.87102142,,0,45.9,2,99.0,7.76,98.0,0.2,46.29935,33347.0,2.4,2.3,0.716,12.1
Panama,2015,Developing,77.8,118,1,,0.0,73.0,0,57.8,1,72.0,,73.0,0.1,13134.4367,3969249.0,1.9,1.8,0.785,13.0
Panama,2002,Developing,75.7,125,1,5.52,78.80940216,98.0,0,47.8,2,99.0,8.3,99.0,0.2,4126.14671,3149265.0,2.3,2.2,0.725,12.6
Panama,2008,Developing,76.5,127,1,6.74,956.8229765,86.0,0,52.7,2,86.0,6.75,86.0,0.1,6973.9284,3516268.0,2.0,2.0,0.75,12.8
Panama,2012,Developing,77.2,12,1,6.95,201.7490628,85.0,0,55.6,1,87.0,7.25,85.0,0.1,1589.82713,3772938.0,1.9,1.9,0.765,12.8
Panama,2014,Developing,77.6,119,1,6.74,1842.463782,8.0,0,57.1,1,8.0,8.3,8.0,0.1,12593.7374,393986.0,1.9,1.8,0.78,13.0
Panama,2004,Developing,75.8,123,1,5.69,527.60848,95.0,0,49.5,2,92.0,8.9,95.0,0.2,4591.892776,3269541.0,2.2,2.1,0.733,12.8
Panama,2010,Developing,76.5,122,1,6.94,1199.319976,94.0,0,54.2,2,95.0,8.5,94.0,0.1,7937.259931,3643222.0,2.0,1.9,0.756,12.8
Papua New Guinea,2010,Developing,61.8,286,10,0.79,18.99961966,56.0,0,44.9,14,72.0,4.18,67.0,1.1,1366.879112,718239.0,1.4,1.3,0.485,9.6
Papua New Guinea,2013,Developing,62.4,281,10,0.01,25.70881695,73.0,12,47.2,13,8.0,4.78,79.0,0.8,229.95364,7592865.0,1.3,1.3,0.506,10.0
Papua New Guinea,2006,Developing,68.0,299,11,0.64,126.6142137,71.0,1,41.9,14,67.0,5.92,72.0,1.5,854.346921,647272.0,1.4,1.4,0.454,8.2
Papua New Guinea,2011,Developing,62.0,285,10,0.88,23.40731286,66.0,0,45.7,13,69.0,4.94,72.0,1.0,177.867119,7269348.0,1.3,1.3,0.494,9.9
Papua New Guinea,2012,Developing,62.2,284,10,0.01,31.6357652,68.0,0,46.4,13,81.0,4.55,74.0,1.0,271.318741,743836.0,1.3,1.3,0.501,9.9
Papua New Guinea,2000,Developing,58.9,335,11,0.73,62.56273841,57.0,7135,37.5,14,51.0,3.98,59.0,1.1,631.9468526,5572222.0,1.6,1.5,0.418,6.2
Papua New Guinea,2002,Developing,59.3,327,11,0.61,110.9803062,6.0,17620,38.9,14,54.0,7.69,61.0,1.4,511.665773,5862316.0,1.5,1.5,0.428,6.9
Papua New Guinea,2008,Developing,61.4,29,11,0.81,103.7277727,59.0,0,43.4,14,76.0,4.6,63.0,1.3,1178.72469,6787187.0,1.4,1.3,0.469,8.9
Paraguay,2015,Developing,74.0,146,2,,0.0,93.0,0,5.2,3,89.0,,93.0,0.2,419.367724,6639119.0,2.0,1.9,0.692,12.3
Paraguay,2002,Developing,71.5,168,4,5.66,152.8293973,,0,4.6,4,87.0,6.77,87.0,0.1,1148.229882,558611.0,2.4,2.3,0.632,12.2
Paraguay,2004,Developing,71.9,165,3,6.2,20.60083027,9.0,0,42.0,4,92.0,5.78,92.0,0.2,148.527976,57374.0,2.3,2.2,0.639,12.1
Paraguay,2008,Developing,72.7,157,3,6.14,34.73924576,87.0,0,44.9,4,85.0,7.6,89.0,0.1,359.992184,647117.0,2.1,2.1,0.654,11.9
Paraguay,2003,Developing,71.7,166,4,6.64,155.4233076,86.0,0,41.3,4,86.0,5.99,86.0,0.1,1174.779347,56795.0,2.4,2.3,0.642,12.7
Paraguay,2012,Developing,73.6,148,3,5.36,441.8446244,87.0,0,47.9,3,83.0,1.33,87.0,0.1,3855.537735,6379219.0,2.0,2.0,0.679,12.3
Paraguay,2001,Developing,71.2,17,4,6.66,233.8488603,,0,39.8,5,9.0,7.61,89.0,0.1,1417.26582,546624.0,2.5,2.4,0.624,11.8
Paraguay,2005,Developing,72.1,163,3,6.38,20.68037294,92.0,0,42.8,4,96.0,6.7,96.0,0.2,157.145691,5795494.0,2.3,2.2,0.646,12.3
Peru,2007,Developing,74.0,133,11,4.29,516.4037021,93.0,0,5.2,15,93.0,4.6,93.0,0.3,3611.2147,28292724.0,1.2,1.2,0.696,13.2
Peru,2008,Developing,73.9,138,11,4.85,58.4989742,93.0,1,5.8,14,93.0,4.73,93.0,0.3,428.87811,2864198.0,1.2,1.2,0.7,13.2
Peru,2012,Developing,74.9,129,9,5.14,885.9858185,95.0,0,53.6,11,94.0,5.18,95.0,0.1,6387.785281,3158966.0,1.1,1.1,0.725,13.4
Peru,2011,Developing,74.5,133,9,4.83,759.5380695,91.0,0,52.9,12,91.0,4.93,91.0,0.2,5771.565878,29759989.0,1.1,1.1,0.721,13.4
Peru,2009,Developing,73.8,14,10,4.69,570.4532468,93.0,0,51.5,13,92.0,5.36,93.0,0.3,4166.93387,29157.0,1.2,1.2,0.706,13.3
Peru,2013,Developing,75.3,125,8,5.38,946.6521165,88.0,0,54.2,11,71.0,5.23,88.0,0.1,6583.116248,3565716.0,1.1,1.1,0.731,13.4
Peru,2014,Developing,75.3,125,8,0.01,973.728675,88.0,0,54.9,10,78.0,5.47,88.0,0.1,6491.5245,3973354.0,1.1,1.1,0.735,13.4
Peru,2000,Developing,71.4,154,18,4.59,297.5112337,,1,45.4,24,93.0,4.83,98.0,0.5,1996.719689,25914879.0,1.4,1.4,0.674,13.5
Philippines,2006,Developing,67.3,219,63,4.08,121.3625467,77.0,9,2.6,82,88.0,3.95,88.0,0.1,1391.772325,8789419.0,1.0,9.7,0.646,11.5
Philippines,2010,Developing,67.9,218,58,4.85,198.2563794,77.0,6368,22.6,74,78.0,4.37,79.0,0.1,2129.499242,93726624.0,1.0,9.7,0.662,11.4
Philippines,2014,Developing,68.4,214,54,4.52,31.27232188,67.0,58848,24.8,68,77.0,4.71,67.0,0.1,2842.938353,112249.0,1.0,9.7,0.676,11.7
Philippines,2008,Developing,67.5,217,60,4.21,155.4767618,88.0,341,21.6,78,91.0,4.5,91.0,0.1,1919.466195,9751864.0,1.0,9.7,0.655,11.5
Philippines,2007,Developing,67.5,216,62,4.19,137.327474,87.0,530,21.1,80,87.0,3.94,87.0,0.1,1672.685433,8929349.0,1.0,9.7,0.648,11.4
Philippines,2015,Developing,68.5,211,52,,0.0,6.0,619,25.4,66,79.0,,6.0,0.1,2878.33837,11716359.0,1.0,9.7,0.679,11.7
Philippines,2002,Developing,66.8,221,68,4.42,0.09987219,42.0,7003,18.7,89,77.0,2.79,79.0,0.1,1.68135,813526.0,1.0,9.7,0.625,11.4
Philippines,2011,Developing,68.0,218,57,4.96,191.4949779,87.0,6538,23.1,72,87.0,4.29,87.0,0.1,2352.518156,9527794.0,1.0,9.7,0.669,11.5
Poland,2004,Developed,74.9,143,2,9.19,648.0743453,98.0,11,55.0,3,99.0,6.19,99.0,0.1,6681.178818,38182222.0,2.4,2.5,0.8,15.5
Poland,2005,Developed,75.0,144,2,9.5,79.41502672,98.0,13,55.5,3,99.0,6.2,99.0,0.1,821.251569,38165445.0,2.3,2.5,0.797,14.8
Poland,2003,Developed,74.7,142,3,9.06,542.0235,97.0,48,54.5,3,98.0,6.22,99.0,0.1,5693.52416,382457.0,2.4,2.6,0.796,15.3
Poland,2000,Developed,73.7,153,3,8.4,412.4323974,99.0,77,53.1,4,98.0,5.5,98.0,0.1,4492.72764,38258629.0,2.5,2.8,0.777,14.6
Poland,2010,Developed,76.3,13,2,10.59,220.4916851,98.0,13,58.4,2,96.0,6.88,99.0,0.1,12599.52486,3842794.0,2.1,2.2,0.822,15.1
Poland,2011,Developed,76.7,128,2,10.93,250.0773782,98.0,0,59.1,2,96.0,6.7,99.0,0.1,13893.18768,3863255.0,2.0,2.2,0.829,15.4
Poland,2008,Developed,75.5,14,2,11.4,15.71474837,98.0,0,57.2,3,96.0,6.88,99.0,0.1,141.44688,38125759.0,2.2,2.3,0.813,15.0
Poland,2009,Developed,75.7,136,2,10.7,1299.159757,98.0,115,57.8,3,96.0,7.12,99.0,0.1,11527.59323,3815163.0,2.1,2.3,0.818,15.1
Portugal,2007,Developed,78.7,94,0,12.57,333.3569124,97.0,0,55.7,0,96.0,9.62,97.0,0.1,2278.5845,1542964.0,0.7,0.5,0.797,15.4
Portugal,2006,Developed,78.5,96,0,13.11,2884.020194,97.0,0,54.9,0,97.0,9.67,97.0,0.1,19821.44463,1522288.0,0.7,0.5,0.793,15.4
Portugal,2014,Developed,89.0,78,0,9.88,271.2545531,98.0,0,6.9,0,98.0,9.5,98.0,0.1,2277.53613,14162.0,0.7,0.5,0.837,16.8
Portugal,2004,Developed,78.0,99,0,13.45,276.0999798,94.0,5,53.3,1,95.0,9.84,95.0,0.1,1845.5881,1483861.0,0.7,0.6,0.792,15.9
Portugal,2000,Developed,76.6,11,1,11.89,167.3280168,58.0,45,5.1,1,96.0,9.14,96.0,0.1,1152.39681,1289898.0,0.8,0.6,0.777,15.5
Portugal,2009,Developed,79.3,9,0,12.03,337.1023516,96.0,3,57.3,0,96.0,1.42,96.0,0.1,2363.97161,1568247.0,0.7,0.5,0.809,16.0
Portugal,2011,Developed,82.0,85,0,11.92,3108.288623,97.0,2,58.8,0,97.0,1.7,97.0,0.1,23196.18375,155756.0,0.7,0.5,0.818,16.2
Portugal,2001,Developed,76.9,11,1,12.22,1657.328352,7.0,0,5.9,1,96.0,9.1,97.0,0.1,11729.14616,1362722.0,0.8,0.6,0.782,15.7
Qatar,2009,Developing,77.0,79,0,1.11,3688.694288,99.0,112,65.6,0,98.0,2.63,99.0,0.1,61478.23813,,5.0,4.6,0.828,11.8
Qatar,2008,Developing,76.8,82,0,1.37,5484.143308,97.0,0,65.2,0,98.0,1.87,97.0,0.1,82967.37228,,5.0,4.5,0.825,11.7
Qatar,2000,Developing,76.2,88,0,0.5,1559.287158,89.0,46,62.4,0,91.0,2.18,8.0,0.1,29986.2915,,4.8,4.5,0.808,13.0
Qatar,2012,Developing,77.8,72,0,1.13,5163.32918,93.0,160,67.0,0,93.0,2.16,92.0,0.1,88564.82298,,5.1,4.7,0.837,13.4
Qatar,2003,Developing,76.5,85,0,1.0,4049.972347,93.0,24,64.7,0,93.0,4.14,92.0,0.1,34176.98183,,4.8,4.5,0.815,12.8
Qatar,2004,Developing,76.6,84,0,1.11,4064.743869,97.0,29,65.0,0,95.0,3.61,96.0,0.1,41818.35256,,4.8,4.5,0.826,13.5
Qatar,2002,Developing,76.4,85,0,0.87,188.6782945,98.0,34,64.1,0,96.0,2.71,96.0,0.1,2999.65492,,4.8,4.5,0.807,12.2
Qatar,2001,Developing,76.3,87,0,0.76,170.0494537,93.0,23,63.3,0,93.0,2.56,93.0,0.1,2843.63635,,4.8,4.5,0.809,12.6
Republic of Korea,2006,Developing,79.4,79,2,8.83,0.0,99.0,28,27.7,2,98.0,5.76,98.0,0.1,,,1.5,1.0,,
Republic of Korea,2001,Developing,76.7,17,3,11.45,0.0,89.0,23060,25.2,4,99.0,4.76,97.0,0.1,,,1.6,1.1,,
Republic of Korea,2003,Developing,77.6,95,3,9.66,0.0,91.0,33,26.2,3,94.0,4.93,97.0,0.1,,,1.6,1.0,,
Republic of Korea,2012,Developing,81.2,69,1,9.56,0.0,99.0,2,3.4,2,99.0,7.1,99.0,0.1,,,1.5,1.0,,
Republic of Korea,2014,Developing,82.0,66,1,0.01,0.0,99.0,442,31.2,2,99.0,7.37,99.0,0.1,,,1.5,1.0,,
Republic of Korea,2010,Developing,87.0,74,2,9.23,0.0,94.0,114,29.5,2,95.0,6.79,94.0,0.1,,,1.5,1.0,,
Republic of Korea,2013,Developing,81.7,68,1,9.33,0.0,99.0,107,3.8,2,99.0,7.2,99.0,0.1,,,1.5,1.0,,
Republic of Korea,2009,Developing,86.0,75,2,8.97,0.0,94.0,17,29.1,2,95.0,6.66,94.0,0.1,,,1.5,1.0,,
Republic of Moldova,2005,Developing,67.3,248,1,10.78,0.0,99.0,6,48.3,1,99.0,9.15,98.0,0.1,,,3.1,3.3,,
Republic of Moldova,2007,Developing,68.3,237,1,9.66,0.0,95.0,10,49.1,1,93.0,1.88,92.0,0.1,,,3.0,3.2,,
Republic of Moldova,2002,Developing,67.5,225,1,6.71,0.0,99.0,4929,47.2,1,98.0,8.31,97.0,0.1,,,3.4,3.6,,
Republic of Moldova,2014,Developing,71.8,162,1,9.99,0.0,92.0,2,52.7,1,92.0,1.32,9.0,0.1,,,2.7,2.8,,
Republic of Moldova,2000,Developing,67.1,235,1,9.89,0.0,92.0,687,46.5,2,97.0,6.65,95.0,0.1,,,3.6,3.7,,
Republic of Moldova,2015,Developing,72.1,157,1,,0.0,88.0,0,53.4,1,88.0,,87.0,0.1,,,2.7,2.8,,
Republic of Moldova,2009,Developing,69.0,218,1,8.45,0.0,89.0,0,49.9,1,87.0,12.49,85.0,0.1,,,2.9,3.1,,
Republic of Moldova,2010,Developing,68.8,219,1,8.25,0.0,98.0,0,5.4,1,97.0,12.8,9.0,0.1,,,2.8,3.0,,
Romania,2009,Developed,73.1,158,2,10.4,14.96373588,95.0,8,56.3,3,95.0,5.56,95.0,0.1,822.18329,2367487.0,3.0,3.3,0.795,15.4
Romania,2001,Developed,78.0,179,4,9.78,180.1095132,98.0,10,51.9,5,99.0,4.36,99.0,0.1,1839.72945,2213197.0,3.8,4.2,0.708,11.7
Romania,2002,Developed,77.0,178,4,9.62,37.82275031,99.0,14,52.4,5,98.0,4.57,98.0,0.1,2124.873613,2173496.0,3.7,4.1,0.714,12.0
Romania,2012,Developed,74.4,138,2,9.58,1078.358105,96.0,7450,58.4,2,92.0,5.48,91.0,0.1,8558.39766,25835.0,2.8,3.0,0.797,15.3
Romania,2015,Developed,75.0,133,2,,0.0,9.0,4,6.7,2,89.0,,89.0,0.1,8958.788593,19815481.0,2.5,2.7,0.798,14.7
Romania,2006,Developed,72.5,157,3,8.51,665.6427546,99.0,3196,54.4,4,97.0,5.6,97.0,0.1,5828.745662,2119376.0,3.2,3.7,0.755,13.7
Romania,2013,Developed,74.6,138,2,9.59,1230.748231,96.0,1159,59.2,2,88.0,5.6,92.0,0.1,9585.266593,19983693.0,2.7,2.9,0.794,14.7
Romania,2008,Developed,73.1,159,2,11.9,128.0805702,97.0,12,55.6,3,95.0,5.33,96.0,0.1,1136.47356,2537875.0,3.1,3.5,0.78,14.7
Russian Federation,2001,Developing,65.1,38,21,10.47,2.642527148,43.0,2072,54.2,25,97.0,5.67,96.0,0.3,21.362386,14597683.0,2.8,3.0,0.72,12.5
Russian Federation,2011,Developing,69.4,242,14,11.04,184.764931,97.0,629,58.1,17,97.0,6.61,97.0,0.3,14212.687,14296868.0,2.3,2.4,0.785,14.0
Russian Federation,2008,Developing,67.5,278,16,12.04,161.7301654,98.0,27,56.6,18,98.0,6.22,98.0,0.3,11635.2637,14274235.0,2.3,2.5,0.769,13.9
Russian Federation,2012,Developing,69.6,237,14,10.99,178.8225911,97.0,2123,58.7,16,98.0,6.88,97.0,0.3,15154.45687,14321676.0,2.3,2.4,0.792,14.3
Russian Federation,2009,Developing,68.2,261,15,11.21,137.0063357,98.0,101,57.0,18,98.0,7.44,98.0,0.3,8562.89598,142785342.0,2.3,2.5,0.776,14.0
Russian Federation,2004,Developing,64.9,321,19,11.5,46.51559476,96.0,2444,55.0,21,98.0,5.19,97.0,0.3,412.372294,1446754.0,2.5,2.8,0.741,13.6
Russian Federation,2013,Developing,70.0,229,14,10.58,1529.497771,97.0,2339,59.3,16,98.0,7.9,97.0,0.2,15543.67653,14356911.0,2.3,2.3,0.799,14.6
Russian Federation,2006,Developing,66.4,3,17,11.79,12.25184084,98.0,1147,55.7,20,98.0,5.3,98.0,0.3,692.194398,14349528.0,2.4,2.7,0.754,13.8
Rwanda,2000,Developing,48.3,426,34,7.13,18.41791804,,2095,13.2,57,9.0,4.22,9.0,8.5,216.172747,82573.0,7.6,7.7,0.318,6.6
Rwanda,2013,Developing,65.2,233,12,0.01,11.71090655,98.0,17,2.1,17,98.0,7.69,98.0,0.5,688.8768557,1165151.0,5.9,5.9,0.485,10.8
Rwanda,2011,Developing,63.8,247,14,8.34,9.074569426,97.0,31,18.9,20,93.0,7.71,97.0,1.3,617.317648,151671.0,6.3,6.2,0.464,10.2
Rwanda,2009,Developing,61.0,288,17,7.11,9.165614959,97.0,5,17.7,25,93.0,7.2,97.0,2.8,539.1538211,9977446.0,6.6,6.4,0.447,10.2
Rwanda,2006,Developing,57.6,328,22,6.88,78.47020226,99.0,494,15.9,34,99.0,1.2,99.0,6.2,342.3656294,92658.0,6.8,6.8,0.404,9.3
Rwanda,2005,Developing,55.3,37,24,7.01,39.44666715,95.0,129,15.4,38,95.0,6.83,95.0,7.1,287.931877,8991735.0,6.8,7.0,0.388,8.8
Rwanda,2014,Developing,65.7,23,12,0.01,7.549797238,98.0,10,2.8,16,98.0,7.53,98.0,0.4,76.5699517,11345357.0,5.8,5.8,0.488,10.8
Rwanda,2001,Developing,48.6,438,33,5.72,0.388253772,,896,13.7,54,76.0,4.38,77.0,8.1,21.569654,832946.0,7.4,7.5,0.332,7.1
Saint Lucia,2001,Developing,71.8,178,0,12.03,0.0,,0,37.3,0,99.0,6.1,99.0,0.3,,,4.5,4.5,0.684,12.6
Saint Lucia,2004,Developing,72.6,166,0,11.93,0.0,91.0,0,39.0,0,91.0,6.2,91.0,0.2,,,4.4,4.4,0.686,12.3
Saint Lucia,2013,Developing,74.8,141,0,9.73,0.0,99.0,0,45.9,0,99.0,7.85,99.0,0.1,,,4.3,4.3,0.734,13.1
Saint Lucia,2011,Developing,74.6,143,0,10.43,0.0,99.0,0,44.5,0,99.0,7.58,99.0,0.1,,,4.3,4.3,0.733,12.9
Saint Lucia,2000,Developing,71.6,183,0,11.69,0.0,,0,36.8,0,7.0,5.53,7.0,0.4,,,4.5,4.5,0.0,12.8
Saint Lucia,2008,Developing,74.1,149,0,12.09,0.0,96.0,0,42.2,0,96.0,7.43,96.0,0.1,,,4.3,4.4,0.71,12.6
Saint Lucia,2005,Developing,73.1,16,0,12.32,0.0,95.0,0,39.6,0,95.0,6.25,95.0,0.2,,,4.4,4.4,0.689,12.2
Saint Lucia,2014,Developing,75.0,139,0,9.97,0.0,99.0,0,46.7,0,99.0,6.72,99.0,0.1,,,4.3,4.3,0.723,13.1
Saint Vincent and the Grenadines,2011,Developing,72.7,16,0,7.02,0.0,96.0,0,5.3,0,96.0,4.99,96.0,0.1,,,3.5,3.5,0.712,13.3
Saint Vincent and the Grenadines,2000,Developing,79.0,186,0,4.8,0.0,,0,4.1,0,99.0,3.73,98.0,0.7,,,4.0,3.9,0.0,12.7
Saint Vincent and the Grenadines,2012,Developing,72.8,159,0,6.93,0.0,96.0,0,51.2,0,96.0,8.48,96.0,0.1,,,3.5,3.5,0.713,13.3
Saint Vincent and the Grenadines,2014,Developing,73.1,157,0,7.01,0.0,98.0,0,53.1,0,97.0,8.63,98.0,0.1,,,3.5,3.4,0.72,13.3
Saint Vincent and the Grenadines,2001,Developing,79.0,186,0,4.73,0.0,,0,41.0,0,99.0,3.64,99.0,0.7,,,3.9,3.9,0.673,12.8
Saint Vincent and the Grenadines,2002,Developing,79.0,186,0,4.94,0.0,,0,42.0,0,99.0,3.93,99.0,0.4,,,3.9,3.8,0.677,12.9
Saint Vincent and the Grenadines,2007,Developing,71.9,17,0,5.89,0.0,99.0,0,46.6,0,99.0,3.92,99.0,0.3,,,3.6,3.6,0.702,13.3
Saint Vincent and the Grenadines,2003,Developing,71.0,184,0,5.1,0.0,31.0,0,42.9,0,99.0,3.91,99.0,0.4,,,3.8,3.8,0.682,13.0
Samoa,2011,Developing,73.0,139,0,2.15,558.7206486,58.0,0,72.9,0,6.0,5.8,65.0,0.1,3942.9827,187665.0,0.2,0.1,0.693,12.9
Samoa,2015,Developing,74.0,125,0,,0.0,59.0,0,74.7,0,61.0,,66.0,0.1,4149.363444,193759.0,0.2,0.1,0.702,12.9
Samoa,2007,Developing,72.2,149,0,3.85,47.73638191,46.0,0,7.9,0,49.0,5.25,53.0,0.1,322.543121,182286.0,0.2,0.2,0.682,12.9
Samoa,2013,Developing,73.6,131,0,0.01,698.3522786,6.0,0,73.8,0,62.0,6.91,67.0,0.1,4219.65123,19757.0,0.2,0.1,0.7,12.9
Samoa,2004,Developing,71.4,162,0,3.62,310.6117683,54.0,0,68.9,0,26.0,4.45,55.0,0.1,2351.33814,178781.0,0.2,0.2,0.665,12.4
Samoa,2008,Developing,72.5,146,0,3.97,47.35260547,12.0,0,71.4,0,54.0,4.52,26.0,0.1,359.82223,183526.0,0.2,0.2,0.688,12.9
Samoa,2014,Developing,73.8,128,0,0.01,660.2777923,56.0,0,74.3,0,58.0,7.22,63.0,0.1,4178.973369,19229.0,0.2,0.1,0.701,12.9
Samoa,2010,Developing,72.6,144,0,3.01,434.7940679,57.0,8,72.5,0,57.0,5.7,62.0,0.1,3453.487434,18625.0,0.2,0.2,0.69,12.9
Sao Tome and Principe,2015,Developing,67.5,19,0,,0.0,96.0,0,3.9,0,96.0,,96.0,0.2,1624.63963,195553.0,5.5,5.3,0.565,11.2
Sao Tome and Principe,2012,Developing,66.9,194,0,0.01,8.198047581,96.0,0,28.5,0,96.0,8.6,96.0,0.5,138.949959,182889.0,5.9,5.7,0.553,10.8
Sao Tome and Principe,2003,Developing,63.4,225,0,6.54,86.42744056,43.0,0,22.2,0,94.0,11.12,94.0,1.6,649.342153,148372.0,7.4,7.4,0.504,9.7
Sao Tome and Principe,2008,Developing,65.4,215,0,4.36,62.8565863,99.0,0,25.4,0,99.0,5.66,99.0,0.9,1126.46212,166913.0,6.5,6.4,0.531,10.4
Sao Tome and Principe,2002,Developing,63.1,226,0,5.8,50.80181435,,0,21.7,0,92.0,1.21,92.0,1.4,555.8185378,144889.0,7.6,7.6,0.501,9.6
Sao Tome and Principe,2001,Developing,62.8,225,0,5.02,3.841228575,,0,21.1,0,9.0,1.28,92.0,1.5,51.216381,141622.0,7.8,7.8,0.497,9.4
Sao Tome and Principe,2013,Developing,67.1,192,0,0.01,200.6600988,97.0,0,29.3,0,97.0,9.76,97.0,0.2,1619.532678,18745.0,5.7,5.5,0.559,11.0
Sao Tome and Principe,2011,Developing,66.6,198,0,5.69,7.495401346,96.0,0,27.7,0,96.0,5.44,96.0,0.5,134.326189,1788.0,6.0,5.9,0.546,10.6
Saudi Arabia,2005,Developing,73.1,11,9,0.05,1117.048134,97.0,373,6.2,10,96.0,3.42,96.0,0.1,13739.82945,,7.2,7.3,0.761,12.4
Saudi Arabia,2001,Developing,72.8,17,10,0.05,710.4952397,95.0,155,56.9,12,97.0,4.49,97.0,0.1,8643.4944,,7.3,7.3,0.742,12.0
Saudi Arabia,2015,Developing,74.5,88,7,,0.0,98.0,219,68.2,8,97.0,,98.0,0.1,2732.86172,,7.8,7.6,0.845,16.1
Saudi Arabia,2012,Developing,74.1,9,8,0.09,196.3808305,98.0,294,65.6,9,98.0,3.86,98.0,0.1,2533.9462,,7.5,7.4,0.818,14.5
Saudi Arabia,2004,Developing,73.1,12,9,0.06,816.4795082,96.0,1880,59.4,11,96.0,3.58,96.0,0.1,11138.8746,,7.2,7.3,0.754,12.3
Saudi Arabia,2006,Developing,73.2,1,9,0.08,1395.454965,96.0,807,6.9,10,96.0,3.55,96.0,0.1,15334.66994,,7.2,7.3,0.767,12.5
Saudi Arabia,2007,Developing,73.2,99,9,0.1,1307.89002,96.0,4648,61.6,10,96.0,3.49,96.0,0.1,16472.1665,,7.2,7.3,0.773,12.7
Saudi Arabia,2010,Developing,73.7,94,8,0.09,1197.946328,98.0,334,63.9,9,98.0,3.49,98.0,0.1,19259.58726,,7.3,7.4,0.792,13.3
Senegal,2008,Developing,62.8,225,22,0.28,1.08833088,88.0,6,2.8,34,87.0,4.94,88.0,0.6,11.33678,1223957.0,1.8,1.7,0.435,7.1
Senegal,2007,Developing,62.1,23,22,0.32,8.309152927,94.0,11,2.3,36,93.0,4.72,94.0,0.7,95.3978522,11873557.0,11.0,1.9,0.425,6.8
Senegal,2014,Developing,66.4,192,19,0.26,12.80528533,89.0,32,23.8,27,85.0,4.66,89.0,0.3,152.443873,14546111.0,9.7,9.5,0.483,9.1
Senegal,2001,Developing,57.9,251,26,0.34,6.064221202,,24789,17.9,49,49.0,4.98,52.0,0.6,481.287397,1134497.0,12.1,12.1,0.381,5.4
Senegal,2011,Developing,64.9,26,20,0.32,1.431051664,92.0,18,22.2,31,89.0,4.42,92.0,0.4,18.25321,13391.0,1.2,1.1,0.455,7.9
Senegal,2005,Developing,65.0,242,23,0.33,96.03725103,84.0,0,19.5,40,84.0,5.35,84.0,0.7,773.8698713,11251266.0,11.4,11.3,0.415,6.4
Senegal,2002,Developing,58.4,252,25,0.36,49.73511396,,18184,18.3,47,6.0,5.6,6.0,0.7,513.26227,1396861.0,12.0,11.9,0.397,5.7
Senegal,2012,Developing,65.6,2,20,0.28,10.20659464,91.0,46,22.7,29,83.0,4.31,91.0,0.4,136.4518,1373513.0,1.0,9.9,0.463,8.3
Serbia,2009,Developing,74.1,131,1,9.85,820.8109098,93.0,1,56.4,1,97.0,9.9,95.0,0.1,5821.35397,73287.0,2.3,2.3,0.754,13.6
Serbia,2002,Developing,72.9,133,1,6.95,292.6142378,,63,52.2,1,95.0,8.9,95.0,0.1,2149.9944,7496522.0,2.7,2.8,0.715,13.2
Serbia,2010,Developing,74.4,128,1,9.65,774.4396617,89.0,20,57.0,1,91.0,1.9,91.0,0.1,5411.87744,7291436.0,2.2,2.3,0.755,13.6
Serbia,2007,Developing,73.8,132,1,9.3,772.8700353,99.0,201,55.1,1,93.0,1.2,94.0,0.1,5458.121718,7381579.0,2.4,2.4,0.743,13.5
Serbia,2005,Developing,73.0,135,1,9.6,503.1115947,65.0,2,53.9,1,98.0,8.7,98.0,0.1,3528.1318,744769.0,2.5,2.6,0.73,13.2
Serbia,2006,Developing,73.6,133,1,8.58,541.8243468,93.0,2,54.5,1,97.0,8.99,92.0,0.1,4129.758741,7411569.0,2.5,2.5,0.739,13.4
Serbia,2013,Developing,75.3,122,1,9.16,880.6403367,91.0,1,58.9,1,97.0,1.12,95.0,0.1,6353.826383,7164132.0,2.1,2.1,0.766,14.1
Serbia,2015,Developing,75.6,121,1,,0.0,94.0,383,6.0,1,95.0,,95.0,0.1,5237.255334,795383.0,2.0,2.0,0.775,14.4
Seychelles,2006,Developing,72.2,185,0,8.12,102.373909,99.0,10,3.7,0,99.0,3.73,99.0,0.1,1214.39987,846.0,5.9,6.3,0.728,13.1
Seychelles,2015,Developing,73.2,168,0,,0.0,98.0,0,37.4,0,97.0,,97.0,0.1,1539.464,93419.0,5.7,6.0,0.781,14.1
Seychelles,2008,Developing,72.2,184,0,6.33,701.8526364,99.0,0,31.8,0,99.0,2.64,99.0,0.1,11122.8627,86956.0,5.9,6.3,0.739,13.2
Seychelles,2004,Developing,72.1,186,0,7.91,12.94324581,99.0,0,29.2,0,99.0,4.17,99.0,0.1,1176.65871,82475.0,6.0,6.4,0.715,12.3
Seychelles,2011,Developing,72.6,177,0,9.72,1121.475547,99.0,0,34.2,0,99.0,3.38,99.0,0.1,12189.9516,87441.0,5.7,6.1,0.744,13.3
Seychelles,2005,Developing,72.2,185,0,7.82,21.4653132,99.0,0,3.1,0,99.0,3.91,99.0,0.1,1192.5174,82858.0,6.0,6.4,0.712,12.1
Seychelles,2003,Developing,72.1,185,0,7.41,843.1186662,99.0,0,28.7,0,99.0,4.64,99.0,0.1,8524.961236,82781.0,6.1,6.5,0.713,12.1
Seychelles,2007,Developing,72.2,185,0,8.12,916.4741775,99.0,1,31.2,0,99.0,3.3,99.0,0.1,12154.82994,8533.0,5.9,6.3,0.733,13.1
Sierra Leone,2003,Developing,41.5,57,30,4.07,38.61473209,,586,18.4,47,66.0,11.69,73.0,1.9,263.7618312,5199549.0,9.7,9.8,0.322,7.4
Sierra Leone,2004,Developing,42.3,496,30,3.99,38.52454761,,7,18.8,47,69.0,11.66,65.0,2.1,263.145817,5439695.0,9.5,9.5,0.332,7.6
Sierra Leone,2002,Developing,48.0,513,30,4.06,36.59114895,,568,17.9,48,54.0,11.96,53.0,1.7,249.939542,4957216.0,9.9,1.0,0.306,7.2
Sierra Leone,2009,Developing,47.1,433,28,3.97,49.8371267,84.0,31,21.2,42,81.0,13.13,84.0,1.7,394.5932439,63126.0,8.5,8.4,0.375,8.5
Sierra Leone,2007,Developing,45.3,45,29,3.86,45.57108889,63.0,0,2.2,45,63.0,1.12,64.0,2.2,358.8274716,615417.0,8.9,8.9,0.357,8.2
Sierra Leone,2000,Developing,39.0,533,29,3.97,20.39568283,,3575,17.2,48,46.0,13.63,44.0,1.2,139.3147734,4564297.0,1.3,1.4,0.292,6.7
Sierra Leone,2010,Developing,48.1,424,27,3.84,5.347717533,86.0,1089,21.7,40,84.0,1.32,86.0,1.6,45.128418,645872.0,8.3,8.2,0.384,8.7
Sierra Leone,2005,Developing,43.3,48,30,3.83,42.08892911,,29,19.2,47,67.0,12.25,65.0,2.2,287.6891942,5658379.0,9.3,9.3,0.341,7.8
Singapore,2005,Developed,82.0,69,0,1.49,2356.731479,96.0,33,3.2,0,96.0,3.74,96.0,0.1,29869.85398,,2.1,2.0,0.821,12.6
Singapore,2004,Developed,79.7,71,0,1.45,204.2481892,94.0,96,29.9,0,95.0,3.17,95.0,0.1,2745.27136,,2.1,2.0,0.82,12.7
Singapore,2002,Developed,79.0,74,0,2.16,142.0989818,95.0,211,29.2,0,94.0,2.84,94.0,0.1,2216.83279,,2.1,2.0,0.818,12.6
Singapore,2013,Developed,82.7,57,0,1.83,714.3441019,97.0,138,32.7,0,97.0,4.53,97.0,0.1,5629.18914,,2.2,2.2,0.92,15.4
Singapore,2006,Developed,87.0,66,0,1.55,2639.376955,95.0,23,3.5,0,95.0,3.66,95.0,0.1,33579.85948,,2.1,2.0,0.839,13.9
Singapore,2014,Developed,82.9,56,0,1.83,7971.646361,96.0,0,32.9,0,96.0,4.92,96.0,0.1,56336.7234,,2.2,2.2,0.922,15.4
Singapore,2012,Developed,82.5,59,0,1.89,6041.858981,97.0,42,32.4,0,97.0,4.22,97.0,0.1,54431.16199,,2.2,2.1,0.917,15.4
Singapore,2015,Developed,83.1,55,0,1.79,0.0,96.0,0,33.2,0,96.0,,96.0,0.1,53629.73746,,2.2,2.2,0.924,15.4
Slovakia,2005,Developed,74.0,141,0,10.81,0.0,99.0,0,53.1,0,99.0,7.4,99.0,0.1,,,1.4,1.5,0.784,14.0
Slovakia,2007,Developed,74.4,14,0,10.58,0.0,99.0,0,54.2,0,99.0,7.76,99.0,0.1,,,1.3,1.4,0.802,14.5
Slovakia,2009,Developed,75.0,131,0,10.63,0.0,99.0,0,55.3,0,99.0,9.15,99.0,0.1,,,1.3,1.4,0.82,14.9
Slovakia,2010,Developed,75.1,124,0,10.13,0.0,99.0,0,55.9,0,99.0,8.51,99.0,0.1,,,1.3,1.3,0.822,15.0
Slovakia,2001,Developed,73.3,145,0,10.73,0.0,99.0,0,51.1,1,99.0,5.5,99.0,0.1,,,1.5,1.6,0.763,13.3
Slovakia,2002,Developed,73.7,145,0,10.78,0.0,99.0,0,51.6,0,98.0,5.63,99.0,0.1,,,1.5,1.6,0.763,13.3
Slovakia,2000,Developed,73.0,147,0,11.06,0.0,98.0,0,5.7,1,98.0,5.5,99.0,0.1,,,1.6,1.7,0.761,13.0
Slovakia,2012,Developed,75.8,118,0,10.12,0.0,99.0,0,57.2,0,99.0,8.15,99.0,0.1,,,1.2,1.3,0.835,15.0
Slovenia,2010,Developed,79.5,87,0,10.32,3187.496219,,2,57.0,0,96.0,9.7,96.0,0.1,23437.4722,248583.0,1.6,1.6,0.872,16.9
Slovenia,2009,Developed,79.1,9,0,10.52,3505.389434,,0,56.4,0,96.0,9.38,96.0,0.1,24633.79785,239669.0,1.7,1.7,0.873,16.9
Slovenia,2014,Developed,87.0,76,0,10.46,31.13492794,,52,59.5,0,95.0,9.23,95.0,0.1,242.67286,26198.0,1.4,1.4,0.888,17.6
Slovenia,2005,Developed,77.5,14,0,11.14,2503.714258,,0,54.1,0,95.0,8.5,95.0,0.1,18169.1891,2474.0,1.9,2.0,0.853,16.3
Slovenia,2002,Developed,76.6,117,0,9.29,1617.473418,,0,52.3,0,93.0,8.62,93.0,0.1,11814.9994,199453.0,2.1,2.2,0.835,15.6
Slovenia,2008,Developed,78.9,96,0,10.94,392.9588536,,0,55.8,0,97.0,8.47,97.0,0.1,2751.8127,221316.0,1.7,1.7,0.869,16.9
Slovenia,2013,Developed,85.0,78,0,9.53,259.7786785,,1,58.9,0,95.0,9.29,95.0,0.1,2315.31799,259953.0,1.4,1.4,0.878,16.8
Slovenia,2012,Developed,82.0,81,0,10.95,3283.024864,,2,58.2,0,96.0,9.37,96.0,0.1,22486.47167,257159.0,1.5,1.5,0.877,16.8
Solomon Islands,2002,Developing,66.5,22,0,1.08,156.2847968,75.0,0,39.6,0,78.0,6.9,78.0,0.1,784.9562874,435262.0,1.4,1.4,0.446,7.3
Solomon Islands,2014,Developing,68.8,183,0,0.01,3.718438799,88.0,0,49.7,0,94.0,5.5,88.0,0.1,29.652622,57554.0,1.1,1.2,0.512,9.6
Solomon Islands,2001,Developing,66.2,227,0,0.7,325.1114746,83.0,0,38.7,0,88.0,6.44,84.0,0.1,944.81684,423853.0,1.4,1.4,0.442,6.6
Solomon Islands,2013,Developing,68.8,182,0,0.01,24.73328608,94.0,0,48.9,0,99.0,5.42,94.0,0.1,188.5159,563513.0,1.1,1.2,0.509,9.5
Solomon Islands,2010,Developing,68.3,188,0,1.1,29.5207994,9.0,0,46.4,0,94.0,7.47,9.0,0.1,1272.44825,52779.0,1.2,1.2,0.492,9.3
Solomon Islands,2009,Developing,68.1,192,0,1.21,244.3976438,92.0,0,45.5,0,98.0,7.92,92.0,0.1,1158.282672,51679.0,1.2,1.2,0.494,9.3
Solomon Islands,2012,Developing,68.7,184,0,0.01,247.9492284,99.0,0,48.1,0,99.0,5.48,99.0,0.1,1858.689868,551531.0,1.2,1.2,0.505,9.4
Solomon Islands,2008,Developing,68.0,193,0,1.09,19.74929219,89.0,0,44.7,0,94.0,5.97,89.0,0.1,125.79167,54477.0,1.2,1.2,0.489,9.2
Somalia,2001,Developing,57.0,352,46,0.01,0.0,,3571,18.2,75,33.0,,33.0,0.8,,,7.9,7.7,,
Somalia,2005,Developing,51.6,334,50,0.01,0.0,,0,19.8,82,35.0,,35.0,0.9,,,7.5,7.3,,
Somalia,2008,Developing,51.9,336,52,0.01,0.0,,1081,21.1,84,4.0,,31.0,0.9,,,7.2,7.0,,
Somalia,2003,Developing,51.1,344,48,0.01,0.0,,8257,19.0,78,4.0,,4.0,0.9,,,7.7,7.5,,
Somalia,2004,Developing,51.2,341,49,0.01,0.0,,12008,19.4,80,3.0,,3.0,0.9,,,7.6,7.4,,
Somalia,2010,Developing,52.4,336,52,0.01,0.0,,115,22.0,83,49.0,,45.0,0.8,,,7.0,6.8,,
Somalia,2013,Developing,54.2,318,51,0.01,0.0,42.0,3173,23.3,81,47.0,,42.0,0.8,47.5432354,,6.8,6.6,,
Somalia,2009,Developing,52.2,335,52,0.01,0.0,,13,21.5,84,41.0,,42.0,0.8,,,7.1,6.9,,
South Africa,2010,Developing,58.0,428,43,7.28,1038.885632,71.0,12499,47.2,62,72.0,8.5,72.0,11.0,7362.76139,5979432.36,7.3,8.9,0.63,12.8
South Africa,2005,Developing,53.8,498,55,8.69,709.3170967,79.0,615,43.6,84,75.0,7.77,79.0,29.5,5414.634326,476667.24,11.6,13.9,0.609,12.9
South Africa,2003,Developing,54.0,485,55,6.93,519.1563781,71.0,244,42.2,82,7.0,8.26,69.0,28.9,3775.68275,46418193.9,13.5,16.1,0.613,12.9
South Africa,2001,Developing,56.0,429,52,7.38,365.2585722,72.0,1166,4.9,76,71.0,8.31,71.0,24.0,2681.781,45312937.0,15.4,18.1,0.629,13.0
South Africa,2007,Developing,54.5,486,51,8.48,805.490079,83.0,31,45.0,79,79.0,7.53,82.0,26.4,6125.39984,48883844.99,9.7,11.7,0.612,12.9
South Africa,2009,Developing,56.5,449,46,7.6,782.5987144,74.0,5857,46.4,70,75.0,8.39,76.0,19.0,5888.6284,5255813.11,8.1,9.8,0.622,12.8
South Africa,2002,Developing,54.9,459,54,7.04,346.5316007,72.0,1043,41.6,79,7.0,8.9,7.0,26.6,2518.398261,45855482.88,14.5,17.1,0.62,12.9
South Africa,2008,Developing,55.3,473,50,8.19,780.0336423,76.0,39,45.7,75,77.0,7.75,79.0,23.5,5786.59972,49557573.3,8.9,1.7,0.616,12.9
South Sudan,2015,Developing,57.3,332,26,,0.0,31.0,878,,39,41.0,,31.0,3.4,758.725782,11882136.0,,,0.421,4.9
South Sudan,2013,Developing,56.4,345,26,,47.44453,,525,,40,5.0,2.62,45.0,3.6,1186.11325,1117749.0,,,0.417,4.9
South Sudan,2004,Developing,51.4,383,29,,0.0,,0,,45,,,,3.8,,7787655.0,,,0.0,0.0
South Sudan,2002,Developing,52.0,382,30,,0.0,,0,,48,,,,3.3,,7237276.0,,,0.0,0.0
South Sudan,2000,Developing,48.9,38,31,,0.0,,0,,50,,,,2.7,,67656.0,,,0.0,0.0
South Sudan,2011,Developing,55.4,355,27,,0.0,,1256,,41,66.0,,61.0,3.9,176.9713,1448857.0,,,0.429,4.9
South Sudan,2006,Developing,52.5,383,28,,0.0,,0,,43,,,,4.1,,8468152.0,,,0.0,0.0
South Sudan,2003,Developing,58.0,383,29,,0.0,,0,,46,,,,3.5,,751642.0,,,0.0,0.0
Spain,2006,Developed,88.0,73,2,11.86,4460.390006,97.0,362,61.1,2,98.0,8.23,98.0,0.1,28482.6948,44397319.0,0.6,0.5,0.844,15.9
Spain,2012,Developed,82.0,61,1,9.35,4255.781693,96.0,1204,64.8,2,97.0,9.39,97.0,0.1,28562.29324,4677355.0,0.6,0.5,0.871,17.2
Spain,2013,Developed,82.4,6,1,9.25,423.680459,95.0,131,65.4,2,96.0,9.1,96.0,0.1,2921.9342,466245.0,0.6,0.5,0.874,17.5
Spain,2005,Developed,81.0,77,2,11.92,405.4475981,96.0,22,6.5,2,96.0,8.12,96.0,0.1,2651.71745,43653155.0,0.6,0.5,0.837,15.8
Spain,2003,Developed,79.4,83,2,12.09,3205.019918,81.0,256,59.3,2,99.0,7.99,98.0,0.1,21495.7741,42187645.0,0.6,0.5,0.83,15.6
Spain,2007,Developed,89.0,72,2,11.05,510.9327012,96.0,267,61.7,2,96.0,8.36,96.0,0.1,3279.414,4522683.0,0.6,0.5,0.849,16.0
Spain,2010,Developed,81.9,64,1,9.78,578.7417172,97.0,302,63.5,2,97.0,9.56,97.0,0.1,3736.228,46576897.0,0.6,0.5,0.86,16.4
Spain,2000,Developed,79.1,86,2,11.12,1934.398154,77.0,152,57.6,2,95.0,7.21,95.0,0.1,14676.769,4567864.0,0.6,0.5,0.82,15.7
Sri Lanka,2011,Developing,74.5,141,3,3.03,20.83302367,99.0,60,2.5,4,99.0,3.28,99.0,0.1,322.992615,2271.0,15.3,15.3,0.746,13.6
Sri Lanka,2004,Developing,69.1,197,6,1.56,15.35342268,62.0,35,16.1,10,97.0,4.28,97.0,0.1,174.6692,19228.0,15.4,15.5,0.705,12.8
Sri Lanka,2007,Developing,73.7,146,4,2.29,127.6377505,98.0,44,17.9,5,98.0,3.76,98.0,0.1,1644.816372,19668.0,15.4,15.5,0.725,13.2
Sri Lanka,2010,Developing,74.5,138,3,2.31,191.7267589,99.0,79,19.8,4,99.0,3.43,99.0,0.1,2819.511161,2119.0,15.3,15.3,0.739,13.5
Sri Lanka,2013,Developing,74.6,142,3,2.56,41.62053588,99.0,2107,21.9,3,99.0,3.68,99.0,0.1,361.289374,2585.0,15.2,15.1,0.757,13.8
Sri Lanka,2012,Developing,74.5,143,3,2.8,20.76877311,99.0,51,21.2,4,99.0,3.21,99.0,0.1,335.521375,2425.0,15.3,15.2,0.752,13.7
Sri Lanka,2001,Developing,72.7,16,5,1.68,53.61278637,,309,14.6,6,98.0,3.81,98.0,0.1,837.699787,18797.0,15.4,15.6,0.686,12.5
Sri Lanka,2009,Developing,71.8,183,4,2.05,13.39092189,97.0,21,19.2,4,97.0,3.37,97.0,0.1,216.681584,19968.0,15.3,15.4,0.735,13.4
Sudan,2003,Developing,59.6,278,69,1.74,35.35264737,,4381,,104,69.0,3.18,69.0,0.2,477.738478,29435944.0,,,0.409,5.6
Sudan,2008,Developing,61.8,251,64,2.01,128.6362711,78.0,129,,95,85.0,8.17,86.0,0.3,1291.528826,32955496.0,,,0.444,6.3
Sudan,2000,Developing,58.6,284,71,1.76,30.86000992,,2875,,109,62.0,3.23,62.0,0.1,361.35843,2725535.0,,,0.394,5.5
Sudan,2005,Developing,67.0,261,66,1.55,37.59039592,22.0,1374,,101,78.0,3.18,78.0,0.2,679.7539949,3911914.0,,,0.423,6.1
Sudan,2009,Developing,62.0,248,63,1.99,17.0536929,72.0,68,,94,81.0,8.4,81.0,0.3,1226.884381,3365619.0,,,0.456,6.8
Sudan,2002,Developing,59.4,277,70,1.59,30.62287548,,4529,,106,6.0,2.95,6.0,0.2,412.1517561,28679565.0,,,0.403,5.6
Sudan,2010,Developing,62.5,243,62,1.77,172.0097884,75.0,680,,92,9.0,7.97,9.0,0.3,1476.47887,34385963.0,,,0.461,7.0
Sudan,2006,Developing,61.0,26,66,1.9,60.3368571,6.0,228,,99,77.0,3.93,78.0,0.2,893.8793645,316764.0,,,0.43,6.2
Suriname,2015,Developing,71.6,176,0,,0.0,89.0,0,58.3,0,89.0,,89.0,0.4,8818.982566,55328.0,3.5,3.5,0.723,12.7
Suriname,2008,Developing,69.8,196,0,4.94,815.4355995,84.0,0,53.3,0,85.0,5.92,85.0,1.2,6858.163158,515148.0,3.5,3.4,0.691,11.9
Suriname,2013,Developing,71.2,179,0,6.02,1122.972967,86.0,0,57.0,0,86.0,5.96,86.0,0.4,9484.56898,54254.0,3.5,3.5,0.719,12.7
Suriname,2004,Developing,68.3,214,0,4.55,4.23257668,,0,5.4,0,84.0,6.88,85.0,0.9,36.48773,49363.0,3.5,3.5,0.0,11.1
Suriname,2006,Developing,69.3,199,0,4.52,72.800168,84.0,0,51.8,0,84.0,6.22,84.0,0.6,527.92,5437.0,3.5,3.4,0.678,11.5
Suriname,2009,Developing,70.0,196,0,5.13,885.0739766,87.0,0,54.1,0,85.0,6.14,87.0,0.6,7443.85178,52619.0,3.5,3.4,0.696,12.1
Suriname,2010,Developing,73.0,19,0,5.26,99.08095375,86.0,0,54.8,0,96.0,5.81,96.0,0.5,833.31332,52613.0,3.5,3.4,0.7,12.3
Suriname,2002,Developing,67.9,221,0,4.41,250.7112373,,0,49.0,0,74.0,7.14,73.0,1.6,2232.513244,48344.0,3.5,3.5,0.0,11.0
Swaziland,2012,Developing,56.5,412,2,0.01,720.2333929,95.0,0,3.7,3,92.0,8.76,95.0,12.2,3851.51547,1248158.0,4.8,4.9,0.534,11.3
Swaziland,2001,Developing,47.1,568,3,6.72,143.6197316,86.0,49,26.3,4,87.0,5.11,84.0,48.8,1437.634951,172927.0,9.0,9.2,0.506,9.3
Swaziland,2004,Developing,45.6,69,3,5.78,37.43857664,93.0,0,27.4,4,88.0,5.88,86.0,50.3,2529.633557,19553.0,7.7,7.9,0.492,9.4
Swaziland,2005,Developing,46.0,63,3,5.08,372.1651473,95.0,0,27.8,4,88.0,6.8,86.0,49.1,2873.862141,115873.0,7.3,7.5,0.495,9.7
Swaziland,2011,Developing,55.0,438,2,5.2,735.7090978,91.0,0,3.2,3,85.0,8.61,91.0,15.7,3934.27325,1225258.0,5.1,5.2,0.526,11.2
Swaziland,2006,Developing,47.8,564,3,5.53,437.0802438,93.0,0,28.2,4,88.0,6.81,87.0,43.7,2937.36723,112514.0,6.9,7.1,0.502,9.9
Swaziland,2002,Developing,46.4,587,3,5.52,131.0421269,88.0,37,26.7,4,87.0,5.16,85.0,49.9,1324.996228,1893.0,8.6,8.8,0.502,9.2
Swaziland,2010,Developing,53.6,459,2,4.93,56.93670561,89.0,313,29.7,4,89.0,8.47,89.0,21.6,369.239336,122843.0,5.4,5.6,0.523,11.0
Sweden,2010,Developed,81.5,58,0,7.2,778.2477467,,6,57.3,0,98.0,9.47,98.0,0.1,5276.25591,9378126.0,1.3,1.3,0.895,15.8
Sweden,2001,Developed,79.8,73,0,6.6,3554.546434,,5,53.4,0,99.0,8.86,99.0,0.1,26969.24457,889596.0,1.3,1.3,0.877,15.9
Sweden,2002,Developed,79.9,71,0,6.9,3998.09987,,9,53.9,0,99.0,9.23,99.0,0.1,29571.7446,8924958.0,1.3,1.3,0.88,15.9
Sweden,2014,Developed,82.3,54,0,7.3,1142.212403,67.0,26,59.0,0,98.0,11.93,98.0,0.1,5918.19898,969611.0,1.5,1.3,0.906,15.8
Sweden,2012,Developed,81.7,57,0,7.4,10947.02327,53.0,30,58.1,0,98.0,11.8,98.0,0.1,57134.777,9519374.0,1.4,1.3,0.903,15.8
Sweden,2003,Developed,82.0,69,0,6.9,5067.411418,,3,54.4,0,99.0,9.31,99.0,0.1,36961.42537,8958229.0,1.3,1.3,0.882,15.9
Sweden,2005,Developed,85.0,66,0,6.5,599.0392403,,13,55.3,0,98.0,9.6,98.0,0.1,4385.35315,929572.0,1.3,1.3,0.89,16.0
Sweden,2008,Developed,81.1,62,0,6.9,8105.590882,,25,56.5,0,98.0,9.23,98.0,0.1,55746.84238,9219637.0,1.3,1.3,0.897,15.7
Switzerland,2003,Developed,85.0,72,0,10.82,842.2768087,,574,52.3,0,95.0,1.93,93.0,0.1,4796.56497,73391.0,0.6,0.5,0.889,15.0
Switzerland,2009,Developed,82.1,6,0,10.15,14714.82588,,958,55.0,0,96.0,11.0,95.0,0.1,69672.471,7743831.0,0.5,0.4,0.916,15.3
Switzerland,2005,Developed,81.1,66,0,10.15,10055.34981,,60,53.2,0,94.0,1.86,94.0,0.1,54797.54663,7437115.0,0.6,0.4,0.899,15.2
Switzerland,2015,Developed,83.4,49,0,,0.0,,35,57.4,0,97.0,,97.0,0.1,8989.8424,8282396.0,0.4,0.3,0.938,16.0
Switzerland,2012,Developed,82.7,54,0,9.86,18379.32974,,61,56.2,0,96.0,11.59,96.0,0.1,83164.38795,7996861.0,0.5,0.3,0.932,15.7
Switzerland,2010,Developed,82.3,57,0,10.01,2198.590865,,77,55.4,0,96.0,11.7,95.0,0.1,74276.71842,782499.0,0.5,0.4,0.92,15.4
Switzerland,2001,Developed,82.0,75,0,11.12,6478.346135,,700,51.3,0,95.0,1.28,93.0,0.1,38538.64447,7229854.0,0.7,0.5,0.888,15.2
Switzerland,2004,Developed,81.0,69,0,10.55,9495.540576,,39,52.8,0,95.0,1.96,93.0,0.1,53255.97631,7389625.0,0.6,0.4,0.895,15.1
Syrian Arab Republic,2006,Developing,73.7,123,8,0.97,122.6523334,83.0,517,48.5,10,83.0,3.78,8.0,0.1,1762.24617,18914977.0,6.4,6.3,0.636,11.4
Syrian Arab Republic,2008,Developing,73.8,122,8,0.8,0.0,83.0,19,5.4,9,83.0,3.4,79.0,0.1,,2325443.0,6.4,6.2,0.651,11.6
Syrian Arab Republic,2015,Developing,64.5,293,6,,0.0,41.0,45,57.1,8,5.0,,41.0,0.1,,18734987.0,6.3,6.1,0.553,9.0
Syrian Arab Republic,2001,Developing,72.7,135,10,1.29,93.50075111,8.0,290,44.6,11,83.0,4.92,82.0,0.1,1258.421953,16766899.0,6.7,6.5,0.589,10.1
Syrian Arab Republic,2013,Developing,63.6,37,7,0.01,0.0,71.0,740,55.2,9,5.0,3.25,41.0,0.1,,1989141.0,6.3,6.1,0.635,13.0
Syrian Arab Republic,2005,Developing,73.5,127,9,0.92,116.2585943,83.0,375,47.6,10,83.0,4.11,8.0,0.1,1577.457182,18294611.0,6.5,6.3,0.624,11.0
Syrian Arab Republic,2003,Developing,73.0,134,9,1.29,94.75639211,81.0,801,46.0,11,85.0,5.12,83.0,0.1,1253.39143,17415266.0,6.6,6.4,0.599,10.3
Syrian Arab Republic,2000,Developing,72.6,136,10,1.41,81.7274712,79.0,146,43.9,12,86.0,4.92,84.0,0.1,1177.629268,1641848.0,6.8,6.6,0.588,10.0
Tajikistan,2015,Developing,69.7,161,10,,0.0,96.0,3,4.7,11,96.0,,96.0,0.2,918.6771543,8548651.0,3.6,3.7,0.625,11.3
Tajikistan,2008,Developing,66.4,178,10,0.32,4.153362912,86.0,0,35.3,12,87.0,5.58,86.0,0.3,76.914128,739728.0,3.8,3.8,0.592,10.8
Tajikistan,2001,Developing,64.0,194,13,0.86,1.142003812,,38,31.6,16,84.0,4.59,85.0,0.3,17.8159721,6327125.0,4.1,4.1,0.535,9.7
Tajikistan,2014,Developing,69.6,162,10,0.01,7.829008596,97.0,0,39.9,11,94.0,6.88,97.0,0.2,114.45919,8362745.0,3.6,3.7,0.622,11.3
Tajikistan,2010,Developing,67.3,171,10,0.32,43.34099958,93.0,0,36.6,12,95.0,6.4,93.0,0.2,738.3475227,764163.0,3.7,3.8,0.603,11.1
Tajikistan,2003,Developing,65.2,182,11,0.36,13.25723997,58.0,2144,32.5,14,82.0,4.46,85.0,0.3,236.314438,6576877.0,4.0,4.0,0.553,10.1
Tajikistan,2006,Developing,65.9,183,10,0.38,2.626234903,88.0,3,34.1,12,76.0,5.7,83.0,0.3,44.2872665,7557.0,3.8,3.9,0.579,10.7
Tajikistan,2002,Developing,64.3,193,12,0.6,10.68147485,39.0,927,32.1,15,84.0,4.48,85.0,0.3,189.3878519,6447688.0,4.0,4.0,0.543,9.8
Thailand,2010,Developing,73.9,158,10,5.95,71.6850913,98.0,2583,27.9,12,99.0,3.81,99.0,0.2,575.32176,672888.0,8.2,8.3,0.711,13.1
Thailand,2006,Developing,73.0,168,13,6.18,433.9210918,96.0,3588,23.6,15,98.0,3.49,98.0,0.5,3368.952576,65824164.0,8.7,8.9,0.686,12.4
Thailand,2015,Developing,74.9,148,8,,0.0,99.0,154,33.6,9,99.0,,99.0,0.1,5814.863134,686576.0,7.7,7.7,0.738,13.6
Thailand,2001,Developing,71.2,194,17,5.92,176.0625201,95.0,7319,19.4,20,97.0,3.32,96.0,0.8,1893.145377,63543322.0,9.3,9.6,0.649,11.2
Thailand,2009,Developing,73.7,16,11,5.88,547.2101411,98.0,6071,26.8,12,99.0,4.11,99.0,0.3,4212.5492,66881867.0,8.3,8.5,0.706,13.0
Thailand,2004,Developing,71.6,189,14,6.17,301.3597791,96.0,4165,21.7,16,98.0,3.51,98.0,0.5,2659.83918,652231.0,9.0,9.2,0.674,11.9
Thailand,2014,Developing,74.6,152,8,6.41,789.0772949,99.0,0,32.4,10,99.0,4.12,99.0,0.1,5941.8471,68416772.0,7.8,7.8,0.737,13.6
Thailand,2007,Developing,73.3,165,12,6.2,520.7639087,96.0,3893,24.6,14,98.0,3.56,98.0,0.4,3972.26475,66195615.0,8.6,8.8,0.687,12.3
The former Yugoslav republic of Macedonia,2013,Developing,75.3,14,0,1.03,0.0,97.0,4,59.1,0,98.0,6.7,98.0,0.1,,,2.2,2.2,0.741,12.9
The former Yugoslav republic of Macedonia,2008,Developing,74.2,111,0,1.72,0.0,97.0,27,56.4,0,96.0,6.85,95.0,0.1,,,2.4,2.4,0.714,12.2
The former Yugoslav republic of Macedonia,2000,Developing,72.6,125,0,2.86,0.0,,36,52.7,0,96.0,8.52,95.0,0.1,,,2.8,2.8,0.0,11.7
The former Yugoslav republic of Macedonia,2010,Developing,74.7,18,0,1.47,0.0,9.0,217,57.4,0,95.0,6.83,95.0,0.1,,,2.3,2.3,0.732,13.0
The former Yugoslav republic of Macedonia,2011,Developing,74.9,17,0,1.16,0.0,96.0,701,57.9,0,97.0,6.61,96.0,0.1,,,2.2,2.3,0.735,12.9
The former Yugoslav republic of Macedonia,2014,Developing,75.5,12,0,1.13,0.0,97.0,116,59.7,0,96.0,6.48,95.0,0.1,,,2.2,2.2,0.743,12.9
The former Yugoslav republic of Macedonia,2015,Developing,75.7,12,0,,0.0,92.0,1,6.3,0,92.0,,91.0,0.1,,,2.1,2.1,0.746,12.9
The former Yugoslav republic of Macedonia,2002,Developing,72.8,128,0,2.53,0.0,,19,53.6,0,97.0,9.1,96.0,0.1,,,2.7,2.7,0.0,11.9
Timor-Leste,2013,Developing,67.7,158,2,0.01,3.379874844,82.0,4,16.6,2,82.0,1.29,82.0,0.1,117.765674,1184366.0,11.1,11.2,0.62,12.5
Timor-Leste,2002,Developing,62.0,261,3,0.48,5.649123424,,0,12.6,4,38.0,3.89,54.0,0.1,48.61552,923825.0,12.1,12.1,0.475,9.8
Timor-Leste,2014,Developing,68.0,155,2,0.01,28.14578503,77.0,47,17.0,2,76.0,1.48,77.0,0.1,1153.51578,1212814.0,1.9,11.1,0.612,12.5
Timor-Leste,2001,Developing,59.4,269,3,0.5,6.556583478,,0,12.3,4,,3.75,,0.1,56.4249869,892531.0,12.1,12.2,0.47,9.8
Timor-Leste,2012,Developing,67.4,159,2,0.01,30.17998548,83.0,16,16.2,2,83.0,1.1,83.0,0.1,1117.77724,115676.0,11.2,11.3,0.618,12.5
Timor-Leste,2003,Developing,61.0,25,3,0.44,46.3913277,,94,12.9,4,55.0,2.48,55.0,0.1,471.4565823,96852.0,12.1,12.1,0.485,9.8
Timor-Leste,2011,Developing,67.2,161,2,0.5,2.726570602,67.0,763,15.8,3,66.0,0.76,67.0,0.1,114.56179,1131523.0,11.3,11.4,0.607,12.5
Timor-Leste,2007,Developing,65.8,173,2,0.05,11.75766897,,0,14.2,3,7.0,0.37,7.0,0.1,524.8959363,164973.0,11.8,11.8,0.541,11.3
Togo,2012,Developing,58.9,294,14,0.01,41.60027954,84.0,238,22.6,21,84.0,5.11,84.0,1.7,563.6894247,6859482.0,7.0,6.8,0.464,12.0
Togo,2011,Developing,58.3,34,14,1.44,39.08258546,85.0,187,22.0,21,85.0,5.21,85.0,2.6,562.3393592,6679282.0,7.1,7.0,0.457,11.5
Togo,2010,Developing,57.4,323,14,1.21,41.96145465,83.0,120,21.4,21,83.0,5.37,83.0,3.8,487.9238913,652952.0,7.3,7.2,0.449,11.0
Togo,2009,Developing,56.7,336,14,1.24,77.09551224,78.0,425,2.9,22,78.0,6.64,78.0,4.3,499.6468713,633472.0,7.5,7.4,0.442,10.6
Togo,2013,Developing,59.4,287,14,0.01,48.73047089,84.0,564,23.1,20,84.0,5.12,84.0,1.5,579.43485,742948.0,6.8,6.6,0.47,12.0
Togo,2014,Developing,59.7,285,13,0.01,4.877350139,87.0,577,23.7,20,85.0,5.25,87.0,1.0,62.1318489,7228915.0,6.6,6.4,0.475,12.0
Togo,2015,Developing,59.9,287,13,,0.0,88.0,20,24.3,20,88.0,,88.0,1.0,551.138346,741682.0,6.5,6.2,0.484,12.0
Togo,2004,Developing,54.9,355,15,1.01,3.989928468,,61,18.4,22,71.0,5.6,71.0,5.1,349.9937253,5534598.0,8.6,8.5,0.432,10.0
Tonga,2011,Developing,72.9,14,0,0.96,7.033980828,82.0,0,73.3,0,84.0,4.6,82.0,0.1,445.18866,14577.0,0.1,0.1,0.712,14.4
Tonga,2008,Developing,72.6,145,0,1.1,569.6255035,84.0,0,71.5,0,88.0,5.13,86.0,0.1,3392.64743,135.0,0.1,0.1,0.698,14.5
Tonga,2005,Developing,72.3,15,0,1.57,689.9440223,89.0,0,69.4,0,9.0,6.52,89.0,0.1,2594.74999,1141.0,0.1,0.1,0.694,14.6
Tonga,2010,Developing,72.8,142,0,1.24,471.8307668,82.0,0,72.7,0,84.0,4.59,82.0,0.1,3547.59975,14137.0,0.1,0.1,0.707,14.4
Tonga,2003,Developing,72.0,153,0,1.79,45.85105771,85.0,0,67.8,0,91.0,5.9,9.0,0.1,229.714718,99789.0,0.1,0.1,0.683,13.7
Tonga,2015,Developing,73.5,133,0,,0.0,78.0,0,75.2,0,8.0,,78.0,0.1,493.775387,16364.0,0.1,0.1,0.718,14.3
Tonga,2002,Developing,71.9,155,0,1.51,310.8203382,88.0,0,67.0,0,85.0,5.3,84.0,0.1,1842.44421,99184.0,0.1,0.1,0.679,13.5
Tonga,2001,Developing,71.8,157,0,1.35,330.1007394,91.0,4,66.2,0,91.0,5.66,89.0,0.1,1837.977391,98611.0,0.1,0.1,0.674,13.2
Trinidad and Tobago,2006,Developing,69.6,188,0,6.35,103.3710689,89.0,0,38.4,0,89.0,4.49,92.0,0.6,1495.96337,133144.0,6.2,6.6,0.751,12.3
Trinidad and Tobago,2002,Developing,69.2,192,0,5.12,72.03911741,5.0,0,35.2,1,96.0,5.0,96.0,2.0,749.626612,1277837.0,6.5,7.0,0.721,11.9
Trinidad and Tobago,2001,Developing,69.1,194,0,4.55,516.7112481,,0,34.4,1,91.0,4.4,91.0,1.2,6935.721451,127238.0,6.6,7.1,0.715,11.8
Trinidad and Tobago,2007,Developing,69.7,187,0,6.37,136.8836683,89.0,0,39.3,0,9.0,4.82,88.0,0.7,1653.1844,13926.0,6.1,6.5,0.76,12.4
Trinidad and Tobago,2012,Developing,78.0,174,0,6.7,1486.236406,92.0,0,44.0,0,91.0,5.78,92.0,0.4,19152.531,1341588.0,5.9,6.1,0.772,12.6
Trinidad and Tobago,2000,Developing,69.1,197,0,4.68,43.59522964,,0,33.6,1,9.0,4.17,9.0,0.9,643.947262,1267984.0,6.7,7.2,0.709,11.7
Trinidad and Tobago,2005,Developing,69.5,189,0,6.12,1187.949491,95.0,0,37.6,0,95.0,5.31,95.0,0.5,12323.1275,1296934.0,6.3,6.7,0.745,12.3
Trinidad and Tobago,2008,Developing,69.9,185,0,6.41,1902.693048,9.0,0,4.2,0,91.0,4.4,9.0,0.3,21188.11857,1315372.0,6.1,6.4,0.767,12.4
Tunisia,2008,Developing,74.7,12,3,1.37,53.08451654,99.0,2,54.7,3,99.0,5.63,99.0,0.1,431.9326,147336.0,6.3,6.3,0.701,14.3
Tunisia,2015,Developing,75.3,1,3,,0.0,98.0,16,61.2,3,98.0,,98.0,0.1,3828.91589,11273661.0,6.5,6.4,0.723,14.6
Tunisia,2012,Developing,74.9,13,3,1.3,585.8776761,97.0,48,58.3,3,97.0,7.18,97.0,0.1,4137.55421,1886668.0,6.4,6.3,0.717,14.6
Tunisia,2010,Developing,74.8,12,3,1.28,64.85616718,98.0,1,56.5,3,98.0,6.54,98.0,0.1,414.15177,1639931.0,6.3,6.3,0.71,14.4
Tunisia,2005,Developing,74.2,14,3,1.37,379.5139945,97.0,15,52.2,4,98.0,5.57,98.0,0.1,3194.562243,112482.0,6.4,6.3,0.683,13.9
Tunisia,2006,Developing,74.4,12,3,1.46,420.1153538,99.0,3,53.1,4,99.0,5.64,99.0,0.1,3371.71231,1196136.0,6.3,6.3,0.689,14.2
Tunisia,2011,Developing,74.8,13,3,1.29,623.2120325,98.0,11,57.4,3,98.0,7.15,98.0,0.1,4256.91279,1761467.0,6.4,6.3,0.714,14.5
Tunisia,2009,Developing,74.7,12,3,1.4,585.6307861,99.0,1,55.6,3,99.0,6.18,99.0,0.1,4129.977335,1521834.0,6.3,6.3,0.706,14.4
Turkey,2001,Developing,78.0,14,41,1.49,256.4341746,77.0,30509,54.3,50,88.0,5.16,88.0,0.1,3119.63716,64191474.0,5.2,5.1,0.653,11.1
Turkey,2006,Developing,72.8,126,28,1.29,103.523776,82.0,34,58.5,34,9.0,5.81,9.0,0.1,834.869161,6876345.0,5.0,4.8,0.687,11.9
Turkey,2002,Developing,71.2,138,38,1.47,35.55729,72.0,7823,55.1,46,78.0,5.36,78.0,0.1,366.57,6514354.0,5.2,5.0,0.658,11.5
Turkey,2004,Developing,72.0,132,33,1.35,1.132766775,77.0,8927,56.8,39,85.0,5.37,85.0,0.1,64.72953,677855.0,5.1,4.9,0.675,12.0
Turkey,2011,Developing,74.5,114,20,1.53,1275.877569,96.0,111,62.8,23,97.0,5.29,97.0,0.1,11341.13395,7349455.0,4.9,4.7,0.737,13.8
Turkey,2003,Developing,71.6,135,35,1.42,459.1113061,68.0,5844,55.9,43,69.0,5.34,68.0,0.1,4718.51291,668583.0,5.1,5.0,0.668,11.9
Turkey,2010,Developing,74.2,116,21,1.49,32.78235828,96.0,7,61.9,25,97.0,5.61,97.0,0.1,1672.5693,72326914.0,4.9,4.7,0.715,13.0
Turkey,2014,Developing,75.5,17,16,1.45,181.9083783,96.0,565,65.3,19,96.0,5.41,96.0,0.1,12127.22522,773628.0,4.9,4.7,0.759,14.5
Turkmenistan,2006,Developing,63.7,245,6,2.71,29.27235366,98.0,48,41.3,8,98.0,2.9,98.0,0.1,2136.66815,48115.0,3.3,3.3,0.0,10.4
Turkmenistan,2001,Developing,64.0,221,7,2.35,106.180706,,9,38.1,9,94.0,3.87,95.0,0.1,774.4763388,45648.0,3.6,3.5,0.0,10.2
Turkmenistan,2014,Developing,66.0,217,7,2.9,691.1333535,97.0,0,47.7,8,98.0,2.7,98.0,0.1,7962.365824,5466241.0,3.3,3.3,0.683,10.8
Turkmenistan,2003,Developing,63.4,231,7,2.88,179.6156482,97.0,1,39.4,8,66.0,3.85,83.0,0.1,1283.885977,4655741.0,3.5,3.4,0.0,10.3
Turkmenistan,2004,Developing,63.5,238,6,2.86,186.1013972,96.0,1,4.0,8,98.0,4.3,97.0,0.1,1453.917166,473398.0,3.4,3.4,0.0,10.3
Turkmenistan,2011,Developing,65.6,217,7,2.55,490.4181326,97.0,0,45.0,8,97.0,1.98,97.0,0.1,5649.978486,517461.0,3.2,3.3,0.665,10.6
Turkmenistan,2000,Developing,63.8,224,7,2.9,88.2436347,,113,37.5,9,98.0,3.94,97.0,0.1,643.17518,4516131.0,3.6,3.6,0.0,0.0
Turkmenistan,2009,Developing,65.6,215,6,2.35,37.88466056,97.0,0,43.4,8,97.0,1.88,96.0,0.1,436.459223,5795.0,3.2,3.3,0.0,10.5
Uganda,2015,Developing,62.3,291,66,,0.0,78.0,478,18.5,93,82.0,,78.0,3.1,693.8963829,414487.0,5.6,5.6,0.488,10.0
Uganda,2009,Developing,57.5,378,82,9.63,87.04534954,79.0,1601,15.9,124,78.0,8.43,79.0,8.1,647.17732,32771895.0,6.1,6.1,0.464,10.8
Uganda,2006,Developing,54.9,41,93,9.81,50.83901418,64.0,5736,14.8,145,62.0,9.86,64.0,8.6,336.4593923,2955662.0,6.4,6.4,0.434,10.6
Uganda,2007,Developing,55.5,41,88,9.65,6.002527685,73.0,3776,15.2,137,7.0,9.76,73.0,8.4,41.858631,359487.0,6.3,6.3,0.442,10.3
Uganda,2003,Developing,51.0,53,109,10.16,4.426792406,44.0,29429,13.9,173,57.0,7.54,59.0,9.4,237.9995917,2662482.0,6.7,6.7,0.418,11.5
Uganda,2012,Developing,60.0,339,73,0.01,92.88697859,78.0,2027,17.2,109,82.0,7.58,78.0,4.6,647.74741,3636796.0,5.8,5.8,0.477,10.0
Uganda,2002,Developing,48.8,523,112,10.42,2.690897842,29.0,49871,13.6,181,57.0,7.78,57.0,10.0,24.2423229,2571848.0,6.8,6.8,0.404,11.0
Uganda,2013,Developing,67.0,325,71,0.01,90.76144414,78.0,7878,17.6,103,82.0,7.47,78.0,4.0,662.492293,37553726.0,5.7,5.7,0.478,10.0
Ukraine,2006,Developing,67.7,267,5,7.99,29.38172706,96.0,42724,56.8,6,99.0,6.39,98.0,0.8,233.18831,4678775.0,2.6,2.7,0.716,14.7
Ukraine,2007,Developing,67.5,277,5,8.86,46.19685449,92.0,1005,57.2,6,98.0,6.36,98.0,0.7,368.68998,465935.0,2.5,2.7,0.723,14.8
Ukraine,2008,Developing,67.7,273,5,9.46,456.4586664,84.0,48,57.6,6,91.0,6.63,9.0,0.4,3891.37823,462582.0,2.5,2.6,0.73,14.9
Ukraine,2011,Developing,75.0,24,5,8.48,415.1627705,21.0,1333,59.0,5,54.0,6.98,5.0,0.2,3569.75727,45761.0,2.4,2.5,0.734,14.9
Ukraine,2012,Developing,77.0,25,5,8.44,453.7830847,46.0,12746,59.6,5,72.0,7.47,76.0,0.2,3855.42128,455933.0,2.4,2.4,0.739,15.1
Ukraine,2005,Developing,67.0,278,5,7.31,217.4345257,97.0,2392,56.4,6,95.0,6.41,96.0,0.9,1828.717626,471515.0,2.7,2.8,0.707,14.5
Ukraine,2002,Developing,67.6,256,6,4.89,115.738974,48.0,7587,55.4,7,99.0,6.25,99.0,0.9,879.475486,48225.0,2.9,3.0,0.683,13.9
Ukraine,2003,Developing,67.6,256,6,5.92,21.22386354,77.0,411,55.7,6,99.0,6.93,97.0,0.9,148.522488,4781295.0,2.8,2.9,0.691,14.3
United Arab Emirates,2010,Developing,76.2,82,1,1.69,308.0660742,94.0,87,55.8,1,94.0,3.93,94.0,0.1,3549.14832,,5.1,4.9,0.826,13.3
United Arab Emirates,2014,Developing,76.9,77,1,1.91,3862.68271,99.0,344,62.4,1,99.0,3.64,99.0,0.1,44449.7435,,5.2,5.0,0.832,13.3
United Arab Emirates,2013,Developing,76.7,78,1,1.82,377.2009132,98.0,0,6.5,1,98.0,3.49,98.0,0.1,4335.64268,,5.2,5.0,0.829,13.3
United Arab Emirates,2002,Developing,74.7,11,1,1.72,2598.842827,92.0,53,56.0,1,94.0,2.72,94.0,0.1,31311.35936,,5.3,5.0,0.803,12.1
United Arab Emirates,2008,Developing,75.8,85,1,1.86,4003.908598,92.0,55,54.8,1,94.0,2.93,92.0,0.1,45758.9554,,5.1,4.9,0.829,13.1
United Arab Emirates,2015,Developing,77.1,75,1,,0.0,99.0,347,64.2,1,99.0,,99.0,0.1,3911.74689,,5.3,5.1,0.836,13.3
United Arab Emirates,2001,Developing,74.5,14,1,1.67,243.7539129,92.0,30,55.0,1,94.0,2.48,94.0,0.1,3161.52935,,5.3,5.1,0.798,12.0
United Arab Emirates,2005,Developing,75.3,92,1,1.79,3427.320332,92.0,29,56.6,1,94.0,2.32,94.0,0.1,39439.8197,,5.1,4.9,0.818,12.6
United Kingdom of Great Britain and Northern Ireland,2001,Developed,78.0,88,4,10.91,0.0,,73,58.2,4,91.0,7.31,91.0,0.1,,,0.7,0.5,,
United Kingdom of Great Britain and Northern Ireland,2000,Developed,77.8,89,4,10.59,0.0,,104,57.5,5,91.0,6.94,91.0,0.1,,,0.7,0.5,,
United Kingdom of Great Britain and Northern Ireland,2007,Developed,79.5,8,4,11.84,0.0,,1022,61.9,4,92.0,8.42,92.0,0.1,,,0.7,0.5,,
United Kingdom of Great Britain and Northern Ireland,2014,Developed,81.0,71,3,10.37,0.0,,133,66.0,4,95.0,9.12,95.0,0.1,,,0.8,0.5,,
United Kingdom of Great Britain and Northern Ireland,2006,Developed,79.3,82,4,11.61,0.0,,764,61.3,4,92.0,8.36,92.0,0.1,,,0.7,0.5,,
United Kingdom of Great Britain and Northern Ireland,2015,Developed,81.2,69,3,10.66,0.0,,91,66.6,4,96.0,,96.0,0.1,,,0.8,0.6,,
United Kingdom of Great Britain and Northern Ireland,2005,Developed,79.0,82,4,12.05,0.0,,79,6.7,4,91.0,8.24,91.0,0.1,,,0.7,0.5,,
United Kingdom of Great Britain and Northern Ireland,2012,Developed,86.0,72,3,10.42,0.0,,2092,64.8,4,95.0,9.41,95.0,0.1,,,0.8,0.5,,
United Republic of Tanzania,2007,Developing,54.5,411,94,4.4,0.0,83.0,7726,19.1,141,88.0,4.72,83.0,8.5,,,7.5,7.4,,
United Republic of Tanzania,2004,Developing,51.5,454,100,3.81,0.0,95.0,1419,17.7,154,95.0,4.1,95.0,10.8,,,7.8,7.8,,
United Republic of Tanzania,2013,Developing,59.7,323,86,4.2,0.0,91.0,185,22.5,124,91.0,5.57,91.0,2.1,,,6.8,6.7,,
United Republic of Tanzania,2005,Developing,52.2,449,97,3.94,0.0,9.0,23,18.1,149,91.0,4.66,9.0,10.0,,,7.7,7.6,,
United Republic of Tanzania,2003,Developing,58.0,459,103,2.34,0.0,95.0,1673,17.2,160,97.0,4.6,95.0,11.5,,,7.9,7.9,,
United Republic of Tanzania,2006,Developing,53.1,437,96,4.07,0.0,9.0,2362,18.6,145,91.0,6.86,9.0,9.4,,,7.6,7.5,,
United Republic of Tanzania,2002,Developing,52.0,46,106,3.37,0.0,89.0,5131,16.8,166,91.0,3.59,89.0,12.1,,,8.0,8.0,,
United Republic of Tanzania,2012,Developing,58.6,348,87,3.98,0.0,92.0,1668,21.9,126,9.0,5.72,92.0,2.4,,,6.9,6.8,,
United States of America,2008,Developed,78.2,18,27,8.74,0.0,94.0,140,65.7,31,94.0,16.2,96.0,0.1,,,0.7,0.6,,
United States of America,2000,Developed,76.8,114,28,8.21,0.0,9.0,85,6.1,33,9.0,13.7,94.0,0.1,,,0.8,0.7,,
United States of America,2010,Developed,78.7,15,25,8.55,0.0,92.0,63,66.9,30,93.0,17.2,95.0,0.1,,,0.7,0.6,,
United States of America,2004,Developed,77.5,111,28,8.48,0.0,92.0,37,63.1,33,92.0,15.14,96.0,0.1,,,0.7,0.6,,
United States of America,2012,Developed,78.8,16,24,8.82,0.0,9.0,55,68.0,28,93.0,17.2,94.0,0.1,,,0.7,0.6,,
United States of America,2009,Developed,78.5,18,26,8.71,0.0,92.0,71,66.3,31,93.0,17.0,95.0,0.1,,,0.7,0.6,,
United States of America,2013,Developed,78.9,16,23,8.82,0.0,91.0,187,68.6,27,93.0,16.9,94.0,0.1,,,0.7,0.6,,
United States of America,2015,Developed,79.3,13,23,,0.0,92.0,188,69.6,26,93.0,,95.0,0.1,,,0.8,0.6,,
Uruguay,2007,Developing,75.4,124,1,6.67,14.47305874,94.0,0,59.5,1,94.0,8.23,94.0,0.1,79.69746,3339741.0,1.6,1.5,0.76,15.3
Uruguay,2004,Developing,75.4,122,1,5.66,882.356362,94.0,0,57.7,1,95.0,11.59,94.0,0.1,4117.38853,332496.0,1.7,1.6,0.75,15.5
Uruguay,2006,Developing,76.2,117,1,6.58,1712.225506,95.0,0,58.9,1,95.0,11.17,95.0,0.1,5877.87678,333143.0,1.6,1.6,0.756,15.2
Uruguay,2002,Developing,75.4,124,1,5.86,27.46880965,95.0,0,56.3,1,93.0,7.18,95.0,0.1,488.768855,3327773.0,1.7,1.7,0.746,14.7
Uruguay,2015,Developing,77.0,116,0,,0.0,95.0,0,64.0,0,95.0,,95.0,0.1,15524.84247,3431552.0,1.5,1.4,0.794,15.5
Uruguay,2008,Developing,76.4,119,1,6.76,24.73142261,94.0,0,6.1,1,94.0,8.17,94.0,0.1,962.312164,335824.0,1.6,1.5,0.77,15.7
Uruguay,2001,Developing,75.2,123,1,6.48,421.4804282,94.0,0,55.7,1,94.0,7.46,94.0,0.1,6281.37747,332713.0,1.8,1.7,0.742,14.2
Uruguay,2000,Developing,75.1,131,1,6.65,645.9583816,92.0,0,55.0,1,92.0,7.82,9.0,0.1,6871.897677,3321245.0,1.8,1.7,0.738,14.0
Uzbekistan,2000,Developing,67.1,189,30,1.6,48.50941741,,80,34.8,36,99.0,5.29,99.0,0.1,558.221144,24654.0,3.4,3.4,0.0,10.6
Uzbekistan,2007,Developing,67.8,184,22,2.15,9.290983645,99.0,863,38.7,26,98.0,5.81,96.0,0.3,83.476942,26868.0,3.1,3.1,0.631,11.8
Uzbekistan,2014,Developing,69.2,184,16,0.01,0.442802404,99.0,8,43.9,18,99.0,5.84,99.0,0.1,25.448414,37577.0,3.0,3.1,0.69,12.1
Uzbekistan,2004,Developing,67.8,183,24,1.59,34.41887163,99.0,75,37.0,29,99.0,5.11,99.0,0.3,465.1198869,2586435.0,3.2,3.2,0.613,11.6
Uzbekistan,2011,Developing,68.5,183,19,2.83,140.6905284,99.0,476,41.4,22,99.0,5.65,99.0,0.1,1564.966945,293394.0,3.0,3.1,0.664,12.0
Uzbekistan,2015,Developing,69.4,184,15,,0.0,99.0,22,44.7,17,99.0,,99.0,0.1,2137.576852,312989.0,3.0,3.1,0.697,12.1
Uzbekistan,2005,Developing,67.3,192,24,1.78,40.13342094,99.0,737,37.5,28,99.0,5.11,99.0,0.3,546.776852,26167.0,3.2,3.2,0.62,11.7
Uzbekistan,2012,Developing,68.8,184,18,0.01,16.71406295,99.0,0,42.2,21,99.0,6.49,99.0,0.1,174.468298,297745.0,3.0,3.1,0.673,12.0
Vanuatu,2009,Developing,78.0,149,0,0.83,361.0940984,62.0,0,48.2,0,66.0,3.9,66.0,0.1,2643.441423,23785.0,1.5,1.5,0.589,10.7
Vanuatu,2005,Developing,69.9,165,0,0.88,337.2942846,61.0,3,44.9,0,67.0,3.87,68.0,0.1,1886.433359,2937.0,1.6,1.5,0.0,10.6
Vanuatu,2001,Developing,69.1,179,0,0.91,163.105292,68.0,7,41.9,0,67.0,3.37,7.0,0.1,1362.61731,18929.0,1.7,1.6,0.0,10.1
Vanuatu,2003,Developing,69.4,173,0,1.2,27.29839073,64.0,165,43.3,0,67.0,4.2,69.0,0.1,158.52724,198964.0,1.6,1.6,0.0,10.4
Vanuatu,2008,Developing,75.0,153,0,1.18,345.339056,61.0,0,47.4,0,66.0,3.66,67.0,0.1,2697.961375,22534.0,1.5,1.5,0.582,10.7
Vanuatu,2010,Developing,71.0,145,0,0.91,471.8626525,62.0,0,49.1,0,66.0,4.71,65.0,0.1,2965.82434,236295.0,1.5,1.4,0.59,10.8
Vanuatu,2011,Developing,71.2,141,0,0.85,457.9731742,63.0,0,49.9,0,65.0,3.85,65.0,0.1,3275.91684,241871.0,1.5,1.4,0.591,10.8
Vanuatu,2015,Developing,72.0,13,0,,0.0,64.0,39,53.3,0,65.0,,64.0,0.1,285.83414,26463.0,1.5,1.4,0.598,10.8
Venezuela (Bolivarian Republic of),2006,Developing,73.6,163,9,8.27,0.0,71.0,78,57.1,11,73.0,4.85,71.0,0.1,,,1.6,1.6,0.714,12.4
Venezuela (Bolivarian Republic of),2004,Developing,73.3,161,10,7.55,0.0,82.0,0,55.9,11,83.0,4.78,86.0,0.1,,,1.7,1.6,0.687,11.6
Venezuela (Bolivarian Republic of),2009,Developing,73.6,166,9,7.59,0.0,84.0,0,58.8,10,75.0,5.81,84.0,0.1,,,1.6,1.5,0.754,14.0
Venezuela (Bolivarian Republic of),2014,Developing,73.9,158,9,6.47,0.0,78.0,0,61.5,10,79.0,5.26,78.0,0.1,,,1.6,1.5,0.771,14.2
Venezuela (Bolivarian Republic of),2008,Developing,73.2,168,9,8.18,0.0,53.0,0,58.2,10,76.0,3.98,5.0,0.1,,,1.6,1.5,0.745,13.4
Venezuela (Bolivarian Republic of),2011,Developing,73.8,158,9,6.74,0.0,78.0,0,59.9,10,78.0,5.24,78.0,0.1,,,1.6,1.5,0.756,14.1
Venezuela (Bolivarian Republic of),2000,Developing,72.5,168,11,8.01,0.0,5.0,22,53.4,13,86.0,4.91,77.0,0.1,,,1.8,1.7,0.67,10.6
Venezuela (Bolivarian Republic of),2001,Developing,72.5,169,10,8.05,0.0,53.0,115,54.1,12,87.0,5.21,7.0,0.1,,,1.8,1.7,0.672,10.4
Viet Nam,2009,Developing,75.0,134,29,3.86,0.0,94.0,6582,13.4,35,97.0,6.4,96.0,0.1,,,14.6,15.5,0.641,11.7
Viet Nam,2015,Developing,76.0,127,28,,0.0,97.0,256,17.5,35,97.0,,97.0,0.1,,,14.2,14.5,0.678,12.6
Viet Nam,2001,Developing,73.6,138,32,1.84,0.0,,12058,9.6,41,96.0,5.17,96.0,0.1,,,15.7,16.4,0.576,10.6
Viet Nam,2005,Developing,74.4,136,29,2.7,0.0,94.0,410,11.3,36,94.0,5.38,95.0,0.2,,,15.3,16.0,0.609,11.1
Viet Nam,2006,Developing,74.6,136,28,2.56,0.0,93.0,1978,11.8,35,94.0,5.56,94.0,0.2,,,15.1,15.9,0.618,11.3
Viet Nam,2013,Developing,75.7,129,28,4.0,0.0,59.0,1123,16.0,35,93.0,7.17,59.0,0.1,,,14.3,14.9,0.668,12.3
Viet Nam,2011,Developing,75.4,131,29,3.94,0.0,95.0,750,14.7,36,96.0,6.2,95.0,0.1,,,14.4,15.2,0.655,12.0
Viet Nam,2008,Developing,74.9,135,28,3.58,0.0,87.0,352,12.9,35,93.0,5.53,93.0,0.2,,,14.7,15.7,0.633,11.6
Yemen,2008,Developing,63.8,238,37,0.04,0.0,78.0,7,35.7,47,78.0,5.12,78.0,0.1,,,13.8,13.7,0.48,8.5
Yemen,2015,Developing,65.7,224,37,,0.0,69.0,468,41.3,47,63.0,,69.0,0.1,,,13.6,13.4,0.499,9.0
Yemen,2012,Developing,64.7,236,36,0.04,0.0,67.0,2177,38.7,46,68.0,5.73,67.0,0.1,,,13.7,13.6,0.494,9.0
Yemen,2009,Developing,64.1,235,36,0.03,0.0,76.0,130,36.4,46,76.0,5.32,76.0,0.1,,,13.8,13.7,0.483,8.4
Yemen,2002,Developing,61.5,25,45,0.07,0.0,31.0,890,32.2,61,64.0,4.22,65.0,0.1,,,14.0,14.0,0.45,8.0
Yemen,2005,Developing,62.6,245,40,0.04,0.0,8.0,6285,33.9,53,8.0,4.58,79.0,0.1,,,13.9,13.8,0.47,8.6
Yemen,2003,Developing,61.9,249,43,0.04,0.0,38.0,8536,32.7,58,61.0,5.0,61.0,0.1,,,14.0,13.9,0.457,8.2
Yemen,2010,Developing,64.4,233,35,0.06,0.0,76.0,510,37.2,45,77.0,5.17,76.0,0.1,,,13.7,13.7,0.488,8.5
Zambia,2010,Developing,58.0,363,30,2.47,184.3649102,83.0,15754,2.7,45,8.0,4.41,83.0,6.8,1463.213573,138533.0,6.7,6.5,0.533,11.8
Zambia,2014,Developing,61.1,314,28,0.01,196.6675768,86.0,9,22.8,41,78.0,4.99,86.0,4.3,1738.8822,1562974.0,6.3,6.2,0.57,12.5
Zambia,2006,Developing,58.0,526,33,2.25,1.860003739,81.0,459,18.8,52,83.0,6.11,81.0,15.9,13.154199,12383446.0,7.0,6.9,0.479,10.9
Zambia,2004,Developing,47.9,578,36,2.46,8.369851529,,35,18.0,59,84.0,7.33,83.0,17.6,53.2772217,11731746.0,7.2,7.1,0.456,10.5
Zambia,2005,Developing,49.3,554,34,2.33,121.879331,82.0,45,18.4,55,84.0,7.56,82.0,17.0,691.3178164,1252156.0,7.1,7.0,0.467,10.7
Zambia,2015,Developing,61.8,33,27,,0.0,9.0,9,23.4,40,9.0,,9.0,4.1,1313.889646,161587.0,6.3,6.1,0.576,12.5
Zambia,2012,Developing,59.2,349,29,2.59,196.9152496,78.0,896,21.7,43,7.0,4.91,78.0,5.6,1734.93612,14699937.0,6.5,6.3,0.554,12.3
Zambia,2008,Developing,55.7,45,31,2.12,153.6783754,87.0,140,19.7,49,9.0,4.87,87.0,11.9,1369.68249,1382517.0,6.8,6.7,0.504,11.4
Zimbabwe,2000,Developing,46.0,665,24,1.68,0.0,79.0,1483,25.5,39,78.0,7.1,78.0,43.5,547.3588785,12222251.0,11.0,11.2,0.434,9.8
Zimbabwe,2007,Developing,46.6,67,29,3.88,29.81456607,72.0,242,28.2,46,73.0,4.47,73.0,23.7,396.9982166,1332999.0,8.2,8.2,0.414,9.6
Zimbabwe,2008,Developing,48.2,632,30,3.56,20.84342867,75.0,0,28.6,46,75.0,4.96,75.0,20.5,325.678573,13558469.0,7.8,7.8,0.421,9.7
Zimbabwe,2013,Developing,58.0,399,25,6.39,10.66670728,95.0,0,3.8,36,95.0,6.88,95.0,6.8,111.227396,155456.0,6.2,6.0,0.488,10.4
Zimbabwe,2006,Developing,45.4,7,28,4.57,34.26216876,68.0,212,27.9,45,71.0,5.12,7.0,26.8,414.796232,13124267.0,8.6,8.6,0.408,9.5
Zimbabwe,2001,Developing,45.3,686,25,1.72,0.0,76.0,529,25.9,39,76.0,6.16,75.0,42.1,548.587312,12366165.0,1.6,1.7,0.427,9.8
Zimbabwe,2014,Developing,59.2,371,23,6.5,10.82259524,91.0,0,31.3,34,92.0,6.44,91.0,6.3,127.47462,15411675.0,5.9,5.7,0.498,10.3
Zimbabwe,2002,Developing,44.8,73,25,4.43,0.0,73.0,304,26.3,40,73.0,6.53,71.0,39.8,57.34834,125525.0,1.2,1.3,0.427,10.0
